{
  "type": "FeatureCollection",
  "name": "VATSIM Cross the Land westbound 2026",
  "features": [
    {
      "type": "Feature",
      "id": "DTTA-LIRF:001",
      "properties": {
        "route_id": "DTTA-LIRF",
        "route_name": "DTTA-LIRF",
        "origin": "DTTA",
        "destination": "LIRF",
        "point_count": 9,
        "source_file": "DTTA-LIRF.gpx",
        "point_id": "DTTA-LIRF:001",
        "sequence": 1,
        "waypoint": "DTTA",
        "point_role": "origin",
        "overfly": false,
        "longitude": 10.226944,
        "latitude": 36.851111
      },
      "geometry": {
        "type": "Point",
        "coordinates": [
          10.226944,
          36.851111
        ]
      }
    },
    {
      "type": "Feature",
      "id": "DTTA-LIRF:002",
      "properties": {
        "route_id": "DTTA-LIRF",
        "route_name": "DTTA-LIRF",
        "origin": "DTTA",
        "destination": "LIRF",
        "point_count": 9,
        "source_file": "DTTA-LIRF.gpx",
        "point_id": "DTTA-LIRF:002",
        "sequence": 2,
        "waypoint": "ICANI",
        "point_role": "enroute",
        "overfly": false,
        "longitude": 10.640556,
        "latitude": 37.236111
      },
      "geometry": {
        "type": "Point",
        "coordinates": [
          10.640556,
          37.236111
        ]
      }
    },
    {
      "type": "Feature",
      "id": "DTTA-LIRF:003",
      "properties": {
        "route_id": "DTTA-LIRF",
        "route_name": "DTTA-LIRF",
        "origin": "DTTA",
        "destination": "LIRF",
        "point_count": 9,
        "source_file": "DTTA-LIRF.gpx",
        "point_id": "DTTA-LIRF:003",
        "sequence": 3,
        "waypoint": "SIRVI",
        "point_role": "enroute",
        "overfly": false,
        "longitude": 10.863333,
        "latitude": 37.442778
      },
      "geometry": {
        "type": "Point",
        "coordinates": [
          10.863333,
          37.442778
        ]
      }
    },
    {
      "type": "Feature",
      "id": "DTTA-LIRF:004",
      "properties": {
        "route_id": "DTTA-LIRF",
        "route_name": "DTTA-LIRF",
        "origin": "DTTA",
        "destination": "LIRF",
        "point_count": 9,
        "source_file": "DTTA-LIRF.gpx",
        "point_id": "DTTA-LIRF:004",
        "sequence": 4,
        "waypoint": "NIBEL",
        "point_role": "enroute",
        "overfly": false,
        "longitude": 10.959167,
        "latitude": 37.742778
      },
      "geometry": {
        "type": "Point",
        "coordinates": [
          10.959167,
          37.742778
        ]
      }
    },
    {
      "type": "Feature",
      "id": "DTTA-LIRF:005",
      "properties": {
        "route_id": "DTTA-LIRF",
        "route_name": "DTTA-LIRF",
        "origin": "DTTA",
        "destination": "LIRF",
        "point_count": 9,
        "source_file": "DTTA-LIRF.gpx",
        "point_id": "DTTA-LIRF:005",
        "sequence": 5,
        "waypoint": "GERMO",
        "point_role": "enroute",
        "overfly": false,
        "longitude": 11.356944,
        "latitude": 39.249722
      },
      "geometry": {
        "type": "Point",
        "coordinates": [
          11.356944,
          39.249722
        ]
      }
    },
    {
      "type": "Feature",
      "id": "DTTA-LIRF:006",
      "properties": {
        "route_id": "DTTA-LIRF",
        "route_name": "DTTA-LIRF",
        "origin": "DTTA",
        "destination": "LIRF",
        "point_count": 9,
        "source_file": "DTTA-LIRF.gpx",
        "point_id": "DTTA-LIRF:006",
        "sequence": 6,
        "waypoint": "BETOT",
        "point_role": "enroute",
        "overfly": false,
        "longitude": 11.631667,
        "latitude": 40.385833
      },
      "geometry": {
        "type": "Point",
        "coordinates": [
          11.631667,
          40.385833
        ]
      }
    },
    {
      "type": "Feature",
      "id": "DTTA-LIRF:007",
      "properties": {
        "route_id": "DTTA-LIRF",
        "route_name": "DTTA-LIRF",
        "origin": "DTTA",
        "destination": "LIRF",
        "point_count": 9,
        "source_file": "DTTA-LIRF.gpx",
        "point_id": "DTTA-LIRF:007",
        "sequence": 7,
        "waypoint": "TURMO",
        "point_role": "enroute",
        "overfly": false,
        "longitude": 11.832778,
        "latitude": 40.861111
      },
      "geometry": {
        "type": "Point",
        "coordinates": [
          11.832778,
          40.861111
        ]
      }
    },
    {
      "type": "Feature",
      "id": "DTTA-LIRF:008",
      "properties": {
        "route_id": "DTTA-LIRF",
        "route_name": "DTTA-LIRF",
        "origin": "DTTA",
        "destination": "LIRF",
        "point_count": 9,
        "source_file": "DTTA-LIRF.gpx",
        "point_id": "DTTA-LIRF:008",
        "sequence": 8,
        "waypoint": "ESINO",
        "point_role": "enroute",
        "overfly": false,
        "longitude": 11.794722,
        "latitude": 41.384719
      },
      "geometry": {
        "type": "Point",
        "coordinates": [
          11.794722,
          41.384719
        ]
      }
    },
    {
      "type": "Feature",
      "id": "DTTA-LIRF:009",
      "properties": {
        "route_id": "DTTA-LIRF",
        "route_name": "DTTA-LIRF",
        "origin": "DTTA",
        "destination": "LIRF",
        "point_count": 9,
        "source_file": "DTTA-LIRF.gpx",
        "point_id": "DTTA-LIRF:009",
        "sequence": 9,
        "waypoint": "LIRF",
        "point_role": "destination",
        "overfly": false,
        "longitude": 12.238889,
        "latitude": 41.800278
      },
      "geometry": {
        "type": "Point",
        "coordinates": [
          12.238889,
          41.800278
        ]
      }
    },
    {
      "type": "Feature",
      "id": "DTTA-ESSA:001",
      "properties": {
        "route_id": "DTTA-ESSA",
        "route_name": "DTTA-ESSA",
        "origin": "DTTA",
        "destination": "ESSA",
        "point_count": 14,
        "source_file": "DTTC-ESSA.gpx",
        "point_id": "DTTA-ESSA:001",
        "sequence": 1,
        "waypoint": "DTTA",
        "point_role": "origin",
        "overfly": false,
        "longitude": 10.226944,
        "latitude": 36.851111
      },
      "geometry": {
        "type": "Point",
        "coordinates": [
          10.226944,
          36.851111
        ]
      }
    },
    {
      "type": "Feature",
      "id": "DTTA-ESSA:002",
      "properties": {
        "route_id": "DTTA-ESSA",
        "route_name": "DTTA-ESSA",
        "origin": "DTTA",
        "destination": "ESSA",
        "point_count": 14,
        "source_file": "DTTC-ESSA.gpx",
        "point_id": "DTTA-ESSA:002",
        "sequence": 2,
        "waypoint": "ICANI",
        "point_role": "enroute",
        "overfly": false,
        "longitude": 10.640556,
        "latitude": 37.236111
      },
      "geometry": {
        "type": "Point",
        "coordinates": [
          10.640556,
          37.236111
        ]
      }
    },
    {
      "type": "Feature",
      "id": "DTTA-ESSA:003",
      "properties": {
        "route_id": "DTTA-ESSA",
        "route_name": "DTTA-ESSA",
        "origin": "DTTA",
        "destination": "ESSA",
        "point_count": 14,
        "source_file": "DTTC-ESSA.gpx",
        "point_id": "DTTA-ESSA:003",
        "sequence": 3,
        "waypoint": "SIRVI",
        "point_role": "enroute",
        "overfly": false,
        "longitude": 10.863333,
        "latitude": 37.442778
      },
      "geometry": {
        "type": "Point",
        "coordinates": [
          10.863333,
          37.442778
        ]
      }
    },
    {
      "type": "Feature",
      "id": "DTTA-ESSA:004",
      "properties": {
        "route_id": "DTTA-ESSA",
        "route_name": "DTTA-ESSA",
        "origin": "DTTA",
        "destination": "ESSA",
        "point_count": 14,
        "source_file": "DTTC-ESSA.gpx",
        "point_id": "DTTA-ESSA:004",
        "sequence": 4,
        "waypoint": "NIBEL",
        "point_role": "enroute",
        "overfly": false,
        "longitude": 10.959167,
        "latitude": 37.742778
      },
      "geometry": {
        "type": "Point",
        "coordinates": [
          10.959167,
          37.742778
        ]
      }
    },
    {
      "type": "Feature",
      "id": "DTTA-ESSA:005",
      "properties": {
        "route_id": "DTTA-ESSA",
        "route_name": "DTTA-ESSA",
        "origin": "DTTA",
        "destination": "ESSA",
        "point_count": 14,
        "source_file": "DTTC-ESSA.gpx",
        "point_id": "DTTA-ESSA:005",
        "sequence": 5,
        "waypoint": "BETOT",
        "point_role": "enroute",
        "overfly": false,
        "longitude": 11.631667,
        "latitude": 40.385833
      },
      "geometry": {
        "type": "Point",
        "coordinates": [
          11.631667,
          40.385833
        ]
      }
    },
    {
      "type": "Feature",
      "id": "DTTA-ESSA:006",
      "properties": {
        "route_id": "DTTA-ESSA",
        "route_name": "DTTA-ESSA",
        "origin": "DTTA",
        "destination": "ESSA",
        "point_count": 14,
        "source_file": "DTTC-ESSA.gpx",
        "point_id": "DTTA-ESSA:006",
        "sequence": 6,
        "waypoint": "CHI",
        "point_role": "enroute",
        "overfly": false,
        "longitude": 12.281444,
        "latitude": 45.071083
      },
      "geometry": {
        "type": "Point",
        "coordinates": [
          12.281444,
          45.071083
        ]
      }
    },
    {
      "type": "Feature",
      "id": "DTTA-ESSA:007",
      "properties": {
        "route_id": "DTTA-ESSA",
        "route_name": "DTTA-ESSA",
        "origin": "DTTA",
        "destination": "ESSA",
        "point_count": 14,
        "source_file": "DTTC-ESSA.gpx",
        "point_id": "DTTA-ESSA:007",
        "sequence": 7,
        "waypoint": "MALUG",
        "point_role": "enroute",
        "overfly": false,
        "longitude": 12.5975,
        "latitude": 46.706111
      },
      "geometry": {
        "type": "Point",
        "coordinates": [
          12.5975,
          46.706111
        ]
      }
    },
    {
      "type": "Feature",
      "id": "DTTA-ESSA:008",
      "properties": {
        "route_id": "DTTA-ESSA",
        "route_name": "DTTA-ESSA",
        "origin": "DTTA",
        "destination": "ESSA",
        "point_count": 14,
        "source_file": "DTTC-ESSA.gpx",
        "point_id": "DTTA-ESSA:008",
        "sequence": 8,
        "waypoint": "MEDEL",
        "point_role": "enroute",
        "overfly": false,
        "longitude": 13.670278,
        "latitude": 48.207222
      },
      "geometry": {
        "type": "Point",
        "coordinates": [
          13.670278,
          48.207222
        ]
      }
    },
    {
      "type": "Feature",
      "id": "DTTA-ESSA:009",
      "properties": {
        "route_id": "DTTA-ESSA",
        "route_name": "DTTA-ESSA",
        "origin": "DTTA",
        "destination": "ESSA",
        "point_count": 14,
        "source_file": "DTTC-ESSA.gpx",
        "point_id": "DTTA-ESSA:009",
        "sequence": 9,
        "waypoint": "OKL",
        "point_role": "enroute",
        "overfly": false,
        "longitude": 14.265608,
        "latitude": 50.095867
      },
      "geometry": {
        "type": "Point",
        "coordinates": [
          14.265608,
          50.095867
        ]
      }
    },
    {
      "type": "Feature",
      "id": "DTTA-ESSA:010",
      "properties": {
        "route_id": "DTTA-ESSA",
        "route_name": "DTTA-ESSA",
        "origin": "DTTA",
        "destination": "ESSA",
        "point_count": 14,
        "source_file": "DTTC-ESSA.gpx",
        "point_id": "DTTA-ESSA:010",
        "sequence": 10,
        "waypoint": "RASAN",
        "point_role": "enroute",
        "overfly": false,
        "longitude": 15.094667,
        "latitude": 51.013753
      },
      "geometry": {
        "type": "Point",
        "coordinates": [
          15.094667,
          51.013753
        ]
      }
    },
    {
      "type": "Feature",
      "id": "DTTA-ESSA:011",
      "properties": {
        "route_id": "DTTA-ESSA",
        "route_name": "DTTA-ESSA",
        "origin": "DTTA",
        "destination": "ESSA",
        "point_count": 14,
        "source_file": "DTTC-ESSA.gpx",
        "point_id": "DTTA-ESSA:011",
        "sequence": 11,
        "waypoint": "PENOR",
        "point_role": "enroute",
        "overfly": false,
        "longitude": 17.161389,
        "latitude": 55.638611
      },
      "geometry": {
        "type": "Point",
        "coordinates": [
          17.161389,
          55.638611
        ]
      }
    },
    {
      "type": "Feature",
      "id": "DTTA-ESSA:012",
      "properties": {
        "route_id": "DTTA-ESSA",
        "route_name": "DTTA-ESSA",
        "origin": "DTTA",
        "destination": "ESSA",
        "point_count": 14,
        "source_file": "DTTC-ESSA.gpx",
        "point_id": "DTTA-ESSA:012",
        "sequence": 12,
        "waypoint": "ROGMI",
        "point_role": "enroute",
        "overfly": false,
        "longitude": 18.001667,
        "latitude": 58.193889
      },
      "geometry": {
        "type": "Point",
        "coordinates": [
          18.001667,
          58.193889
        ]
      }
    },
    {
      "type": "Feature",
      "id": "DTTA-ESSA:013",
      "properties": {
        "route_id": "DTTA-ESSA",
        "route_name": "DTTA-ESSA",
        "origin": "DTTA",
        "destination": "ESSA",
        "point_count": 14,
        "source_file": "DTTC-ESSA.gpx",
        "point_id": "DTTA-ESSA:013",
        "sequence": 13,
        "waypoint": "NILUG",
        "point_role": "enroute",
        "overfly": false,
        "longitude": 17.884722,
        "latitude": 58.815833
      },
      "geometry": {
        "type": "Point",
        "coordinates": [
          17.884722,
          58.815833
        ]
      }
    },
    {
      "type": "Feature",
      "id": "DTTA-ESSA:014",
      "properties": {
        "route_id": "DTTA-ESSA",
        "route_name": "DTTA-ESSA",
        "origin": "DTTA",
        "destination": "ESSA",
        "point_count": 14,
        "source_file": "DTTC-ESSA.gpx",
        "point_id": "DTTA-ESSA:014",
        "sequence": 14,
        "waypoint": "ESSA",
        "point_role": "destination",
        "overfly": false,
        "longitude": 17.918611,
        "latitude": 59.651944
      },
      "geometry": {
        "type": "Point",
        "coordinates": [
          17.918611,
          59.651944
        ]
      }
    },
    {
      "type": "Feature",
      "id": "DTTA-LGAV:001",
      "properties": {
        "route_id": "DTTA-LGAV",
        "route_name": "DTTA-LGAV",
        "origin": "DTTA",
        "destination": "LGAV",
        "point_count": 12,
        "source_file": "DTTC-LGAV.gpx",
        "point_id": "DTTA-LGAV:001",
        "sequence": 1,
        "waypoint": "DTTA",
        "point_role": "origin",
        "overfly": false,
        "longitude": 10.226944,
        "latitude": 36.851111
      },
      "geometry": {
        "type": "Point",
        "coordinates": [
          10.226944,
          36.851111
        ]
      }
    },
    {
      "type": "Feature",
      "id": "DTTA-LGAV:002",
      "properties": {
        "route_id": "DTTA-LGAV",
        "route_name": "DTTA-LGAV",
        "origin": "DTTA",
        "destination": "LGAV",
        "point_count": 12,
        "source_file": "DTTC-LGAV.gpx",
        "point_id": "DTTA-LGAV:002",
        "sequence": 2,
        "waypoint": "CBN",
        "point_role": "enroute",
        "overfly": false,
        "longitude": 11.088917,
        "latitude": 36.895194
      },
      "geometry": {
        "type": "Point",
        "coordinates": [
          11.088917,
          36.895194
        ]
      }
    },
    {
      "type": "Feature",
      "id": "DTTA-LGAV:003",
      "properties": {
        "route_id": "DTTA-LGAV",
        "route_name": "DTTA-LGAV",
        "origin": "DTTA",
        "destination": "LGAV",
        "point_count": 12,
        "source_file": "DTTC-LGAV.gpx",
        "point_id": "DTTA-LGAV:003",
        "sequence": 3,
        "waypoint": "TUPAL",
        "point_role": "enroute",
        "overfly": false,
        "longitude": 11.5,
        "latitude": 37.189167
      },
      "geometry": {
        "type": "Point",
        "coordinates": [
          11.5,
          37.189167
        ]
      }
    },
    {
      "type": "Feature",
      "id": "DTTA-LGAV:004",
      "properties": {
        "route_id": "DTTA-LGAV",
        "route_name": "DTTA-LGAV",
        "origin": "DTTA",
        "destination": "LGAV",
        "point_count": 12,
        "source_file": "DTTC-LGAV.gpx",
        "point_id": "DTTA-LGAV:004",
        "sequence": 4,
        "waypoint": "MEGAN",
        "point_role": "enroute",
        "overfly": false,
        "longitude": 11.996111,
        "latitude": 37.538056
      },
      "geometry": {
        "type": "Point",
        "coordinates": [
          11.996111,
          37.538056
        ]
      }
    },
    {
      "type": "Feature",
      "id": "DTTA-LGAV:005",
      "properties": {
        "route_id": "DTTA-LGAV",
        "route_name": "DTTA-LGAV",
        "origin": "DTTA",
        "destination": "LGAV",
        "point_count": 12,
        "source_file": "DTTC-LGAV.gpx",
        "point_id": "DTTA-LGAV:005",
        "sequence": 5,
        "waypoint": "ENEPA",
        "point_role": "enroute",
        "overfly": false,
        "longitude": 13.999444,
        "latitude": 37.773333
      },
      "geometry": {
        "type": "Point",
        "coordinates": [
          13.999444,
          37.773333
        ]
      }
    },
    {
      "type": "Feature",
      "id": "DTTA-LGAV:006",
      "properties": {
        "route_id": "DTTA-LGAV",
        "route_name": "DTTA-LGAV",
        "origin": "DTTA",
        "destination": "LGAV",
        "point_count": 12,
        "source_file": "DTTC-LGAV.gpx",
        "point_id": "DTTA-LGAV:006",
        "sequence": 6,
        "waypoint": "UXUTA",
        "point_role": "enroute",
        "overfly": false,
        "longitude": 14.690147,
        "latitude": 37.935036
      },
      "geometry": {
        "type": "Point",
        "coordinates": [
          14.690147,
          37.935036
        ]
      }
    },
    {
      "type": "Feature",
      "id": "DTTA-LGAV:007",
      "properties": {
        "route_id": "DTTA-LGAV",
        "route_name": "DTTA-LGAV",
        "origin": "DTTA",
        "destination": "LGAV",
        "point_count": 12,
        "source_file": "DTTC-LGAV.gpx",
        "point_id": "DTTA-LGAV:007",
        "sequence": 7,
        "waypoint": "RCA",
        "point_role": "enroute",
        "overfly": false,
        "longitude": 15.645278,
        "latitude": 38.076583
      },
      "geometry": {
        "type": "Point",
        "coordinates": [
          15.645278,
          38.076583
        ]
      }
    },
    {
      "type": "Feature",
      "id": "DTTA-LGAV:008",
      "properties": {
        "route_id": "DTTA-LGAV",
        "route_name": "DTTA-LGAV",
        "origin": "DTTA",
        "destination": "LGAV",
        "point_count": 12,
        "source_file": "DTTC-LGAV.gpx",
        "point_id": "DTTA-LGAV:008",
        "sequence": 8,
        "waypoint": "ROXOM",
        "point_role": "enroute",
        "overfly": false,
        "longitude": 17.089444,
        "latitude": 38.280556
      },
      "geometry": {
        "type": "Point",
        "coordinates": [
          17.089444,
          38.280556
        ]
      }
    },
    {
      "type": "Feature",
      "id": "DTTA-LGAV:009",
      "properties": {
        "route_id": "DTTA-LGAV",
        "route_name": "DTTA-LGAV",
        "origin": "DTTA",
        "destination": "LGAV",
        "point_count": 12,
        "source_file": "DTTC-LGAV.gpx",
        "point_id": "DTTA-LGAV:009",
        "sequence": 9,
        "waypoint": "RUTOM",
        "point_role": "enroute",
        "overfly": false,
        "longitude": 19.0,
        "latitude": 38.518333
      },
      "geometry": {
        "type": "Point",
        "coordinates": [
          19.0,
          38.518333
        ]
      }
    },
    {
      "type": "Feature",
      "id": "DTTA-LGAV:010",
      "properties": {
        "route_id": "DTTA-LGAV",
        "route_name": "DTTA-LGAV",
        "origin": "DTTA",
        "destination": "LGAV",
        "point_count": 12,
        "source_file": "DTTC-LGAV.gpx",
        "point_id": "DTTA-LGAV:010",
        "sequence": 10,
        "waypoint": "ARA",
        "point_role": "enroute",
        "overfly": false,
        "longitude": 21.429411,
        "latitude": 38.158983
      },
      "geometry": {
        "type": "Point",
        "coordinates": [
          21.429411,
          38.158983
        ]
      }
    },
    {
      "type": "Feature",
      "id": "DTTA-LGAV:011",
      "properties": {
        "route_id": "DTTA-LGAV",
        "route_name": "DTTA-LGAV",
        "origin": "DTTA",
        "destination": "LGAV",
        "point_count": 12,
        "source_file": "DTTC-LGAV.gpx",
        "point_id": "DTTA-LGAV:011",
        "sequence": 11,
        "waypoint": "NEMES",
        "point_role": "enroute",
        "overfly": false,
        "longitude": 22.580833,
        "latitude": 37.706389
      },
      "geometry": {
        "type": "Point",
        "coordinates": [
          22.580833,
          37.706389
        ]
      }
    },
    {
      "type": "Feature",
      "id": "DTTA-LGAV:012",
      "properties": {
        "route_id": "DTTA-LGAV",
        "route_name": "DTTA-LGAV",
        "origin": "DTTA",
        "destination": "LGAV",
        "point_count": 12,
        "source_file": "DTTC-LGAV.gpx",
        "point_id": "DTTA-LGAV:012",
        "sequence": 12,
        "waypoint": "LGAV",
        "point_role": "destination",
        "overfly": false,
        "longitude": 23.9445,
        "latitude": 37.9367
      },
      "geometry": {
        "type": "Point",
        "coordinates": [
          23.9445,
          37.9367
        ]
      }
    },
    {
      "type": "Feature",
      "id": "DTTA-LHBP:001",
      "properties": {
        "route_id": "DTTA-LHBP",
        "route_name": "DTTA-LHBP",
        "origin": "DTTA",
        "destination": "LHBP",
        "point_count": 12,
        "source_file": "DTTC-LHBP.gpx",
        "point_id": "DTTA-LHBP:001",
        "sequence": 1,
        "waypoint": "DTTA",
        "point_role": "origin",
        "overfly": false,
        "longitude": 10.226944,
        "latitude": 36.851111
      },
      "geometry": {
        "type": "Point",
        "coordinates": [
          10.226944,
          36.851111
        ]
      }
    },
    {
      "type": "Feature",
      "id": "DTTA-LHBP:002",
      "properties": {
        "route_id": "DTTA-LHBP",
        "route_name": "DTTA-LHBP",
        "origin": "DTTA",
        "destination": "LHBP",
        "point_count": 12,
        "source_file": "DTTC-LHBP.gpx",
        "point_id": "DTTA-LHBP:002",
        "sequence": 2,
        "waypoint": "ICANI",
        "point_role": "enroute",
        "overfly": false,
        "longitude": 10.640556,
        "latitude": 37.236111
      },
      "geometry": {
        "type": "Point",
        "coordinates": [
          10.640556,
          37.236111
        ]
      }
    },
    {
      "type": "Feature",
      "id": "DTTA-LHBP:003",
      "properties": {
        "route_id": "DTTA-LHBP",
        "route_name": "DTTA-LHBP",
        "origin": "DTTA",
        "destination": "LHBP",
        "point_count": 12,
        "source_file": "DTTC-LHBP.gpx",
        "point_id": "DTTA-LHBP:003",
        "sequence": 3,
        "waypoint": "SIRVI",
        "point_role": "enroute",
        "overfly": false,
        "longitude": 10.863333,
        "latitude": 37.442778
      },
      "geometry": {
        "type": "Point",
        "coordinates": [
          10.863333,
          37.442778
        ]
      }
    },
    {
      "type": "Feature",
      "id": "DTTA-LHBP:004",
      "properties": {
        "route_id": "DTTA-LHBP",
        "route_name": "DTTA-LHBP",
        "origin": "DTTA",
        "destination": "LHBP",
        "point_count": 12,
        "source_file": "DTTC-LHBP.gpx",
        "point_id": "DTTA-LHBP:004",
        "sequence": 4,
        "waypoint": "SUSIP",
        "point_role": "enroute",
        "overfly": false,
        "longitude": 11.113889,
        "latitude": 37.673611
      },
      "geometry": {
        "type": "Point",
        "coordinates": [
          11.113889,
          37.673611
        ]
      }
    },
    {
      "type": "Feature",
      "id": "DTTA-LHBP:005",
      "properties": {
        "route_id": "DTTA-LHBP",
        "route_name": "DTTA-LHBP",
        "origin": "DTTA",
        "destination": "LHBP",
        "point_count": 12,
        "source_file": "DTTC-LHBP.gpx",
        "point_id": "DTTA-LHBP:005",
        "sequence": 5,
        "waypoint": "PININ",
        "point_role": "enroute",
        "overfly": false,
        "longitude": 11.394444,
        "latitude": 37.929722
      },
      "geometry": {
        "type": "Point",
        "coordinates": [
          11.394444,
          37.929722
        ]
      }
    },
    {
      "type": "Feature",
      "id": "DTTA-LHBP:006",
      "properties": {
        "route_id": "DTTA-LHBP",
        "route_name": "DTTA-LHBP",
        "origin": "DTTA",
        "destination": "LHBP",
        "point_count": 12,
        "source_file": "DTTC-LHBP.gpx",
        "point_id": "DTTA-LHBP:006",
        "sequence": 6,
        "waypoint": "GIANO",
        "point_role": "enroute",
        "overfly": false,
        "longitude": 12.4475,
        "latitude": 38.869167
      },
      "geometry": {
        "type": "Point",
        "coordinates": [
          12.4475,
          38.869167
        ]
      }
    },
    {
      "type": "Feature",
      "id": "DTTA-LHBP:007",
      "properties": {
        "route_id": "DTTA-LHBP",
        "route_name": "DTTA-LHBP",
        "origin": "DTTA",
        "destination": "LHBP",
        "point_count": 12,
        "source_file": "DTTC-LHBP.gpx",
        "point_id": "DTTA-LHBP:007",
        "sequence": 7,
        "waypoint": "DORAS",
        "point_role": "enroute",
        "overfly": false,
        "longitude": 13.06,
        "latitude": 39.598889
      },
      "geometry": {
        "type": "Point",
        "coordinates": [
          13.06,
          39.598889
        ]
      }
    },
    {
      "type": "Feature",
      "id": "DTTA-LHBP:008",
      "properties": {
        "route_id": "DTTA-LHBP",
        "route_name": "DTTA-LHBP",
        "origin": "DTTA",
        "destination": "LHBP",
        "point_count": 12,
        "source_file": "DTTC-LHBP.gpx",
        "point_id": "DTTA-LHBP:008",
        "sequence": 8,
        "waypoint": "VAPUP",
        "point_role": "enroute",
        "overfly": false,
        "longitude": 15.205556,
        "latitude": 43.055833
      },
      "geometry": {
        "type": "Point",
        "coordinates": [
          15.205556,
          43.055833
        ]
      }
    },
    {
      "type": "Feature",
      "id": "DTTA-LHBP:009",
      "properties": {
        "route_id": "DTTA-LHBP",
        "route_name": "DTTA-LHBP",
        "origin": "DTTA",
        "destination": "LHBP",
        "point_count": 12,
        "source_file": "DTTC-LHBP.gpx",
        "point_id": "DTTA-LHBP:009",
        "sequence": 9,
        "waypoint": "TEBLI",
        "point_role": "enroute",
        "overfly": false,
        "longitude": 16.675889,
        "latitude": 45.201528
      },
      "geometry": {
        "type": "Point",
        "coordinates": [
          16.675889,
          45.201528
        ]
      }
    },
    {
      "type": "Feature",
      "id": "DTTA-LHBP:010",
      "properties": {
        "route_id": "DTTA-LHBP",
        "route_name": "DTTA-LHBP",
        "origin": "DTTA",
        "destination": "LHBP",
        "point_count": 12,
        "source_file": "DTTC-LHBP.gpx",
        "point_id": "DTTA-LHBP:010",
        "sequence": 10,
        "waypoint": "KOPRY",
        "point_role": "enroute",
        "overfly": false,
        "longitude": 16.962778,
        "latitude": 46.240278
      },
      "geometry": {
        "type": "Point",
        "coordinates": [
          16.962778,
          46.240278
        ]
      }
    },
    {
      "type": "Feature",
      "id": "DTTA-LHBP:011",
      "properties": {
        "route_id": "DTTA-LHBP",
        "route_name": "DTTA-LHBP",
        "origin": "DTTA",
        "destination": "LHBP",
        "point_count": 12,
        "source_file": "DTTC-LHBP.gpx",
        "point_id": "DTTA-LHBP:011",
        "sequence": 11,
        "waypoint": "ULZAK",
        "point_role": "enroute",
        "overfly": false,
        "longitude": 18.566944,
        "latitude": 46.994167
      },
      "geometry": {
        "type": "Point",
        "coordinates": [
          18.566944,
          46.994167
        ]
      }
    },
    {
      "type": "Feature",
      "id": "DTTA-LHBP:012",
      "properties": {
        "route_id": "DTTA-LHBP",
        "route_name": "DTTA-LHBP",
        "origin": "DTTA",
        "destination": "LHBP",
        "point_count": 12,
        "source_file": "DTTC-LHBP.gpx",
        "point_id": "DTTA-LHBP:012",
        "sequence": 12,
        "waypoint": "LHBP",
        "point_role": "destination",
        "overfly": false,
        "longitude": 19.261944,
        "latitude": 47.439444
      },
      "geometry": {
        "type": "Point",
        "coordinates": [
          19.261944,
          47.439444
        ]
      }
    },
    {
      "type": "Feature",
      "id": "DTTA-LKPR:001",
      "properties": {
        "route_id": "DTTA-LKPR",
        "route_name": "DTTA-LKPR",
        "origin": "DTTA",
        "destination": "LKPR",
        "point_count": 9,
        "source_file": "DTTC-LKPR.gpx",
        "point_id": "DTTA-LKPR:001",
        "sequence": 1,
        "waypoint": "DTTA",
        "point_role": "origin",
        "overfly": false,
        "longitude": 10.226944,
        "latitude": 36.851111
      },
      "geometry": {
        "type": "Point",
        "coordinates": [
          10.226944,
          36.851111
        ]
      }
    },
    {
      "type": "Feature",
      "id": "DTTA-LKPR:002",
      "properties": {
        "route_id": "DTTA-LKPR",
        "route_name": "DTTA-LKPR",
        "origin": "DTTA",
        "destination": "LKPR",
        "point_count": 9,
        "source_file": "DTTC-LKPR.gpx",
        "point_id": "DTTA-LKPR:002",
        "sequence": 2,
        "waypoint": "ICANI",
        "point_role": "enroute",
        "overfly": false,
        "longitude": 10.640556,
        "latitude": 37.236111
      },
      "geometry": {
        "type": "Point",
        "coordinates": [
          10.640556,
          37.236111
        ]
      }
    },
    {
      "type": "Feature",
      "id": "DTTA-LKPR:003",
      "properties": {
        "route_id": "DTTA-LKPR",
        "route_name": "DTTA-LKPR",
        "origin": "DTTA",
        "destination": "LKPR",
        "point_count": 9,
        "source_file": "DTTC-LKPR.gpx",
        "point_id": "DTTA-LKPR:003",
        "sequence": 3,
        "waypoint": "SIRVI",
        "point_role": "enroute",
        "overfly": false,
        "longitude": 10.863333,
        "latitude": 37.442778
      },
      "geometry": {
        "type": "Point",
        "coordinates": [
          10.863333,
          37.442778
        ]
      }
    },
    {
      "type": "Feature",
      "id": "DTTA-LKPR:004",
      "properties": {
        "route_id": "DTTA-LKPR",
        "route_name": "DTTA-LKPR",
        "origin": "DTTA",
        "destination": "LKPR",
        "point_count": 9,
        "source_file": "DTTC-LKPR.gpx",
        "point_id": "DTTA-LKPR:004",
        "sequence": 4,
        "waypoint": "NIBEL",
        "point_role": "enroute",
        "overfly": false,
        "longitude": 10.959167,
        "latitude": 37.742778
      },
      "geometry": {
        "type": "Point",
        "coordinates": [
          10.959167,
          37.742778
        ]
      }
    },
    {
      "type": "Feature",
      "id": "DTTA-LKPR:005",
      "properties": {
        "route_id": "DTTA-LKPR",
        "route_name": "DTTA-LKPR",
        "origin": "DTTA",
        "destination": "LKPR",
        "point_count": 9,
        "source_file": "DTTC-LKPR.gpx",
        "point_id": "DTTA-LKPR:005",
        "sequence": 5,
        "waypoint": "BETOT",
        "point_role": "enroute",
        "overfly": false,
        "longitude": 11.631667,
        "latitude": 40.385833
      },
      "geometry": {
        "type": "Point",
        "coordinates": [
          11.631667,
          40.385833
        ]
      }
    },
    {
      "type": "Feature",
      "id": "DTTA-LKPR:006",
      "properties": {
        "route_id": "DTTA-LKPR",
        "route_name": "DTTA-LKPR",
        "origin": "DTTA",
        "destination": "LKPR",
        "point_count": 9,
        "source_file": "DTTC-LKPR.gpx",
        "point_id": "DTTA-LKPR:006",
        "sequence": 6,
        "waypoint": "CHI",
        "point_role": "enroute",
        "overfly": false,
        "longitude": 12.281444,
        "latitude": 45.071083
      },
      "geometry": {
        "type": "Point",
        "coordinates": [
          12.281444,
          45.071083
        ]
      }
    },
    {
      "type": "Feature",
      "id": "DTTA-LKPR:007",
      "properties": {
        "route_id": "DTTA-LKPR",
        "route_name": "DTTA-LKPR",
        "origin": "DTTA",
        "destination": "LKPR",
        "point_count": 9,
        "source_file": "DTTC-LKPR.gpx",
        "point_id": "DTTA-LKPR:007",
        "sequence": 7,
        "waypoint": "BUDEX",
        "point_role": "enroute",
        "overfly": false,
        "longitude": 14.336028,
        "latitude": 48.948328
      },
      "geometry": {
        "type": "Point",
        "coordinates": [
          14.336028,
          48.948328
        ]
      }
    },
    {
      "type": "Feature",
      "id": "DTTA-LKPR:008",
      "properties": {
        "route_id": "DTTA-LKPR",
        "route_name": "DTTA-LKPR",
        "origin": "DTTA",
        "destination": "LKPR",
        "point_count": 9,
        "source_file": "DTTC-LKPR.gpx",
        "point_id": "DTTA-LKPR:008",
        "sequence": 8,
        "waypoint": "APRAQ",
        "point_role": "enroute",
        "overfly": false,
        "longitude": 14.1225,
        "latitude": 49.648333
      },
      "geometry": {
        "type": "Point",
        "coordinates": [
          14.1225,
          49.648333
        ]
      }
    },
    {
      "type": "Feature",
      "id": "DTTA-LKPR:009",
      "properties": {
        "route_id": "DTTA-LKPR",
        "route_name": "DTTA-LKPR",
        "origin": "DTTA",
        "destination": "LKPR",
        "point_count": 9,
        "source_file": "DTTC-LKPR.gpx",
        "point_id": "DTTA-LKPR:009",
        "sequence": 9,
        "waypoint": "LKPR",
        "point_role": "destination",
        "overfly": false,
        "longitude": 14.26,
        "latitude": 50.100833
      },
      "geometry": {
        "type": "Point",
        "coordinates": [
          14.26,
          50.100833
        ]
      }
    },
    {
      "type": "Feature",
      "id": "DTTA-LOWW:001",
      "properties": {
        "route_id": "DTTA-LOWW",
        "route_name": "DTTA-LOWW",
        "origin": "DTTA",
        "destination": "LOWW",
        "point_count": 15,
        "source_file": "DTTC-LOWW.gpx",
        "point_id": "DTTA-LOWW:001",
        "sequence": 1,
        "waypoint": "DTTA",
        "point_role": "origin",
        "overfly": false,
        "longitude": 10.226944,
        "latitude": 36.851111
      },
      "geometry": {
        "type": "Point",
        "coordinates": [
          10.226944,
          36.851111
        ]
      }
    },
    {
      "type": "Feature",
      "id": "DTTA-LOWW:002",
      "properties": {
        "route_id": "DTTA-LOWW",
        "route_name": "DTTA-LOWW",
        "origin": "DTTA",
        "destination": "LOWW",
        "point_count": 15,
        "source_file": "DTTC-LOWW.gpx",
        "point_id": "DTTA-LOWW:002",
        "sequence": 2,
        "waypoint": "ICANI",
        "point_role": "enroute",
        "overfly": false,
        "longitude": 10.640556,
        "latitude": 37.236111
      },
      "geometry": {
        "type": "Point",
        "coordinates": [
          10.640556,
          37.236111
        ]
      }
    },
    {
      "type": "Feature",
      "id": "DTTA-LOWW:003",
      "properties": {
        "route_id": "DTTA-LOWW",
        "route_name": "DTTA-LOWW",
        "origin": "DTTA",
        "destination": "LOWW",
        "point_count": 15,
        "source_file": "DTTC-LOWW.gpx",
        "point_id": "DTTA-LOWW:003",
        "sequence": 3,
        "waypoint": "SIRVI",
        "point_role": "enroute",
        "overfly": false,
        "longitude": 10.863333,
        "latitude": 37.442778
      },
      "geometry": {
        "type": "Point",
        "coordinates": [
          10.863333,
          37.442778
        ]
      }
    },
    {
      "type": "Feature",
      "id": "DTTA-LOWW:004",
      "properties": {
        "route_id": "DTTA-LOWW",
        "route_name": "DTTA-LOWW",
        "origin": "DTTA",
        "destination": "LOWW",
        "point_count": 15,
        "source_file": "DTTC-LOWW.gpx",
        "point_id": "DTTA-LOWW:004",
        "sequence": 4,
        "waypoint": "NIBEL",
        "point_role": "enroute",
        "overfly": false,
        "longitude": 10.959167,
        "latitude": 37.742778
      },
      "geometry": {
        "type": "Point",
        "coordinates": [
          10.959167,
          37.742778
        ]
      }
    },
    {
      "type": "Feature",
      "id": "DTTA-LOWW:005",
      "properties": {
        "route_id": "DTTA-LOWW",
        "route_name": "DTTA-LOWW",
        "origin": "DTTA",
        "destination": "LOWW",
        "point_count": 15,
        "source_file": "DTTC-LOWW.gpx",
        "point_id": "DTTA-LOWW:005",
        "sequence": 5,
        "waypoint": "GERMO",
        "point_role": "enroute",
        "overfly": false,
        "longitude": 11.356944,
        "latitude": 39.249722
      },
      "geometry": {
        "type": "Point",
        "coordinates": [
          11.356944,
          39.249722
        ]
      }
    },
    {
      "type": "Feature",
      "id": "DTTA-LOWW:006",
      "properties": {
        "route_id": "DTTA-LOWW",
        "route_name": "DTTA-LOWW",
        "origin": "DTTA",
        "destination": "LOWW",
        "point_count": 15,
        "source_file": "DTTC-LOWW.gpx",
        "point_id": "DTTA-LOWW:006",
        "sequence": 6,
        "waypoint": "BETOT",
        "point_role": "enroute",
        "overfly": false,
        "longitude": 11.631667,
        "latitude": 40.385833
      },
      "geometry": {
        "type": "Point",
        "coordinates": [
          11.631667,
          40.385833
        ]
      }
    },
    {
      "type": "Feature",
      "id": "DTTA-LOWW:007",
      "properties": {
        "route_id": "DTTA-LOWW",
        "route_name": "DTTA-LOWW",
        "origin": "DTTA",
        "destination": "LOWW",
        "point_count": 15,
        "source_file": "DTTC-LOWW.gpx",
        "point_id": "DTTA-LOWW:007",
        "sequence": 7,
        "waypoint": "TURMO",
        "point_role": "enroute",
        "overfly": false,
        "longitude": 11.832778,
        "latitude": 40.861111
      },
      "geometry": {
        "type": "Point",
        "coordinates": [
          11.832778,
          40.861111
        ]
      }
    },
    {
      "type": "Feature",
      "id": "DTTA-LOWW:008",
      "properties": {
        "route_id": "DTTA-LOWW",
        "route_name": "DTTA-LOWW",
        "origin": "DTTA",
        "destination": "LOWW",
        "point_count": 15,
        "source_file": "DTTC-LOWW.gpx",
        "point_id": "DTTA-LOWW:008",
        "sequence": 8,
        "waypoint": "KONUT",
        "point_role": "enroute",
        "overfly": false,
        "longitude": 12.016667,
        "latitude": 41.292778
      },
      "geometry": {
        "type": "Point",
        "coordinates": [
          12.016667,
          41.292778
        ]
      }
    },
    {
      "type": "Feature",
      "id": "DTTA-LOWW:009",
      "properties": {
        "route_id": "DTTA-LOWW",
        "route_name": "DTTA-LOWW",
        "origin": "DTTA",
        "destination": "LOWW",
        "point_count": 15,
        "source_file": "DTTC-LOWW.gpx",
        "point_id": "DTTA-LOWW:009",
        "sequence": 9,
        "waypoint": "OST",
        "point_role": "enroute",
        "overfly": false,
        "longitude": 12.237528,
        "latitude": 41.803778
      },
      "geometry": {
        "type": "Point",
        "coordinates": [
          12.237528,
          41.803778
        ]
      }
    },
    {
      "type": "Feature",
      "id": "DTTA-LOWW:010",
      "properties": {
        "route_id": "DTTA-LOWW",
        "route_name": "DTTA-LOWW",
        "origin": "DTTA",
        "destination": "LOWW",
        "point_count": 15,
        "source_file": "DTTC-LOWW.gpx",
        "point_id": "DTTA-LOWW:010",
        "sequence": 10,
        "waypoint": "INTUD",
        "point_role": "enroute",
        "overfly": false,
        "longitude": 12.620556,
        "latitude": 42.471389
      },
      "geometry": {
        "type": "Point",
        "coordinates": [
          12.620556,
          42.471389
        ]
      }
    },
    {
      "type": "Feature",
      "id": "DTTA-LOWW:011",
      "properties": {
        "route_id": "DTTA-LOWW",
        "route_name": "DTTA-LOWW",
        "origin": "DTTA",
        "destination": "LOWW",
        "point_count": 15,
        "source_file": "DTTC-LOWW.gpx",
        "point_id": "DTTA-LOWW:011",
        "sequence": 11,
        "waypoint": "ERLIT",
        "point_role": "enroute",
        "overfly": false,
        "longitude": 13.167303,
        "latitude": 43.383725
      },
      "geometry": {
        "type": "Point",
        "coordinates": [
          13.167303,
          43.383725
        ]
      }
    },
    {
      "type": "Feature",
      "id": "DTTA-LOWW:012",
      "properties": {
        "route_id": "DTTA-LOWW",
        "route_name": "DTTA-LOWW",
        "origin": "DTTA",
        "destination": "LOWW",
        "point_count": 15,
        "source_file": "DTTC-LOWW.gpx",
        "point_id": "DTTA-LOWW:012",
        "sequence": 12,
        "waypoint": "NIKOL",
        "point_role": "enroute",
        "overfly": false,
        "longitude": 13.686111,
        "latitude": 44.221944
      },
      "geometry": {
        "type": "Point",
        "coordinates": [
          13.686111,
          44.221944
        ]
      }
    },
    {
      "type": "Feature",
      "id": "DTTA-LOWW:013",
      "properties": {
        "route_id": "DTTA-LOWW",
        "route_name": "DTTA-LOWW",
        "origin": "DTTA",
        "destination": "LOWW",
        "point_count": 15,
        "source_file": "DTTC-LOWW.gpx",
        "point_id": "DTTA-LOWW:013",
        "sequence": 13,
        "waypoint": "EBITI",
        "point_role": "enroute",
        "overfly": false,
        "longitude": 14.985525,
        "latitude": 46.059919
      },
      "geometry": {
        "type": "Point",
        "coordinates": [
          14.985525,
          46.059919
        ]
      }
    },
    {
      "type": "Feature",
      "id": "DTTA-LOWW:014",
      "properties": {
        "route_id": "DTTA-LOWW",
        "route_name": "DTTA-LOWW",
        "origin": "DTTA",
        "destination": "LOWW",
        "point_count": 15,
        "source_file": "DTTC-LOWW.gpx",
        "point_id": "DTTA-LOWW:014",
        "sequence": 14,
        "waypoint": "LAPNA",
        "point_role": "enroute",
        "overfly": false,
        "longitude": 15.520431,
        "latitude": 46.535497
      },
      "geometry": {
        "type": "Point",
        "coordinates": [
          15.520431,
          46.535497
        ]
      }
    },
    {
      "type": "Feature",
      "id": "DTTA-LOWW:015",
      "properties": {
        "route_id": "DTTA-LOWW",
        "route_name": "DTTA-LOWW",
        "origin": "DTTA",
        "destination": "LOWW",
        "point_count": 15,
        "source_file": "DTTC-LOWW.gpx",
        "point_id": "DTTA-LOWW:015",
        "sequence": 15,
        "waypoint": "LOWW",
        "point_role": "destination",
        "overfly": false,
        "longitude": 16.569722,
        "latitude": 48.110278
      },
      "geometry": {
        "type": "Point",
        "coordinates": [
          16.569722,
          48.110278
        ]
      }
    },
    {
      "type": "Feature",
      "id": "HECA-ESSA:001",
      "properties": {
        "route_id": "HECA-ESSA",
        "route_name": "HECA-ESSA",
        "origin": "HECA",
        "destination": "ESSA",
        "point_count": 27,
        "source_file": "HECA-ESSA.gpx",
        "point_id": "HECA-ESSA:001",
        "sequence": 1,
        "waypoint": "HECA",
        "point_role": "origin",
        "overfly": false,
        "longitude": 31.413889,
        "latitude": 30.111389
      },
      "geometry": {
        "type": "Point",
        "coordinates": [
          31.413889,
          30.111389
        ]
      }
    },
    {
      "type": "Feature",
      "id": "HECA-ESSA:002",
      "properties": {
        "route_id": "HECA-ESSA",
        "route_name": "HECA-ESSA",
        "origin": "HECA",
        "destination": "ESSA",
        "point_count": 27,
        "source_file": "HECA-ESSA.gpx",
        "point_id": "HECA-ESSA:002",
        "sequence": 2,
        "waypoint": "CVO",
        "point_role": "enroute",
        "overfly": false,
        "longitude": 31.388417,
        "latitude": 30.092306
      },
      "geometry": {
        "type": "Point",
        "coordinates": [
          31.388417,
          30.092306
        ]
      }
    },
    {
      "type": "Feature",
      "id": "HECA-ESSA:003",
      "properties": {
        "route_id": "HECA-ESSA",
        "route_name": "HECA-ESSA",
        "origin": "HECA",
        "destination": "ESSA",
        "point_count": 27,
        "source_file": "HECA-ESSA.gpx",
        "point_id": "HECA-ESSA:003",
        "sequence": 3,
        "waypoint": "MENKU",
        "point_role": "enroute",
        "overfly": false,
        "longitude": 30.301667,
        "latitude": 31.091944
      },
      "geometry": {
        "type": "Point",
        "coordinates": [
          30.301667,
          31.091944
        ]
      }
    },
    {
      "type": "Feature",
      "id": "HECA-ESSA:004",
      "properties": {
        "route_id": "HECA-ESSA",
        "route_name": "HECA-ESSA",
        "origin": "HECA",
        "destination": "ESSA",
        "point_count": 27,
        "source_file": "HECA-ESSA.gpx",
        "point_id": "HECA-ESSA:004",
        "sequence": 4,
        "waypoint": "NOZ",
        "point_role": "enroute",
        "overfly": false,
        "longitude": 29.950833,
        "latitude": 31.1875
      },
      "geometry": {
        "type": "Point",
        "coordinates": [
          29.950833,
          31.1875
        ]
      }
    },
    {
      "type": "Feature",
      "id": "HECA-ESSA:005",
      "properties": {
        "route_id": "HECA-ESSA",
        "route_name": "HECA-ESSA",
        "origin": "HECA",
        "destination": "ESSA",
        "point_count": 27,
        "source_file": "HECA-ESSA.gpx",
        "point_id": "HECA-ESSA:005",
        "sequence": 5,
        "waypoint": "GOMVA",
        "point_role": "enroute",
        "overfly": false,
        "longitude": 29.4375,
        "latitude": 32.002778
      },
      "geometry": {
        "type": "Point",
        "coordinates": [
          29.4375,
          32.002778
        ]
      }
    },
    {
      "type": "Feature",
      "id": "HECA-ESSA:006",
      "properties": {
        "route_id": "HECA-ESSA",
        "route_name": "HECA-ESSA",
        "origin": "HECA",
        "destination": "ESSA",
        "point_count": 27,
        "source_file": "HECA-ESSA.gpx",
        "point_id": "HECA-ESSA:006",
        "sequence": 6,
        "waypoint": "NOGLI",
        "point_role": "enroute",
        "overfly": false,
        "longitude": 29.303056,
        "latitude": 32.213611
      },
      "geometry": {
        "type": "Point",
        "coordinates": [
          29.303056,
          32.213611
        ]
      }
    },
    {
      "type": "Feature",
      "id": "HECA-ESSA:007",
      "properties": {
        "route_id": "HECA-ESSA",
        "route_name": "HECA-ESSA",
        "origin": "HECA",
        "destination": "ESSA",
        "point_count": 27,
        "source_file": "HECA-ESSA.gpx",
        "point_id": "HECA-ESSA:007",
        "sequence": 7,
        "waypoint": "ANTAR",
        "point_role": "enroute",
        "overfly": false,
        "longitude": 28.266667,
        "latitude": 33.8
      },
      "geometry": {
        "type": "Point",
        "coordinates": [
          28.266667,
          33.8
        ]
      }
    },
    {
      "type": "Feature",
      "id": "HECA-ESSA:008",
      "properties": {
        "route_id": "HECA-ESSA",
        "route_name": "HECA-ESSA",
        "origin": "HECA",
        "destination": "ESSA",
        "point_count": 27,
        "source_file": "HECA-ESSA.gpx",
        "point_id": "HECA-ESSA:008",
        "sequence": 8,
        "waypoint": "RIGRO",
        "point_role": "enroute",
        "overfly": false,
        "longitude": 25.874167,
        "latitude": 37.59
      },
      "geometry": {
        "type": "Point",
        "coordinates": [
          25.874167,
          37.59
        ]
      }
    },
    {
      "type": "Feature",
      "id": "HECA-ESSA:009",
      "properties": {
        "route_id": "HECA-ESSA",
        "route_name": "HECA-ESSA",
        "origin": "HECA",
        "destination": "ESSA",
        "point_count": 27,
        "source_file": "HECA-ESSA.gpx",
        "point_id": "HECA-ESSA:009",
        "sequence": 9,
        "waypoint": "ATFIR",
        "point_role": "enroute",
        "overfly": false,
        "longitude": 23.774722,
        "latitude": 41.401667
      },
      "geometry": {
        "type": "Point",
        "coordinates": [
          23.774722,
          41.401667
        ]
      }
    },
    {
      "type": "Feature",
      "id": "HECA-ESSA:010",
      "properties": {
        "route_id": "HECA-ESSA",
        "route_name": "HECA-ESSA",
        "origin": "HECA",
        "destination": "ESSA",
        "point_count": 27,
        "source_file": "HECA-ESSA.gpx",
        "point_id": "HECA-ESSA:010",
        "sequence": 10,
        "waypoint": "USALI",
        "point_role": "enroute",
        "overfly": false,
        "longitude": 23.645556,
        "latitude": 42.301944
      },
      "geometry": {
        "type": "Point",
        "coordinates": [
          23.645556,
          42.301944
        ]
      }
    },
    {
      "type": "Feature",
      "id": "HECA-ESSA:011",
      "properties": {
        "route_id": "HECA-ESSA",
        "route_name": "HECA-ESSA",
        "origin": "HECA",
        "destination": "ESSA",
        "point_count": 27,
        "source_file": "HECA-ESSA.gpx",
        "point_id": "HECA-ESSA:011",
        "sequence": 11,
        "waypoint": "NARKA",
        "point_role": "enroute",
        "overfly": false,
        "longitude": 21.86,
        "latitude": 47.248333
      },
      "geometry": {
        "type": "Point",
        "coordinates": [
          21.86,
          47.248333
        ]
      }
    },
    {
      "type": "Feature",
      "id": "HECA-ESSA:012",
      "properties": {
        "route_id": "HECA-ESSA",
        "route_name": "HECA-ESSA",
        "origin": "HECA",
        "destination": "ESSA",
        "point_count": 27,
        "source_file": "HECA-ESSA.gpx",
        "point_id": "HECA-ESSA:012",
        "sequence": 12,
        "waypoint": "LENOV",
        "point_role": "enroute",
        "overfly": false,
        "longitude": 21.010278,
        "latitude": 49.336389
      },
      "geometry": {
        "type": "Point",
        "coordinates": [
          21.010278,
          49.336389
        ]
      }
    },
    {
      "type": "Feature",
      "id": "HECA-ESSA:013",
      "properties": {
        "route_id": "HECA-ESSA",
        "route_name": "HECA-ESSA",
        "origin": "HECA",
        "destination": "ESSA",
        "point_count": 27,
        "source_file": "HECA-ESSA.gpx",
        "point_id": "HECA-ESSA:013",
        "sequence": 13,
        "waypoint": "GOSAK",
        "point_role": "enroute",
        "overfly": false,
        "longitude": 20.304444,
        "latitude": 50.557778
      },
      "geometry": {
        "type": "Point",
        "coordinates": [
          20.304444,
          50.557778
        ]
      }
    },
    {
      "type": "Feature",
      "id": "HECA-ESSA:014",
      "properties": {
        "route_id": "HECA-ESSA",
        "route_name": "HECA-ESSA",
        "origin": "HECA",
        "destination": "ESSA",
        "point_count": 27,
        "source_file": "HECA-ESSA.gpx",
        "point_id": "HECA-ESSA:014",
        "sequence": 14,
        "waypoint": "NEGUV",
        "point_role": "enroute",
        "overfly": false,
        "longitude": 20.115833,
        "latitude": 50.914722
      },
      "geometry": {
        "type": "Point",
        "coordinates": [
          20.115833,
          50.914722
        ]
      }
    },
    {
      "type": "Feature",
      "id": "HECA-ESSA:015",
      "properties": {
        "route_id": "HECA-ESSA",
        "route_name": "HECA-ESSA",
        "origin": "HECA",
        "destination": "ESSA",
        "point_count": 27,
        "source_file": "HECA-ESSA.gpx",
        "point_id": "HECA-ESSA:015",
        "sequence": 15,
        "waypoint": "OVBOR",
        "point_role": "enroute",
        "overfly": false,
        "longitude": 20.019167,
        "latitude": 51.104167
      },
      "geometry": {
        "type": "Point",
        "coordinates": [
          20.019167,
          51.104167
        ]
      }
    },
    {
      "type": "Feature",
      "id": "HECA-ESSA:016",
      "properties": {
        "route_id": "HECA-ESSA",
        "route_name": "HECA-ESSA",
        "origin": "HECA",
        "destination": "ESSA",
        "point_count": 27,
        "source_file": "HECA-ESSA.gpx",
        "point_id": "HECA-ESSA:016",
        "sequence": 16,
        "waypoint": "LUBEN",
        "point_role": "enroute",
        "overfly": false,
        "longitude": 19.9575,
        "latitude": 51.224167
      },
      "geometry": {
        "type": "Point",
        "coordinates": [
          19.9575,
          51.224167
        ]
      }
    },
    {
      "type": "Feature",
      "id": "HECA-ESSA:017",
      "properties": {
        "route_id": "HECA-ESSA",
        "route_name": "HECA-ESSA",
        "origin": "HECA",
        "destination": "ESSA",
        "point_count": 27,
        "source_file": "HECA-ESSA.gpx",
        "point_id": "HECA-ESSA:017",
        "sequence": 17,
        "waypoint": "NUBLI",
        "point_role": "enroute",
        "overfly": false,
        "longitude": 19.887778,
        "latitude": 51.358611
      },
      "geometry": {
        "type": "Point",
        "coordinates": [
          19.887778,
          51.358611
        ]
      }
    },
    {
      "type": "Feature",
      "id": "HECA-ESSA:018",
      "properties": {
        "route_id": "HECA-ESSA",
        "route_name": "HECA-ESSA",
        "origin": "HECA",
        "destination": "ESSA",
        "point_count": 27,
        "source_file": "HECA-ESSA.gpx",
        "point_id": "HECA-ESSA:018",
        "sequence": 18,
        "waypoint": "IRBOS",
        "point_role": "enroute",
        "overfly": false,
        "longitude": 19.844167,
        "latitude": 51.4425
      },
      "geometry": {
        "type": "Point",
        "coordinates": [
          19.844167,
          51.4425
        ]
      }
    },
    {
      "type": "Feature",
      "id": "HECA-ESSA:019",
      "properties": {
        "route_id": "HECA-ESSA",
        "route_name": "HECA-ESSA",
        "origin": "HECA",
        "destination": "ESSA",
        "point_count": 27,
        "source_file": "HECA-ESSA.gpx",
        "point_id": "HECA-ESSA:019",
        "sequence": 19,
        "waypoint": "PENEX",
        "point_role": "enroute",
        "overfly": false,
        "longitude": 19.277222,
        "latitude": 52.563056
      },
      "geometry": {
        "type": "Point",
        "coordinates": [
          19.277222,
          52.563056
        ]
      }
    },
    {
      "type": "Feature",
      "id": "HECA-ESSA:020",
      "properties": {
        "route_id": "HECA-ESSA",
        "route_name": "HECA-ESSA",
        "origin": "HECA",
        "destination": "ESSA",
        "point_count": 27,
        "source_file": "HECA-ESSA.gpx",
        "point_id": "HECA-ESSA:020",
        "sequence": 20,
        "waypoint": "NASOK",
        "point_role": "enroute",
        "overfly": false,
        "longitude": 19.006389,
        "latitude": 53.091944
      },
      "geometry": {
        "type": "Point",
        "coordinates": [
          19.006389,
          53.091944
        ]
      }
    },
    {
      "type": "Feature",
      "id": "HECA-ESSA:021",
      "properties": {
        "route_id": "HECA-ESSA",
        "route_name": "HECA-ESSA",
        "origin": "HECA",
        "destination": "ESSA",
        "point_count": 27,
        "source_file": "HECA-ESSA.gpx",
        "point_id": "HECA-ESSA:021",
        "sequence": 21,
        "waypoint": "IRLUN",
        "point_role": "enroute",
        "overfly": false,
        "longitude": 18.614861,
        "latitude": 53.750583
      },
      "geometry": {
        "type": "Point",
        "coordinates": [
          18.614861,
          53.750583
        ]
      }
    },
    {
      "type": "Feature",
      "id": "HECA-ESSA:022",
      "properties": {
        "route_id": "HECA-ESSA",
        "route_name": "HECA-ESSA",
        "origin": "HECA",
        "destination": "ESSA",
        "point_count": 27,
        "source_file": "HECA-ESSA.gpx",
        "point_id": "HECA-ESSA:022",
        "sequence": 22,
        "waypoint": "KARTI",
        "point_role": "enroute",
        "overfly": false,
        "longitude": 18.208056,
        "latitude": 54.299722
      },
      "geometry": {
        "type": "Point",
        "coordinates": [
          18.208056,
          54.299722
        ]
      }
    },
    {
      "type": "Feature",
      "id": "HECA-ESSA:023",
      "properties": {
        "route_id": "HECA-ESSA",
        "route_name": "HECA-ESSA",
        "origin": "HECA",
        "destination": "ESSA",
        "point_count": 27,
        "source_file": "HECA-ESSA.gpx",
        "point_id": "HECA-ESSA:023",
        "sequence": 23,
        "waypoint": "PENOR",
        "point_role": "enroute",
        "overfly": false,
        "longitude": 17.161389,
        "latitude": 55.638611
      },
      "geometry": {
        "type": "Point",
        "coordinates": [
          17.161389,
          55.638611
        ]
      }
    },
    {
      "type": "Feature",
      "id": "HECA-ESSA:024",
      "properties": {
        "route_id": "HECA-ESSA",
        "route_name": "HECA-ESSA",
        "origin": "HECA",
        "destination": "ESSA",
        "point_count": 27,
        "source_file": "HECA-ESSA.gpx",
        "point_id": "HECA-ESSA:024",
        "sequence": 24,
        "waypoint": "TESPO",
        "point_role": "enroute",
        "overfly": false,
        "longitude": 17.228611,
        "latitude": 56.337778
      },
      "geometry": {
        "type": "Point",
        "coordinates": [
          17.228611,
          56.337778
        ]
      }
    },
    {
      "type": "Feature",
      "id": "HECA-ESSA:025",
      "properties": {
        "route_id": "HECA-ESSA",
        "route_name": "HECA-ESSA",
        "origin": "HECA",
        "destination": "ESSA",
        "point_count": 27,
        "source_file": "HECA-ESSA.gpx",
        "point_id": "HECA-ESSA:025",
        "sequence": 25,
        "waypoint": "ARMOD",
        "point_role": "enroute",
        "overfly": false,
        "longitude": 17.346111,
        "latitude": 57.500833
      },
      "geometry": {
        "type": "Point",
        "coordinates": [
          17.346111,
          57.500833
        ]
      }
    },
    {
      "type": "Feature",
      "id": "HECA-ESSA:026",
      "properties": {
        "route_id": "HECA-ESSA",
        "route_name": "HECA-ESSA",
        "origin": "HECA",
        "destination": "ESSA",
        "point_count": 27,
        "source_file": "HECA-ESSA.gpx",
        "point_id": "HECA-ESSA:026",
        "sequence": 26,
        "waypoint": "NILUG",
        "point_role": "enroute",
        "overfly": false,
        "longitude": 17.884722,
        "latitude": 58.815833
      },
      "geometry": {
        "type": "Point",
        "coordinates": [
          17.884722,
          58.815833
        ]
      }
    },
    {
      "type": "Feature",
      "id": "HECA-ESSA:027",
      "properties": {
        "route_id": "HECA-ESSA",
        "route_name": "HECA-ESSA",
        "origin": "HECA",
        "destination": "ESSA",
        "point_count": 27,
        "source_file": "HECA-ESSA.gpx",
        "point_id": "HECA-ESSA:027",
        "sequence": 27,
        "waypoint": "ESSA",
        "point_role": "destination",
        "overfly": false,
        "longitude": 17.918611,
        "latitude": 59.651944
      },
      "geometry": {
        "type": "Point",
        "coordinates": [
          17.918611,
          59.651944
        ]
      }
    },
    {
      "type": "Feature",
      "id": "HECA-LGAV:001",
      "properties": {
        "route_id": "HECA-LGAV",
        "route_name": "HECA-LGAV",
        "origin": "HECA",
        "destination": "LGAV",
        "point_count": 14,
        "source_file": "HECA-LGAV.gpx",
        "point_id": "HECA-LGAV:001",
        "sequence": 1,
        "waypoint": "HECA",
        "point_role": "origin",
        "overfly": false,
        "longitude": 31.413889,
        "latitude": 30.111389
      },
      "geometry": {
        "type": "Point",
        "coordinates": [
          31.413889,
          30.111389
        ]
      }
    },
    {
      "type": "Feature",
      "id": "HECA-LGAV:002",
      "properties": {
        "route_id": "HECA-LGAV",
        "route_name": "HECA-LGAV",
        "origin": "HECA",
        "destination": "LGAV",
        "point_count": 14,
        "source_file": "HECA-LGAV.gpx",
        "point_id": "HECA-LGAV:002",
        "sequence": 2,
        "waypoint": "CVO",
        "point_role": "enroute",
        "overfly": false,
        "longitude": 31.388417,
        "latitude": 30.092306
      },
      "geometry": {
        "type": "Point",
        "coordinates": [
          31.388417,
          30.092306
        ]
      }
    },
    {
      "type": "Feature",
      "id": "HECA-LGAV:003",
      "properties": {
        "route_id": "HECA-LGAV",
        "route_name": "HECA-LGAV",
        "origin": "HECA",
        "destination": "LGAV",
        "point_count": 14,
        "source_file": "HECA-LGAV.gpx",
        "point_id": "HECA-LGAV:003",
        "sequence": 3,
        "waypoint": "MENKU",
        "point_role": "enroute",
        "overfly": false,
        "longitude": 30.301667,
        "latitude": 31.091944
      },
      "geometry": {
        "type": "Point",
        "coordinates": [
          30.301667,
          31.091944
        ]
      }
    },
    {
      "type": "Feature",
      "id": "HECA-LGAV:004",
      "properties": {
        "route_id": "HECA-LGAV",
        "route_name": "HECA-LGAV",
        "origin": "HECA",
        "destination": "LGAV",
        "point_count": 14,
        "source_file": "HECA-LGAV.gpx",
        "point_id": "HECA-LGAV:004",
        "sequence": 4,
        "waypoint": "NOZ",
        "point_role": "enroute",
        "overfly": false,
        "longitude": 29.950833,
        "latitude": 31.1875
      },
      "geometry": {
        "type": "Point",
        "coordinates": [
          29.950833,
          31.1875
        ]
      }
    },
    {
      "type": "Feature",
      "id": "HECA-LGAV:005",
      "properties": {
        "route_id": "HECA-LGAV",
        "route_name": "HECA-LGAV",
        "origin": "HECA",
        "destination": "LGAV",
        "point_count": 14,
        "source_file": "HECA-LGAV.gpx",
        "point_id": "HECA-LGAV:005",
        "sequence": 5,
        "waypoint": "GOMVA",
        "point_role": "enroute",
        "overfly": false,
        "longitude": 29.4375,
        "latitude": 32.002778
      },
      "geometry": {
        "type": "Point",
        "coordinates": [
          29.4375,
          32.002778
        ]
      }
    },
    {
      "type": "Feature",
      "id": "HECA-LGAV:006",
      "properties": {
        "route_id": "HECA-LGAV",
        "route_name": "HECA-LGAV",
        "origin": "HECA",
        "destination": "LGAV",
        "point_count": 14,
        "source_file": "HECA-LGAV.gpx",
        "point_id": "HECA-LGAV:006",
        "sequence": 6,
        "waypoint": "NOGLI",
        "point_role": "enroute",
        "overfly": false,
        "longitude": 29.303056,
        "latitude": 32.213611
      },
      "geometry": {
        "type": "Point",
        "coordinates": [
          29.303056,
          32.213611
        ]
      }
    },
    {
      "type": "Feature",
      "id": "HECA-LGAV:007",
      "properties": {
        "route_id": "HECA-LGAV",
        "route_name": "HECA-LGAV",
        "origin": "HECA",
        "destination": "LGAV",
        "point_count": 14,
        "source_file": "HECA-LGAV.gpx",
        "point_id": "HECA-LGAV:007",
        "sequence": 7,
        "waypoint": "ANTAR",
        "point_role": "enroute",
        "overfly": false,
        "longitude": 28.266667,
        "latitude": 33.8
      },
      "geometry": {
        "type": "Point",
        "coordinates": [
          28.266667,
          33.8
        ]
      }
    },
    {
      "type": "Feature",
      "id": "HECA-LGAV:008",
      "properties": {
        "route_id": "HECA-LGAV",
        "route_name": "HECA-LGAV",
        "origin": "HECA",
        "destination": "LGAV",
        "point_count": 14,
        "source_file": "HECA-LGAV.gpx",
        "point_id": "HECA-LGAV:008",
        "sequence": 8,
        "waypoint": "KPC",
        "point_role": "enroute",
        "overfly": false,
        "longitude": 27.146911,
        "latitude": 35.421822
      },
      "geometry": {
        "type": "Point",
        "coordinates": [
          27.146911,
          35.421822
        ]
      }
    },
    {
      "type": "Feature",
      "id": "HECA-LGAV:009",
      "properties": {
        "route_id": "HECA-LGAV",
        "route_name": "HECA-LGAV",
        "origin": "HECA",
        "destination": "LGAV",
        "point_count": 14,
        "source_file": "HECA-LGAV.gpx",
        "point_id": "HECA-LGAV:009",
        "sequence": 9,
        "waypoint": "TIPAS",
        "point_role": "enroute",
        "overfly": false,
        "longitude": 26.763333,
        "latitude": 35.907778
      },
      "geometry": {
        "type": "Point",
        "coordinates": [
          26.763333,
          35.907778
        ]
      }
    },
    {
      "type": "Feature",
      "id": "HECA-LGAV:010",
      "properties": {
        "route_id": "HECA-LGAV",
        "route_name": "HECA-LGAV",
        "origin": "HECA",
        "destination": "LGAV",
        "point_count": 14,
        "source_file": "HECA-LGAV.gpx",
        "point_id": "HECA-LGAV:010",
        "sequence": 10,
        "waypoint": "ASTIS",
        "point_role": "enroute",
        "overfly": false,
        "longitude": 26.232778,
        "latitude": 36.565278
      },
      "geometry": {
        "type": "Point",
        "coordinates": [
          26.232778,
          36.565278
        ]
      }
    },
    {
      "type": "Feature",
      "id": "HECA-LGAV:011",
      "properties": {
        "route_id": "HECA-LGAV",
        "route_name": "HECA-LGAV",
        "origin": "HECA",
        "destination": "LGAV",
        "point_count": 14,
        "source_file": "HECA-LGAV.gpx",
        "point_id": "HECA-LGAV:011",
        "sequence": 11,
        "waypoint": "PEROK",
        "point_role": "enroute",
        "overfly": false,
        "longitude": 25.451667,
        "latitude": 37.204444
      },
      "geometry": {
        "type": "Point",
        "coordinates": [
          25.451667,
          37.204444
        ]
      }
    },
    {
      "type": "Feature",
      "id": "HECA-LGAV:012",
      "properties": {
        "route_id": "HECA-LGAV",
        "route_name": "HECA-LGAV",
        "origin": "HECA",
        "destination": "LGAV",
        "point_count": 14,
        "source_file": "HECA-LGAV.gpx",
        "point_id": "HECA-LGAV:012",
        "sequence": 12,
        "waypoint": "RIPLI",
        "point_role": "enroute",
        "overfly": false,
        "longitude": 25.362778,
        "latitude": 37.275833
      },
      "geometry": {
        "type": "Point",
        "coordinates": [
          25.362778,
          37.275833
        ]
      }
    },
    {
      "type": "Feature",
      "id": "HECA-LGAV:013",
      "properties": {
        "route_id": "HECA-LGAV",
        "route_name": "HECA-LGAV",
        "origin": "HECA",
        "destination": "LGAV",
        "point_count": 14,
        "source_file": "HECA-LGAV.gpx",
        "point_id": "HECA-LGAV:013",
        "sequence": 13,
        "waypoint": "VARIX",
        "point_role": "enroute",
        "overfly": false,
        "longitude": 25.034167,
        "latitude": 37.363889
      },
      "geometry": {
        "type": "Point",
        "coordinates": [
          25.034167,
          37.363889
        ]
      }
    },
    {
      "type": "Feature",
      "id": "HECA-LGAV:014",
      "properties": {
        "route_id": "HECA-LGAV",
        "route_name": "HECA-LGAV",
        "origin": "HECA",
        "destination": "LGAV",
        "point_count": 14,
        "source_file": "HECA-LGAV.gpx",
        "point_id": "HECA-LGAV:014",
        "sequence": 14,
        "waypoint": "LGAV",
        "point_role": "destination",
        "overfly": false,
        "longitude": 23.9445,
        "latitude": 37.9367
      },
      "geometry": {
        "type": "Point",
        "coordinates": [
          23.9445,
          37.9367
        ]
      }
    },
    {
      "type": "Feature",
      "id": "HECA-LHBP:001",
      "properties": {
        "route_id": "HECA-LHBP",
        "route_name": "HECA-LHBP",
        "origin": "HECA",
        "destination": "LHBP",
        "point_count": 31,
        "source_file": "HECA-LHBP.gpx",
        "point_id": "HECA-LHBP:001",
        "sequence": 1,
        "waypoint": "HECA",
        "point_role": "origin",
        "overfly": false,
        "longitude": 31.413889,
        "latitude": 30.111389
      },
      "geometry": {
        "type": "Point",
        "coordinates": [
          31.413889,
          30.111389
        ]
      }
    },
    {
      "type": "Feature",
      "id": "HECA-LHBP:002",
      "properties": {
        "route_id": "HECA-LHBP",
        "route_name": "HECA-LHBP",
        "origin": "HECA",
        "destination": "LHBP",
        "point_count": 31,
        "source_file": "HECA-LHBP.gpx",
        "point_id": "HECA-LHBP:002",
        "sequence": 2,
        "waypoint": "CVO",
        "point_role": "enroute",
        "overfly": false,
        "longitude": 31.388417,
        "latitude": 30.092306
      },
      "geometry": {
        "type": "Point",
        "coordinates": [
          31.388417,
          30.092306
        ]
      }
    },
    {
      "type": "Feature",
      "id": "HECA-LHBP:003",
      "properties": {
        "route_id": "HECA-LHBP",
        "route_name": "HECA-LHBP",
        "origin": "HECA",
        "destination": "LHBP",
        "point_count": 31,
        "source_file": "HECA-LHBP.gpx",
        "point_id": "HECA-LHBP:003",
        "sequence": 3,
        "waypoint": "LAGVI",
        "point_role": "enroute",
        "overfly": false,
        "longitude": 31.512222,
        "latitude": 30.751944
      },
      "geometry": {
        "type": "Point",
        "coordinates": [
          31.512222,
          30.751944
        ]
      }
    },
    {
      "type": "Feature",
      "id": "HECA-LHBP:004",
      "properties": {
        "route_id": "HECA-LHBP",
        "route_name": "HECA-LHBP",
        "origin": "HECA",
        "destination": "LHBP",
        "point_count": 31,
        "source_file": "HECA-LHBP.gpx",
        "point_id": "HECA-LHBP:004",
        "sequence": 4,
        "waypoint": "ULOMO",
        "point_role": "enroute",
        "overfly": false,
        "longitude": 31.420833,
        "latitude": 31.250833
      },
      "geometry": {
        "type": "Point",
        "coordinates": [
          31.420833,
          31.250833
        ]
      }
    },
    {
      "type": "Feature",
      "id": "HECA-LHBP:005",
      "properties": {
        "route_id": "HECA-LHBP",
        "route_name": "HECA-LHBP",
        "origin": "HECA",
        "destination": "LHBP",
        "point_count": 31,
        "source_file": "HECA-LHBP.gpx",
        "point_id": "HECA-LHBP:005",
        "sequence": 5,
        "waypoint": "SENTO",
        "point_role": "enroute",
        "overfly": false,
        "longitude": 31.364444,
        "latitude": 31.554722
      },
      "geometry": {
        "type": "Point",
        "coordinates": [
          31.364444,
          31.554722
        ]
      }
    },
    {
      "type": "Feature",
      "id": "HECA-LHBP:006",
      "properties": {
        "route_id": "HECA-LHBP",
        "route_name": "HECA-LHBP",
        "origin": "HECA",
        "destination": "LHBP",
        "point_count": 31,
        "source_file": "HECA-LHBP.gpx",
        "point_id": "HECA-LHBP:006",
        "sequence": 6,
        "waypoint": "DARUR",
        "point_role": "enroute",
        "overfly": false,
        "longitude": 31.332222,
        "latitude": 31.865556
      },
      "geometry": {
        "type": "Point",
        "coordinates": [
          31.332222,
          31.865556
        ]
      }
    },
    {
      "type": "Feature",
      "id": "HECA-LHBP:007",
      "properties": {
        "route_id": "HECA-LHBP",
        "route_name": "HECA-LHBP",
        "origin": "HECA",
        "destination": "LHBP",
        "point_count": 31,
        "source_file": "HECA-LHBP.gpx",
        "point_id": "HECA-LHBP:007",
        "sequence": 7,
        "waypoint": "NIVTI",
        "point_role": "enroute",
        "overfly": false,
        "longitude": 31.311944,
        "latitude": 32.057222
      },
      "geometry": {
        "type": "Point",
        "coordinates": [
          31.311944,
          32.057222
        ]
      }
    },
    {
      "type": "Feature",
      "id": "HECA-LHBP:008",
      "properties": {
        "route_id": "HECA-LHBP",
        "route_name": "HECA-LHBP",
        "origin": "HECA",
        "destination": "LHBP",
        "point_count": 31,
        "source_file": "HECA-LHBP.gpx",
        "point_id": "HECA-LHBP:008",
        "sequence": 8,
        "waypoint": "IMPIP",
        "point_role": "enroute",
        "overfly": false,
        "longitude": 31.299722,
        "latitude": 32.171667
      },
      "geometry": {
        "type": "Point",
        "coordinates": [
          31.299722,
          32.171667
        ]
      }
    },
    {
      "type": "Feature",
      "id": "HECA-LHBP:009",
      "properties": {
        "route_id": "HECA-LHBP",
        "route_name": "HECA-LHBP",
        "origin": "HECA",
        "destination": "LHBP",
        "point_count": 31,
        "source_file": "HECA-LHBP.gpx",
        "point_id": "HECA-LHBP:009",
        "sequence": 9,
        "waypoint": "AZMEY",
        "point_role": "enroute",
        "overfly": false,
        "longitude": 31.255833,
        "latitude": 32.578333
      },
      "geometry": {
        "type": "Point",
        "coordinates": [
          31.255833,
          32.578333
        ]
      }
    },
    {
      "type": "Feature",
      "id": "HECA-LHBP:010",
      "properties": {
        "route_id": "HECA-LHBP",
        "route_name": "HECA-LHBP",
        "origin": "HECA",
        "destination": "LHBP",
        "point_count": 31,
        "source_file": "HECA-LHBP.gpx",
        "point_id": "HECA-LHBP:010",
        "sequence": 10,
        "waypoint": "RASDA",
        "point_role": "enroute",
        "overfly": false,
        "longitude": 30.95,
        "latitude": 33.1
      },
      "geometry": {
        "type": "Point",
        "coordinates": [
          30.95,
          33.1
        ]
      }
    },
    {
      "type": "Feature",
      "id": "HECA-LHBP:011",
      "properties": {
        "route_id": "HECA-LHBP",
        "route_name": "HECA-LHBP",
        "origin": "HECA",
        "destination": "LHBP",
        "point_count": 31,
        "source_file": "HECA-LHBP.gpx",
        "point_id": "HECA-LHBP:011",
        "sequence": 11,
        "waypoint": "USEBE",
        "point_role": "enroute",
        "overfly": false,
        "longitude": 30.917778,
        "latitude": 33.952778
      },
      "geometry": {
        "type": "Point",
        "coordinates": [
          30.917778,
          33.952778
        ]
      }
    },
    {
      "type": "Feature",
      "id": "HECA-LHBP:012",
      "properties": {
        "route_id": "HECA-LHBP",
        "route_name": "HECA-LHBP",
        "origin": "HECA",
        "destination": "LHBP",
        "point_count": 31,
        "source_file": "HECA-LHBP.gpx",
        "point_id": "HECA-LHBP:012",
        "sequence": 12,
        "waypoint": "KOMEZ",
        "point_role": "enroute",
        "overfly": false,
        "longitude": 30.901667,
        "latitude": 34.243056
      },
      "geometry": {
        "type": "Point",
        "coordinates": [
          30.901667,
          34.243056
        ]
      }
    },
    {
      "type": "Feature",
      "id": "HECA-LHBP:013",
      "properties": {
        "route_id": "HECA-LHBP",
        "route_name": "HECA-LHBP",
        "origin": "HECA",
        "destination": "LHBP",
        "point_count": 31,
        "source_file": "HECA-LHBP.gpx",
        "point_id": "HECA-LHBP:013",
        "sequence": 13,
        "waypoint": "MAROS",
        "point_role": "enroute",
        "overfly": false,
        "longitude": 30.883333,
        "latitude": 34.616667
      },
      "geometry": {
        "type": "Point",
        "coordinates": [
          30.883333,
          34.616667
        ]
      }
    },
    {
      "type": "Feature",
      "id": "HECA-LHBP:014",
      "properties": {
        "route_id": "HECA-LHBP",
        "route_name": "HECA-LHBP",
        "origin": "HECA",
        "destination": "LHBP",
        "point_count": 31,
        "source_file": "HECA-LHBP.gpx",
        "point_id": "HECA-LHBP:014",
        "sequence": 14,
        "waypoint": "PEDER",
        "point_role": "enroute",
        "overfly": false,
        "longitude": 30.864722,
        "latitude": 35.178056
      },
      "geometry": {
        "type": "Point",
        "coordinates": [
          30.864722,
          35.178056
        ]
      }
    },
    {
      "type": "Feature",
      "id": "HECA-LHBP:015",
      "properties": {
        "route_id": "HECA-LHBP",
        "route_name": "HECA-LHBP",
        "origin": "HECA",
        "destination": "LHBP",
        "point_count": 31,
        "source_file": "HECA-LHBP.gpx",
        "point_id": "HECA-LHBP:015",
        "sequence": 15,
        "waypoint": "TOMBI",
        "point_role": "enroute",
        "overfly": false,
        "longitude": 30.824444,
        "latitude": 36.040556
      },
      "geometry": {
        "type": "Point",
        "coordinates": [
          30.824444,
          36.040556
        ]
      }
    },
    {
      "type": "Feature",
      "id": "HECA-LHBP:016",
      "properties": {
        "route_id": "HECA-LHBP",
        "route_name": "HECA-LHBP",
        "origin": "HECA",
        "destination": "LHBP",
        "point_count": 31,
        "source_file": "HECA-LHBP.gpx",
        "point_id": "HECA-LHBP:016",
        "sequence": 16,
        "waypoint": "DERYA",
        "point_role": "enroute",
        "overfly": false,
        "longitude": 30.811944,
        "latitude": 36.415556
      },
      "geometry": {
        "type": "Point",
        "coordinates": [
          30.811944,
          36.415556
        ]
      }
    },
    {
      "type": "Feature",
      "id": "HECA-LHBP:017",
      "properties": {
        "route_id": "HECA-LHBP",
        "route_name": "HECA-LHBP",
        "origin": "HECA",
        "destination": "LHBP",
        "point_count": 31,
        "source_file": "HECA-LHBP.gpx",
        "point_id": "HECA-LHBP:017",
        "sequence": 17,
        "waypoint": "AYT",
        "point_role": "enroute",
        "overfly": false,
        "longitude": 30.794472,
        "latitude": 36.920806
      },
      "geometry": {
        "type": "Point",
        "coordinates": [
          30.794472,
          36.920806
        ]
      }
    },
    {
      "type": "Feature",
      "id": "HECA-LHBP:018",
      "properties": {
        "route_id": "HECA-LHBP",
        "route_name": "HECA-LHBP",
        "origin": "HECA",
        "destination": "LHBP",
        "point_count": 31,
        "source_file": "HECA-LHBP.gpx",
        "point_id": "HECA-LHBP:018",
        "sequence": 18,
        "waypoint": "EKNUD",
        "point_role": "enroute",
        "overfly": false,
        "longitude": 30.810178,
        "latitude": 38.129297
      },
      "geometry": {
        "type": "Point",
        "coordinates": [
          30.810178,
          38.129297
        ]
      }
    },
    {
      "type": "Feature",
      "id": "HECA-LHBP:019",
      "properties": {
        "route_id": "HECA-LHBP",
        "route_name": "HECA-LHBP",
        "origin": "HECA",
        "destination": "LHBP",
        "point_count": 31,
        "source_file": "HECA-LHBP.gpx",
        "point_id": "HECA-LHBP:019",
        "sequence": 19,
        "waypoint": "OSDAN",
        "point_role": "enroute",
        "overfly": false,
        "longitude": 30.690278,
        "latitude": 38.851944
      },
      "geometry": {
        "type": "Point",
        "coordinates": [
          30.690278,
          38.851944
        ]
      }
    },
    {
      "type": "Feature",
      "id": "HECA-LHBP:020",
      "properties": {
        "route_id": "HECA-LHBP",
        "route_name": "HECA-LHBP",
        "origin": "HECA",
        "destination": "LHBP",
        "point_count": 31,
        "source_file": "HECA-LHBP.gpx",
        "point_id": "HECA-LHBP:020",
        "sequence": 20,
        "waypoint": "HANKO",
        "point_role": "enroute",
        "overfly": false,
        "longitude": 30.266111,
        "latitude": 39.498889
      },
      "geometry": {
        "type": "Point",
        "coordinates": [
          30.266111,
          39.498889
        ]
      }
    },
    {
      "type": "Feature",
      "id": "HECA-LHBP:021",
      "properties": {
        "route_id": "HECA-LHBP",
        "route_name": "HECA-LHBP",
        "origin": "HECA",
        "destination": "LHBP",
        "point_count": 31,
        "source_file": "HECA-LHBP.gpx",
        "point_id": "HECA-LHBP:021",
        "sequence": 21,
        "waypoint": "EMBIX",
        "point_role": "enroute",
        "overfly": false,
        "longitude": 30.018056,
        "latitude": 39.961944
      },
      "geometry": {
        "type": "Point",
        "coordinates": [
          30.018056,
          39.961944
        ]
      }
    },
    {
      "type": "Feature",
      "id": "HECA-LHBP:022",
      "properties": {
        "route_id": "HECA-LHBP",
        "route_name": "HECA-LHBP",
        "origin": "HECA",
        "destination": "LHBP",
        "point_count": 31,
        "source_file": "HECA-LHBP.gpx",
        "point_id": "HECA-LHBP:022",
        "sequence": 22,
        "waypoint": "INSEG",
        "point_role": "enroute",
        "overfly": false,
        "longitude": 29.636389,
        "latitude": 40.661389
      },
      "geometry": {
        "type": "Point",
        "coordinates": [
          29.636389,
          40.661389
        ]
      }
    },
    {
      "type": "Feature",
      "id": "HECA-LHBP:023",
      "properties": {
        "route_id": "HECA-LHBP",
        "route_name": "HECA-LHBP",
        "origin": "HECA",
        "destination": "LHBP",
        "point_count": 31,
        "source_file": "HECA-LHBP.gpx",
        "point_id": "HECA-LHBP:023",
        "sequence": 23,
        "waypoint": "BKZ",
        "point_role": "enroute",
        "overfly": false,
        "longitude": 29.142889,
        "latitude": 41.126972
      },
      "geometry": {
        "type": "Point",
        "coordinates": [
          29.142889,
          41.126972
        ]
      }
    },
    {
      "type": "Feature",
      "id": "HECA-LHBP:024",
      "properties": {
        "route_id": "HECA-LHBP",
        "route_name": "HECA-LHBP",
        "origin": "HECA",
        "destination": "LHBP",
        "point_count": 31,
        "source_file": "HECA-LHBP.gpx",
        "point_id": "HECA-LHBP:024",
        "sequence": 24,
        "waypoint": "DIGBO",
        "point_role": "enroute",
        "overfly": false,
        "longitude": 28.404444,
        "latitude": 41.493611
      },
      "geometry": {
        "type": "Point",
        "coordinates": [
          28.404444,
          41.493611
        ]
      }
    },
    {
      "type": "Feature",
      "id": "HECA-LHBP:025",
      "properties": {
        "route_id": "HECA-LHBP",
        "route_name": "HECA-LHBP",
        "origin": "HECA",
        "destination": "LHBP",
        "point_count": 31,
        "source_file": "HECA-LHBP.gpx",
        "point_id": "HECA-LHBP:025",
        "sequence": 25,
        "waypoint": "REZOV",
        "point_role": "enroute",
        "overfly": false,
        "longitude": 28.110556,
        "latitude": 41.983333
      },
      "geometry": {
        "type": "Point",
        "coordinates": [
          28.110556,
          41.983333
        ]
      }
    },
    {
      "type": "Feature",
      "id": "HECA-LHBP:026",
      "properties": {
        "route_id": "HECA-LHBP",
        "route_name": "HECA-LHBP",
        "origin": "HECA",
        "destination": "LHBP",
        "point_count": 31,
        "source_file": "HECA-LHBP.gpx",
        "point_id": "HECA-LHBP:026",
        "sequence": 26,
        "waypoint": "ARNOV",
        "point_role": "enroute",
        "overfly": false,
        "longitude": 26.768056,
        "latitude": 42.747778
      },
      "geometry": {
        "type": "Point",
        "coordinates": [
          26.768056,
          42.747778
        ]
      }
    },
    {
      "type": "Feature",
      "id": "HECA-LHBP:027",
      "properties": {
        "route_id": "HECA-LHBP",
        "route_name": "HECA-LHBP",
        "origin": "HECA",
        "destination": "LHBP",
        "point_count": 31,
        "source_file": "HECA-LHBP.gpx",
        "point_id": "HECA-LHBP:027",
        "sequence": 27,
        "waypoint": "AMTOV",
        "point_role": "enroute",
        "overfly": false,
        "longitude": 26.151944,
        "latitude": 43.1725
      },
      "geometry": {
        "type": "Point",
        "coordinates": [
          26.151944,
          43.1725
        ]
      }
    },
    {
      "type": "Feature",
      "id": "HECA-LHBP:028",
      "properties": {
        "route_id": "HECA-LHBP",
        "route_name": "HECA-LHBP",
        "origin": "HECA",
        "destination": "LHBP",
        "point_count": 31,
        "source_file": "HECA-LHBP.gpx",
        "point_id": "HECA-LHBP:028",
        "sequence": 28,
        "waypoint": "APROB",
        "point_role": "enroute",
        "overfly": false,
        "longitude": 25.0025,
        "latitude": 43.973333
      },
      "geometry": {
        "type": "Point",
        "coordinates": [
          25.0025,
          43.973333
        ]
      }
    },
    {
      "type": "Feature",
      "id": "HECA-LHBP:029",
      "properties": {
        "route_id": "HECA-LHBP",
        "route_name": "HECA-LHBP",
        "origin": "HECA",
        "destination": "LHBP",
        "point_count": 31,
        "source_file": "HECA-LHBP.gpx",
        "point_id": "HECA-LHBP:029",
        "sequence": 29,
        "waypoint": "DEGET",
        "point_role": "enroute",
        "overfly": false,
        "longitude": 21.267222,
        "latitude": 46.493611
      },
      "geometry": {
        "type": "Point",
        "coordinates": [
          21.267222,
          46.493611
        ]
      }
    },
    {
      "type": "Feature",
      "id": "HECA-LHBP:030",
      "properties": {
        "route_id": "HECA-LHBP",
        "route_name": "HECA-LHBP",
        "origin": "HECA",
        "destination": "LHBP",
        "point_count": 31,
        "source_file": "HECA-LHBP.gpx",
        "point_id": "HECA-LHBP:030",
        "sequence": 30,
        "waypoint": "KEZAL",
        "point_role": "enroute",
        "overfly": false,
        "longitude": 20.231389,
        "latitude": 47.153611
      },
      "geometry": {
        "type": "Point",
        "coordinates": [
          20.231389,
          47.153611
        ]
      }
    },
    {
      "type": "Feature",
      "id": "HECA-LHBP:031",
      "properties": {
        "route_id": "HECA-LHBP",
        "route_name": "HECA-LHBP",
        "origin": "HECA",
        "destination": "LHBP",
        "point_count": 31,
        "source_file": "HECA-LHBP.gpx",
        "point_id": "HECA-LHBP:031",
        "sequence": 31,
        "waypoint": "LHBP",
        "point_role": "destination",
        "overfly": false,
        "longitude": 19.261944,
        "latitude": 47.439444
      },
      "geometry": {
        "type": "Point",
        "coordinates": [
          19.261944,
          47.439444
        ]
      }
    },
    {
      "type": "Feature",
      "id": "HECA-LIRF:001",
      "properties": {
        "route_id": "HECA-LIRF",
        "route_name": "HECA-LIRF",
        "origin": "HECA",
        "destination": "LIRF",
        "point_count": 19,
        "source_file": "HECA-LIRF.gpx",
        "point_id": "HECA-LIRF:001",
        "sequence": 1,
        "waypoint": "HECA",
        "point_role": "origin",
        "overfly": false,
        "longitude": 31.413889,
        "latitude": 30.111389
      },
      "geometry": {
        "type": "Point",
        "coordinates": [
          31.413889,
          30.111389
        ]
      }
    },
    {
      "type": "Feature",
      "id": "HECA-LIRF:002",
      "properties": {
        "route_id": "HECA-LIRF",
        "route_name": "HECA-LIRF",
        "origin": "HECA",
        "destination": "LIRF",
        "point_count": 19,
        "source_file": "HECA-LIRF.gpx",
        "point_id": "HECA-LIRF:002",
        "sequence": 2,
        "waypoint": "CVO",
        "point_role": "enroute",
        "overfly": false,
        "longitude": 31.388417,
        "latitude": 30.092306
      },
      "geometry": {
        "type": "Point",
        "coordinates": [
          31.388417,
          30.092306
        ]
      }
    },
    {
      "type": "Feature",
      "id": "HECA-LIRF:003",
      "properties": {
        "route_id": "HECA-LIRF",
        "route_name": "HECA-LIRF",
        "origin": "HECA",
        "destination": "LIRF",
        "point_count": 19,
        "source_file": "HECA-LIRF.gpx",
        "point_id": "HECA-LIRF:003",
        "sequence": 3,
        "waypoint": "MENKU",
        "point_role": "enroute",
        "overfly": false,
        "longitude": 30.301667,
        "latitude": 31.091944
      },
      "geometry": {
        "type": "Point",
        "coordinates": [
          30.301667,
          31.091944
        ]
      }
    },
    {
      "type": "Feature",
      "id": "HECA-LIRF:004",
      "properties": {
        "route_id": "HECA-LIRF",
        "route_name": "HECA-LIRF",
        "origin": "HECA",
        "destination": "LIRF",
        "point_count": 19,
        "source_file": "HECA-LIRF.gpx",
        "point_id": "HECA-LIRF:004",
        "sequence": 4,
        "waypoint": "NOZ",
        "point_role": "enroute",
        "overfly": false,
        "longitude": 29.950833,
        "latitude": 31.1875
      },
      "geometry": {
        "type": "Point",
        "coordinates": [
          29.950833,
          31.1875
        ]
      }
    },
    {
      "type": "Feature",
      "id": "HECA-LIRF:005",
      "properties": {
        "route_id": "HECA-LIRF",
        "route_name": "HECA-LIRF",
        "origin": "HECA",
        "destination": "LIRF",
        "point_count": 19,
        "source_file": "HECA-LIRF.gpx",
        "point_id": "HECA-LIRF:005",
        "sequence": 5,
        "waypoint": "SOBAX",
        "point_role": "enroute",
        "overfly": false,
        "longitude": 29.309722,
        "latitude": 31.585556
      },
      "geometry": {
        "type": "Point",
        "coordinates": [
          29.309722,
          31.585556
        ]
      }
    },
    {
      "type": "Feature",
      "id": "HECA-LIRF:006",
      "properties": {
        "route_id": "HECA-LIRF",
        "route_name": "HECA-LIRF",
        "origin": "HECA",
        "destination": "LIRF",
        "point_count": 19,
        "source_file": "HECA-LIRF.gpx",
        "point_id": "HECA-LIRF:006",
        "sequence": 6,
        "waypoint": "NABSI",
        "point_role": "enroute",
        "overfly": false,
        "longitude": 29.071944,
        "latitude": 31.731111
      },
      "geometry": {
        "type": "Point",
        "coordinates": [
          29.071944,
          31.731111
        ]
      }
    },
    {
      "type": "Feature",
      "id": "HECA-LIRF:007",
      "properties": {
        "route_id": "HECA-LIRF",
        "route_name": "HECA-LIRF",
        "origin": "HECA",
        "destination": "LIRF",
        "point_count": 19,
        "source_file": "HECA-LIRF.gpx",
        "point_id": "HECA-LIRF:007",
        "sequence": 7,
        "waypoint": "LAKBA",
        "point_role": "enroute",
        "overfly": false,
        "longitude": 27.432222,
        "latitude": 32.711111
      },
      "geometry": {
        "type": "Point",
        "coordinates": [
          27.432222,
          32.711111
        ]
      }
    },
    {
      "type": "Feature",
      "id": "HECA-LIRF:008",
      "properties": {
        "route_id": "HECA-LIRF",
        "route_name": "HECA-LIRF",
        "origin": "HECA",
        "destination": "LIRF",
        "point_count": 19,
        "source_file": "HECA-LIRF.gpx",
        "point_id": "HECA-LIRF:008",
        "sequence": 8,
        "waypoint": "ITEXO",
        "point_role": "enroute",
        "overfly": false,
        "longitude": 26.976111,
        "latitude": 32.975556
      },
      "geometry": {
        "type": "Point",
        "coordinates": [
          26.976111,
          32.975556
        ]
      }
    },
    {
      "type": "Feature",
      "id": "HECA-LIRF:009",
      "properties": {
        "route_id": "HECA-LIRF",
        "route_name": "HECA-LIRF",
        "origin": "HECA",
        "destination": "LIRF",
        "point_count": 19,
        "source_file": "HECA-LIRF.gpx",
        "point_id": "HECA-LIRF:009",
        "sequence": 9,
        "waypoint": "METRU",
        "point_role": "enroute",
        "overfly": false,
        "longitude": 25.15,
        "latitude": 34.0
      },
      "geometry": {
        "type": "Point",
        "coordinates": [
          25.15,
          34.0
        ]
      }
    },
    {
      "type": "Feature",
      "id": "HECA-LIRF:010",
      "properties": {
        "route_id": "HECA-LIRF",
        "route_name": "HECA-LIRF",
        "origin": "HECA",
        "destination": "LIRF",
        "point_count": 19,
        "source_file": "HECA-LIRF.gpx",
        "point_id": "HECA-LIRF:010",
        "sequence": 10,
        "waypoint": "TETUZ",
        "point_role": "enroute",
        "overfly": false,
        "longitude": 21.608611,
        "latitude": 36.031667
      },
      "geometry": {
        "type": "Point",
        "coordinates": [
          21.608611,
          36.031667
        ]
      }
    },
    {
      "type": "Feature",
      "id": "HECA-LIRF:011",
      "properties": {
        "route_id": "HECA-LIRF",
        "route_name": "HECA-LIRF",
        "origin": "HECA",
        "destination": "LIRF",
        "point_count": 19,
        "source_file": "HECA-LIRF.gpx",
        "point_id": "HECA-LIRF:011",
        "sequence": 11,
        "waypoint": "LORNO",
        "point_role": "enroute",
        "overfly": false,
        "longitude": 19.0,
        "latitude": 37.4
      },
      "geometry": {
        "type": "Point",
        "coordinates": [
          19.0,
          37.4
        ]
      }
    },
    {
      "type": "Feature",
      "id": "HECA-LIRF:012",
      "properties": {
        "route_id": "HECA-LIRF",
        "route_name": "HECA-LIRF",
        "origin": "HECA",
        "destination": "LIRF",
        "point_count": 19,
        "source_file": "HECA-LIRF.gpx",
        "point_id": "HECA-LIRF:012",
        "sequence": 12,
        "waypoint": "CRN",
        "point_role": "enroute",
        "overfly": false,
        "longitude": 17.083056,
        "latitude": 38.996111
      },
      "geometry": {
        "type": "Point",
        "coordinates": [
          17.083056,
          38.996111
        ]
      }
    },
    {
      "type": "Feature",
      "id": "HECA-LIRF:013",
      "properties": {
        "route_id": "HECA-LIRF",
        "route_name": "HECA-LIRF",
        "origin": "HECA",
        "destination": "LIRF",
        "point_count": 19,
        "source_file": "HECA-LIRF.gpx",
        "point_id": "HECA-LIRF:013",
        "sequence": 13,
        "waypoint": "LODPA",
        "point_role": "enroute",
        "overfly": false,
        "longitude": 16.326111,
        "latitude": 39.162222
      },
      "geometry": {
        "type": "Point",
        "coordinates": [
          16.326111,
          39.162222
        ]
      }
    },
    {
      "type": "Feature",
      "id": "HECA-LIRF:014",
      "properties": {
        "route_id": "HECA-LIRF",
        "route_name": "HECA-LIRF",
        "origin": "HECA",
        "destination": "LIRF",
        "point_count": 19,
        "source_file": "HECA-LIRF.gpx",
        "point_id": "HECA-LIRF:014",
        "sequence": 14,
        "waypoint": "POLIT",
        "point_role": "enroute",
        "overfly": false,
        "longitude": 14.833333,
        "latitude": 40.146667
      },
      "geometry": {
        "type": "Point",
        "coordinates": [
          14.833333,
          40.146667
        ]
      }
    },
    {
      "type": "Feature",
      "id": "HECA-LIRF:015",
      "properties": {
        "route_id": "HECA-LIRF",
        "route_name": "HECA-LIRF",
        "origin": "HECA",
        "destination": "LIRF",
        "point_count": 19,
        "source_file": "HECA-LIRF.gpx",
        "point_id": "HECA-LIRF:015",
        "sequence": 15,
        "waypoint": "SOR",
        "point_role": "enroute",
        "overfly": false,
        "longitude": 14.335028,
        "latitude": 40.582444
      },
      "geometry": {
        "type": "Point",
        "coordinates": [
          14.335028,
          40.582444
        ]
      }
    },
    {
      "type": "Feature",
      "id": "HECA-LIRF:016",
      "properties": {
        "route_id": "HECA-LIRF",
        "route_name": "HECA-LIRF",
        "origin": "HECA",
        "destination": "LIRF",
        "point_count": 19,
        "source_file": "HECA-LIRF.gpx",
        "point_id": "HECA-LIRF:016",
        "sequence": 16,
        "waypoint": "TEA",
        "point_role": "enroute",
        "overfly": false,
        "longitude": 13.970667,
        "latitude": 41.296778
      },
      "geometry": {
        "type": "Point",
        "coordinates": [
          13.970667,
          41.296778
        ]
      }
    },
    {
      "type": "Feature",
      "id": "HECA-LIRF:017",
      "properties": {
        "route_id": "HECA-LIRF",
        "route_name": "HECA-LIRF",
        "origin": "HECA",
        "destination": "LIRF",
        "point_count": 19,
        "source_file": "HECA-LIRF.gpx",
        "point_id": "HECA-LIRF:017",
        "sequence": 17,
        "waypoint": "SIPRO",
        "point_role": "enroute",
        "overfly": false,
        "longitude": 13.680528,
        "latitude": 41.446019
      },
      "geometry": {
        "type": "Point",
        "coordinates": [
          13.680528,
          41.446019
        ]
      }
    },
    {
      "type": "Feature",
      "id": "HECA-LIRF:018",
      "properties": {
        "route_id": "HECA-LIRF",
        "route_name": "HECA-LIRF",
        "origin": "HECA",
        "destination": "LIRF",
        "point_count": 19,
        "source_file": "HECA-LIRF.gpx",
        "point_id": "HECA-LIRF:018",
        "sequence": 18,
        "waypoint": "LAT",
        "point_role": "enroute",
        "overfly": false,
        "longitude": 12.918056,
        "latitude": 41.541111
      },
      "geometry": {
        "type": "Point",
        "coordinates": [
          12.918056,
          41.541111
        ]
      }
    },
    {
      "type": "Feature",
      "id": "HECA-LIRF:019",
      "properties": {
        "route_id": "HECA-LIRF",
        "route_name": "HECA-LIRF",
        "origin": "HECA",
        "destination": "LIRF",
        "point_count": 19,
        "source_file": "HECA-LIRF.gpx",
        "point_id": "HECA-LIRF:019",
        "sequence": 19,
        "waypoint": "LIRF",
        "point_role": "destination",
        "overfly": false,
        "longitude": 12.238889,
        "latitude": 41.800278
      },
      "geometry": {
        "type": "Point",
        "coordinates": [
          12.238889,
          41.800278
        ]
      }
    },
    {
      "type": "Feature",
      "id": "HECA-LKPR:001",
      "properties": {
        "route_id": "HECA-LKPR",
        "route_name": "HECA-LKPR",
        "origin": "HECA",
        "destination": "LKPR",
        "point_count": 15,
        "source_file": "HECA-LKPR.gpx",
        "point_id": "HECA-LKPR:001",
        "sequence": 1,
        "waypoint": "HECA",
        "point_role": "origin",
        "overfly": false,
        "longitude": 31.413889,
        "latitude": 30.111389
      },
      "geometry": {
        "type": "Point",
        "coordinates": [
          31.413889,
          30.111389
        ]
      }
    },
    {
      "type": "Feature",
      "id": "HECA-LKPR:002",
      "properties": {
        "route_id": "HECA-LKPR",
        "route_name": "HECA-LKPR",
        "origin": "HECA",
        "destination": "LKPR",
        "point_count": 15,
        "source_file": "HECA-LKPR.gpx",
        "point_id": "HECA-LKPR:002",
        "sequence": 2,
        "waypoint": "CVO",
        "point_role": "enroute",
        "overfly": false,
        "longitude": 31.388417,
        "latitude": 30.092306
      },
      "geometry": {
        "type": "Point",
        "coordinates": [
          31.388417,
          30.092306
        ]
      }
    },
    {
      "type": "Feature",
      "id": "HECA-LKPR:003",
      "properties": {
        "route_id": "HECA-LKPR",
        "route_name": "HECA-LKPR",
        "origin": "HECA",
        "destination": "LKPR",
        "point_count": 15,
        "source_file": "HECA-LKPR.gpx",
        "point_id": "HECA-LKPR:003",
        "sequence": 3,
        "waypoint": "MENKU",
        "point_role": "enroute",
        "overfly": false,
        "longitude": 30.301667,
        "latitude": 31.091944
      },
      "geometry": {
        "type": "Point",
        "coordinates": [
          30.301667,
          31.091944
        ]
      }
    },
    {
      "type": "Feature",
      "id": "HECA-LKPR:004",
      "properties": {
        "route_id": "HECA-LKPR",
        "route_name": "HECA-LKPR",
        "origin": "HECA",
        "destination": "LKPR",
        "point_count": 15,
        "source_file": "HECA-LKPR.gpx",
        "point_id": "HECA-LKPR:004",
        "sequence": 4,
        "waypoint": "NOZ",
        "point_role": "enroute",
        "overfly": false,
        "longitude": 29.950833,
        "latitude": 31.1875
      },
      "geometry": {
        "type": "Point",
        "coordinates": [
          29.950833,
          31.1875
        ]
      }
    },
    {
      "type": "Feature",
      "id": "HECA-LKPR:005",
      "properties": {
        "route_id": "HECA-LKPR",
        "route_name": "HECA-LKPR",
        "origin": "HECA",
        "destination": "LKPR",
        "point_count": 15,
        "source_file": "HECA-LKPR.gpx",
        "point_id": "HECA-LKPR:005",
        "sequence": 5,
        "waypoint": "SOBAX",
        "point_role": "enroute",
        "overfly": false,
        "longitude": 29.309722,
        "latitude": 31.585556
      },
      "geometry": {
        "type": "Point",
        "coordinates": [
          29.309722,
          31.585556
        ]
      }
    },
    {
      "type": "Feature",
      "id": "HECA-LKPR:006",
      "properties": {
        "route_id": "HECA-LKPR",
        "route_name": "HECA-LKPR",
        "origin": "HECA",
        "destination": "LKPR",
        "point_count": 15,
        "source_file": "HECA-LKPR.gpx",
        "point_id": "HECA-LKPR:006",
        "sequence": 6,
        "waypoint": "NABSI",
        "point_role": "enroute",
        "overfly": false,
        "longitude": 29.071944,
        "latitude": 31.731111
      },
      "geometry": {
        "type": "Point",
        "coordinates": [
          29.071944,
          31.731111
        ]
      }
    },
    {
      "type": "Feature",
      "id": "HECA-LKPR:007",
      "properties": {
        "route_id": "HECA-LKPR",
        "route_name": "HECA-LKPR",
        "origin": "HECA",
        "destination": "LKPR",
        "point_count": 15,
        "source_file": "HECA-LKPR.gpx",
        "point_id": "HECA-LKPR:007",
        "sequence": 7,
        "waypoint": "LAKBA",
        "point_role": "enroute",
        "overfly": false,
        "longitude": 27.432222,
        "latitude": 32.711111
      },
      "geometry": {
        "type": "Point",
        "coordinates": [
          27.432222,
          32.711111
        ]
      }
    },
    {
      "type": "Feature",
      "id": "HECA-LKPR:008",
      "properties": {
        "route_id": "HECA-LKPR",
        "route_name": "HECA-LKPR",
        "origin": "HECA",
        "destination": "LKPR",
        "point_count": 15,
        "source_file": "HECA-LKPR.gpx",
        "point_id": "HECA-LKPR:008",
        "sequence": 8,
        "waypoint": "ITEXO",
        "point_role": "enroute",
        "overfly": false,
        "longitude": 26.976111,
        "latitude": 32.975556
      },
      "geometry": {
        "type": "Point",
        "coordinates": [
          26.976111,
          32.975556
        ]
      }
    },
    {
      "type": "Feature",
      "id": "HECA-LKPR:009",
      "properties": {
        "route_id": "HECA-LKPR",
        "route_name": "HECA-LKPR",
        "origin": "HECA",
        "destination": "LKPR",
        "point_count": 15,
        "source_file": "HECA-LKPR.gpx",
        "point_id": "HECA-LKPR:009",
        "sequence": 9,
        "waypoint": "METRU",
        "point_role": "enroute",
        "overfly": false,
        "longitude": 25.15,
        "latitude": 34.0
      },
      "geometry": {
        "type": "Point",
        "coordinates": [
          25.15,
          34.0
        ]
      }
    },
    {
      "type": "Feature",
      "id": "HECA-LKPR:010",
      "properties": {
        "route_id": "HECA-LKPR",
        "route_name": "HECA-LKPR",
        "origin": "HECA",
        "destination": "LKPR",
        "point_count": 15,
        "source_file": "HECA-LKPR.gpx",
        "point_id": "HECA-LKPR:010",
        "sequence": 10,
        "waypoint": "DIMIS",
        "point_role": "enroute",
        "overfly": false,
        "longitude": 20.594722,
        "latitude": 40.0725
      },
      "geometry": {
        "type": "Point",
        "coordinates": [
          20.594722,
          40.0725
        ]
      }
    },
    {
      "type": "Feature",
      "id": "HECA-LKPR:011",
      "properties": {
        "route_id": "HECA-LKPR",
        "route_name": "HECA-LKPR",
        "origin": "HECA",
        "destination": "LKPR",
        "point_count": 15,
        "source_file": "HECA-LKPR.gpx",
        "point_id": "HECA-LKPR:011",
        "sequence": 11,
        "waypoint": "RETRA",
        "point_role": "enroute",
        "overfly": false,
        "longitude": 19.335,
        "latitude": 42.228333
      },
      "geometry": {
        "type": "Point",
        "coordinates": [
          19.335,
          42.228333
        ]
      }
    },
    {
      "type": "Feature",
      "id": "HECA-LKPR:012",
      "properties": {
        "route_id": "HECA-LKPR",
        "route_name": "HECA-LKPR",
        "origin": "HECA",
        "destination": "LKPR",
        "point_count": 15,
        "source_file": "HECA-LKPR.gpx",
        "point_id": "HECA-LKPR:012",
        "sequence": 12,
        "waypoint": "PETOV",
        "point_role": "enroute",
        "overfly": false,
        "longitude": 15.976167,
        "latitude": 46.309675
      },
      "geometry": {
        "type": "Point",
        "coordinates": [
          15.976167,
          46.309675
        ]
      }
    },
    {
      "type": "Feature",
      "id": "HECA-LKPR:013",
      "properties": {
        "route_id": "HECA-LKPR",
        "route_name": "HECA-LKPR",
        "origin": "HECA",
        "destination": "LKPR",
        "point_count": 15,
        "source_file": "HECA-LKPR.gpx",
        "point_id": "HECA-LKPR:013",
        "sequence": 13,
        "waypoint": "BUDEX",
        "point_role": "enroute",
        "overfly": false,
        "longitude": 14.336028,
        "latitude": 48.948328
      },
      "geometry": {
        "type": "Point",
        "coordinates": [
          14.336028,
          48.948328
        ]
      }
    },
    {
      "type": "Feature",
      "id": "HECA-LKPR:014",
      "properties": {
        "route_id": "HECA-LKPR",
        "route_name": "HECA-LKPR",
        "origin": "HECA",
        "destination": "LKPR",
        "point_count": 15,
        "source_file": "HECA-LKPR.gpx",
        "point_id": "HECA-LKPR:014",
        "sequence": 14,
        "waypoint": "APRAQ",
        "point_role": "enroute",
        "overfly": false,
        "longitude": 14.1225,
        "latitude": 49.648333
      },
      "geometry": {
        "type": "Point",
        "coordinates": [
          14.1225,
          49.648333
        ]
      }
    },
    {
      "type": "Feature",
      "id": "HECA-LKPR:015",
      "properties": {
        "route_id": "HECA-LKPR",
        "route_name": "HECA-LKPR",
        "origin": "HECA",
        "destination": "LKPR",
        "point_count": 15,
        "source_file": "HECA-LKPR.gpx",
        "point_id": "HECA-LKPR:015",
        "sequence": 15,
        "waypoint": "LKPR",
        "point_role": "destination",
        "overfly": false,
        "longitude": 14.26,
        "latitude": 50.100833
      },
      "geometry": {
        "type": "Point",
        "coordinates": [
          14.26,
          50.100833
        ]
      }
    },
    {
      "type": "Feature",
      "id": "HECA-LOWW:001",
      "properties": {
        "route_id": "HECA-LOWW",
        "route_name": "HECA-LOWW",
        "origin": "HECA",
        "destination": "LOWW",
        "point_count": 20,
        "source_file": "HECA-LOWW.gpx",
        "point_id": "HECA-LOWW:001",
        "sequence": 1,
        "waypoint": "HECA",
        "point_role": "origin",
        "overfly": false,
        "longitude": 31.413889,
        "latitude": 30.111389
      },
      "geometry": {
        "type": "Point",
        "coordinates": [
          31.413889,
          30.111389
        ]
      }
    },
    {
      "type": "Feature",
      "id": "HECA-LOWW:002",
      "properties": {
        "route_id": "HECA-LOWW",
        "route_name": "HECA-LOWW",
        "origin": "HECA",
        "destination": "LOWW",
        "point_count": 20,
        "source_file": "HECA-LOWW.gpx",
        "point_id": "HECA-LOWW:002",
        "sequence": 2,
        "waypoint": "CVO",
        "point_role": "enroute",
        "overfly": false,
        "longitude": 31.388417,
        "latitude": 30.092306
      },
      "geometry": {
        "type": "Point",
        "coordinates": [
          31.388417,
          30.092306
        ]
      }
    },
    {
      "type": "Feature",
      "id": "HECA-LOWW:003",
      "properties": {
        "route_id": "HECA-LOWW",
        "route_name": "HECA-LOWW",
        "origin": "HECA",
        "destination": "LOWW",
        "point_count": 20,
        "source_file": "HECA-LOWW.gpx",
        "point_id": "HECA-LOWW:003",
        "sequence": 3,
        "waypoint": "MERPI",
        "point_role": "enroute",
        "overfly": false,
        "longitude": 31.32,
        "latitude": 30.465556
      },
      "geometry": {
        "type": "Point",
        "coordinates": [
          31.32,
          30.465556
        ]
      }
    },
    {
      "type": "Feature",
      "id": "HECA-LOWW:004",
      "properties": {
        "route_id": "HECA-LOWW",
        "route_name": "HECA-LOWW",
        "origin": "HECA",
        "destination": "LOWW",
        "point_count": 20,
        "source_file": "HECA-LOWW.gpx",
        "point_id": "HECA-LOWW:004",
        "sequence": 4,
        "waypoint": "LAGVI",
        "point_role": "enroute",
        "overfly": false,
        "longitude": 31.512222,
        "latitude": 30.751944
      },
      "geometry": {
        "type": "Point",
        "coordinates": [
          31.512222,
          30.751944
        ]
      }
    },
    {
      "type": "Feature",
      "id": "HECA-LOWW:005",
      "properties": {
        "route_id": "HECA-LOWW",
        "route_name": "HECA-LOWW",
        "origin": "HECA",
        "destination": "LOWW",
        "point_count": 20,
        "source_file": "HECA-LOWW.gpx",
        "point_id": "HECA-LOWW:005",
        "sequence": 5,
        "waypoint": "ULOMO",
        "point_role": "enroute",
        "overfly": false,
        "longitude": 31.420833,
        "latitude": 31.250833
      },
      "geometry": {
        "type": "Point",
        "coordinates": [
          31.420833,
          31.250833
        ]
      }
    },
    {
      "type": "Feature",
      "id": "HECA-LOWW:006",
      "properties": {
        "route_id": "HECA-LOWW",
        "route_name": "HECA-LOWW",
        "origin": "HECA",
        "destination": "LOWW",
        "point_count": 20,
        "source_file": "HECA-LOWW.gpx",
        "point_id": "HECA-LOWW:006",
        "sequence": 6,
        "waypoint": "SENTO",
        "point_role": "enroute",
        "overfly": false,
        "longitude": 31.364444,
        "latitude": 31.554722
      },
      "geometry": {
        "type": "Point",
        "coordinates": [
          31.364444,
          31.554722
        ]
      }
    },
    {
      "type": "Feature",
      "id": "HECA-LOWW:007",
      "properties": {
        "route_id": "HECA-LOWW",
        "route_name": "HECA-LOWW",
        "origin": "HECA",
        "destination": "LOWW",
        "point_count": 20,
        "source_file": "HECA-LOWW.gpx",
        "point_id": "HECA-LOWW:007",
        "sequence": 7,
        "waypoint": "DARUR",
        "point_role": "enroute",
        "overfly": false,
        "longitude": 31.332222,
        "latitude": 31.865556
      },
      "geometry": {
        "type": "Point",
        "coordinates": [
          31.332222,
          31.865556
        ]
      }
    },
    {
      "type": "Feature",
      "id": "HECA-LOWW:008",
      "properties": {
        "route_id": "HECA-LOWW",
        "route_name": "HECA-LOWW",
        "origin": "HECA",
        "destination": "LOWW",
        "point_count": 20,
        "source_file": "HECA-LOWW.gpx",
        "point_id": "HECA-LOWW:008",
        "sequence": 8,
        "waypoint": "NIVTI",
        "point_role": "enroute",
        "overfly": false,
        "longitude": 31.311944,
        "latitude": 32.057222
      },
      "geometry": {
        "type": "Point",
        "coordinates": [
          31.311944,
          32.057222
        ]
      }
    },
    {
      "type": "Feature",
      "id": "HECA-LOWW:009",
      "properties": {
        "route_id": "HECA-LOWW",
        "route_name": "HECA-LOWW",
        "origin": "HECA",
        "destination": "LOWW",
        "point_count": 20,
        "source_file": "HECA-LOWW.gpx",
        "point_id": "HECA-LOWW:009",
        "sequence": 9,
        "waypoint": "IMPIP",
        "point_role": "enroute",
        "overfly": false,
        "longitude": 31.299722,
        "latitude": 32.171667
      },
      "geometry": {
        "type": "Point",
        "coordinates": [
          31.299722,
          32.171667
        ]
      }
    },
    {
      "type": "Feature",
      "id": "HECA-LOWW:010",
      "properties": {
        "route_id": "HECA-LOWW",
        "route_name": "HECA-LOWW",
        "origin": "HECA",
        "destination": "LOWW",
        "point_count": 20,
        "source_file": "HECA-LOWW.gpx",
        "point_id": "HECA-LOWW:010",
        "sequence": 10,
        "waypoint": "AZMEY",
        "point_role": "enroute",
        "overfly": false,
        "longitude": 31.255833,
        "latitude": 32.578333
      },
      "geometry": {
        "type": "Point",
        "coordinates": [
          31.255833,
          32.578333
        ]
      }
    },
    {
      "type": "Feature",
      "id": "HECA-LOWW:011",
      "properties": {
        "route_id": "HECA-LOWW",
        "route_name": "HECA-LOWW",
        "origin": "HECA",
        "destination": "LOWW",
        "point_count": 20,
        "source_file": "HECA-LOWW.gpx",
        "point_id": "HECA-LOWW:011",
        "sequence": 11,
        "waypoint": "RASDA",
        "point_role": "enroute",
        "overfly": false,
        "longitude": 30.95,
        "latitude": 33.1
      },
      "geometry": {
        "type": "Point",
        "coordinates": [
          30.95,
          33.1
        ]
      }
    },
    {
      "type": "Feature",
      "id": "HECA-LOWW:012",
      "properties": {
        "route_id": "HECA-LOWW",
        "route_name": "HECA-LOWW",
        "origin": "HECA",
        "destination": "LOWW",
        "point_count": 20,
        "source_file": "HECA-LOWW.gpx",
        "point_id": "HECA-LOWW:012",
        "sequence": 12,
        "waypoint": "ANIDE",
        "point_role": "enroute",
        "overfly": false,
        "longitude": 30.0,
        "latitude": 34.163611
      },
      "geometry": {
        "type": "Point",
        "coordinates": [
          30.0,
          34.163611
        ]
      }
    },
    {
      "type": "Feature",
      "id": "HECA-LOWW:013",
      "properties": {
        "route_id": "HECA-LOWW",
        "route_name": "HECA-LOWW",
        "origin": "HECA",
        "destination": "LOWW",
        "point_count": 20,
        "source_file": "HECA-LOWW.gpx",
        "point_id": "HECA-LOWW:013",
        "sequence": 13,
        "waypoint": "RIPLI",
        "point_role": "enroute",
        "overfly": false,
        "longitude": 25.362778,
        "latitude": 37.275833
      },
      "geometry": {
        "type": "Point",
        "coordinates": [
          25.362778,
          37.275833
        ]
      }
    },
    {
      "type": "Feature",
      "id": "HECA-LOWW:014",
      "properties": {
        "route_id": "HECA-LOWW",
        "route_name": "HECA-LOWW",
        "origin": "HECA",
        "destination": "LOWW",
        "point_count": 20,
        "source_file": "HECA-LOWW.gpx",
        "point_id": "HECA-LOWW:014",
        "sequence": 14,
        "waypoint": "NEVRA",
        "point_role": "enroute",
        "overfly": false,
        "longitude": 24.560278,
        "latitude": 38.168333
      },
      "geometry": {
        "type": "Point",
        "coordinates": [
          24.560278,
          38.168333
        ]
      }
    },
    {
      "type": "Feature",
      "id": "HECA-LOWW:015",
      "properties": {
        "route_id": "HECA-LOWW",
        "route_name": "HECA-LOWW",
        "origin": "HECA",
        "destination": "LOWW",
        "point_count": 20,
        "source_file": "HECA-LOWW.gpx",
        "point_id": "HECA-LOWW:015",
        "sequence": 15,
        "waypoint": "AGISA",
        "point_role": "enroute",
        "overfly": false,
        "longitude": 23.348333,
        "latitude": 39.733333
      },
      "geometry": {
        "type": "Point",
        "coordinates": [
          23.348333,
          39.733333
        ]
      }
    },
    {
      "type": "Feature",
      "id": "HECA-LOWW:016",
      "properties": {
        "route_id": "HECA-LOWW",
        "route_name": "HECA-LOWW",
        "origin": "HECA",
        "destination": "LOWW",
        "point_count": 20,
        "source_file": "HECA-LOWW.gpx",
        "point_id": "HECA-LOWW:016",
        "sequence": 16,
        "waypoint": "TALAS",
        "point_role": "enroute",
        "overfly": false,
        "longitude": 21.916667,
        "latitude": 41.076667
      },
      "geometry": {
        "type": "Point",
        "coordinates": [
          21.916667,
          41.076667
        ]
      }
    },
    {
      "type": "Feature",
      "id": "HECA-LOWW:017",
      "properties": {
        "route_id": "HECA-LOWW",
        "route_name": "HECA-LOWW",
        "origin": "HECA",
        "destination": "LOWW",
        "point_count": 20,
        "source_file": "HECA-LOWW.gpx",
        "point_id": "HECA-LOWW:017",
        "sequence": 17,
        "waypoint": "LONTA",
        "point_role": "enroute",
        "overfly": false,
        "longitude": 21.397222,
        "latitude": 42.159444
      },
      "geometry": {
        "type": "Point",
        "coordinates": [
          21.397222,
          42.159444
        ]
      }
    },
    {
      "type": "Feature",
      "id": "HECA-LOWW:018",
      "properties": {
        "route_id": "HECA-LOWW",
        "route_name": "HECA-LOWW",
        "origin": "HECA",
        "destination": "LOWW",
        "point_count": 20,
        "source_file": "HECA-LOWW.gpx",
        "point_id": "HECA-LOWW:018",
        "sequence": 18,
        "waypoint": "DOLEV",
        "point_role": "enroute",
        "overfly": false,
        "longitude": 20.311389,
        "latitude": 42.833889
      },
      "geometry": {
        "type": "Point",
        "coordinates": [
          20.311389,
          42.833889
        ]
      }
    },
    {
      "type": "Feature",
      "id": "HECA-LOWW:019",
      "properties": {
        "route_id": "HECA-LOWW",
        "route_name": "HECA-LOWW",
        "origin": "HECA",
        "destination": "LOWW",
        "point_count": 20,
        "source_file": "HECA-LOWW.gpx",
        "point_id": "HECA-LOWW:019",
        "sequence": 19,
        "waypoint": "OBUTI",
        "point_role": "enroute",
        "overfly": false,
        "longitude": 16.27405,
        "latitude": 46.378303
      },
      "geometry": {
        "type": "Point",
        "coordinates": [
          16.27405,
          46.378303
        ]
      }
    },
    {
      "type": "Feature",
      "id": "HECA-LOWW:020",
      "properties": {
        "route_id": "HECA-LOWW",
        "route_name": "HECA-LOWW",
        "origin": "HECA",
        "destination": "LOWW",
        "point_count": 20,
        "source_file": "HECA-LOWW.gpx",
        "point_id": "HECA-LOWW:020",
        "sequence": 20,
        "waypoint": "LOWW",
        "point_role": "destination",
        "overfly": false,
        "longitude": 16.569722,
        "latitude": 48.110278
      },
      "geometry": {
        "type": "Point",
        "coordinates": [
          16.569722,
          48.110278
        ]
      }
    },
    {
      "type": "Feature",
      "id": "OERK-ESSA:001",
      "properties": {
        "route_id": "OERK-ESSA",
        "route_name": "OERK-ESSA",
        "origin": "OERK",
        "destination": "ESSA",
        "point_count": 64,
        "source_file": "OERK-ESSA.gpx",
        "point_id": "OERK-ESSA:001",
        "sequence": 1,
        "waypoint": "OERK",
        "point_role": "origin",
        "overfly": false,
        "longitude": 46.708056,
        "latitude": 24.962778
      },
      "geometry": {
        "type": "Point",
        "coordinates": [
          46.708056,
          24.962778
        ]
      }
    },
    {
      "type": "Feature",
      "id": "OERK-ESSA:002",
      "properties": {
        "route_id": "OERK-ESSA",
        "route_name": "OERK-ESSA",
        "origin": "OERK",
        "destination": "ESSA",
        "point_count": 64,
        "source_file": "OERK-ESSA.gpx",
        "point_id": "OERK-ESSA:002",
        "sequence": 2,
        "waypoint": "LONIB",
        "point_role": "enroute",
        "overfly": false,
        "longitude": 45.438889,
        "latitude": 26.170556
      },
      "geometry": {
        "type": "Point",
        "coordinates": [
          45.438889,
          26.170556
        ]
      }
    },
    {
      "type": "Feature",
      "id": "OERK-ESSA:003",
      "properties": {
        "route_id": "OERK-ESSA",
        "route_name": "OERK-ESSA",
        "origin": "OERK",
        "destination": "ESSA",
        "point_count": 64,
        "source_file": "OERK-ESSA.gpx",
        "point_id": "OERK-ESSA:003",
        "sequence": 3,
        "waypoint": "LABIS",
        "point_role": "enroute",
        "overfly": false,
        "longitude": 45.298611,
        "latitude": 26.304167
      },
      "geometry": {
        "type": "Point",
        "coordinates": [
          45.298611,
          26.304167
        ]
      }
    },
    {
      "type": "Feature",
      "id": "OERK-ESSA:004",
      "properties": {
        "route_id": "OERK-ESSA",
        "route_name": "OERK-ESSA",
        "origin": "OERK",
        "destination": "ESSA",
        "point_count": 64,
        "source_file": "OERK-ESSA.gpx",
        "point_id": "OERK-ESSA:004",
        "sequence": 4,
        "waypoint": "ASVUL",
        "point_role": "enroute",
        "overfly": false,
        "longitude": 44.995833,
        "latitude": 26.592222
      },
      "geometry": {
        "type": "Point",
        "coordinates": [
          44.995833,
          26.592222
        ]
      }
    },
    {
      "type": "Feature",
      "id": "OERK-ESSA:005",
      "properties": {
        "route_id": "OERK-ESSA",
        "route_name": "OERK-ESSA",
        "origin": "OERK",
        "destination": "ESSA",
        "point_count": 64,
        "source_file": "OERK-ESSA.gpx",
        "point_id": "OERK-ESSA:005",
        "sequence": 5,
        "waypoint": "SERPU",
        "point_role": "enroute",
        "overfly": false,
        "longitude": 44.809167,
        "latitude": 26.768889
      },
      "geometry": {
        "type": "Point",
        "coordinates": [
          44.809167,
          26.768889
        ]
      }
    },
    {
      "type": "Feature",
      "id": "OERK-ESSA:006",
      "properties": {
        "route_id": "OERK-ESSA",
        "route_name": "OERK-ESSA",
        "origin": "OERK",
        "destination": "ESSA",
        "point_count": 64,
        "source_file": "OERK-ESSA.gpx",
        "point_id": "OERK-ESSA:006",
        "sequence": 6,
        "waypoint": "RARLO",
        "point_role": "enroute",
        "overfly": false,
        "longitude": 44.569444,
        "latitude": 26.994167
      },
      "geometry": {
        "type": "Point",
        "coordinates": [
          44.569444,
          26.994167
        ]
      }
    },
    {
      "type": "Feature",
      "id": "OERK-ESSA:007",
      "properties": {
        "route_id": "OERK-ESSA",
        "route_name": "OERK-ESSA",
        "origin": "OERK",
        "destination": "ESSA",
        "point_count": 64,
        "source_file": "OERK-ESSA.gpx",
        "point_id": "OERK-ESSA:007",
        "sequence": 7,
        "waypoint": "PASIT",
        "point_role": "enroute",
        "overfly": false,
        "longitude": 44.381389,
        "latitude": 27.169722
      },
      "geometry": {
        "type": "Point",
        "coordinates": [
          44.381389,
          27.169722
        ]
      }
    },
    {
      "type": "Feature",
      "id": "OERK-ESSA:008",
      "properties": {
        "route_id": "OERK-ESSA",
        "route_name": "OERK-ESSA",
        "origin": "OERK",
        "destination": "ESSA",
        "point_count": 64,
        "source_file": "OERK-ESSA.gpx",
        "point_id": "OERK-ESSA:008",
        "sequence": 8,
        "waypoint": "TOTAD",
        "point_role": "enroute",
        "overfly": false,
        "longitude": 43.651111,
        "latitude": 27.845278
      },
      "geometry": {
        "type": "Point",
        "coordinates": [
          43.651111,
          27.845278
        ]
      }
    },
    {
      "type": "Feature",
      "id": "OERK-ESSA:009",
      "properties": {
        "route_id": "OERK-ESSA",
        "route_name": "OERK-ESSA",
        "origin": "OERK",
        "destination": "ESSA",
        "point_count": 64,
        "source_file": "OERK-ESSA.gpx",
        "point_id": "OERK-ESSA:009",
        "sequence": 9,
        "waypoint": "TAMRO",
        "point_role": "enroute",
        "overfly": false,
        "longitude": 42.679722,
        "latitude": 28.643889
      },
      "geometry": {
        "type": "Point",
        "coordinates": [
          42.679722,
          28.643889
        ]
      }
    },
    {
      "type": "Feature",
      "id": "OERK-ESSA:010",
      "properties": {
        "route_id": "OERK-ESSA",
        "route_name": "OERK-ESSA",
        "origin": "OERK",
        "destination": "ESSA",
        "point_count": 64,
        "source_file": "OERK-ESSA.gpx",
        "point_id": "OERK-ESSA:010",
        "sequence": 10,
        "waypoint": "ORSAL",
        "point_role": "enroute",
        "overfly": false,
        "longitude": 42.185278,
        "latitude": 29.043056
      },
      "geometry": {
        "type": "Point",
        "coordinates": [
          42.185278,
          29.043056
        ]
      }
    },
    {
      "type": "Feature",
      "id": "OERK-ESSA:011",
      "properties": {
        "route_id": "OERK-ESSA",
        "route_name": "OERK-ESSA",
        "origin": "OERK",
        "destination": "ESSA",
        "point_count": 64,
        "source_file": "OERK-ESSA.gpx",
        "point_id": "OERK-ESSA:011",
        "sequence": 11,
        "waypoint": "PAXAN",
        "point_role": "enroute",
        "overfly": false,
        "longitude": 41.309167,
        "latitude": 29.738333
      },
      "geometry": {
        "type": "Point",
        "coordinates": [
          41.309167,
          29.738333
        ]
      }
    },
    {
      "type": "Feature",
      "id": "OERK-ESSA:012",
      "properties": {
        "route_id": "OERK-ESSA",
        "route_name": "OERK-ESSA",
        "origin": "OERK",
        "destination": "ESSA",
        "point_count": 64,
        "source_file": "OERK-ESSA.gpx",
        "point_id": "OERK-ESSA:012",
        "sequence": 12,
        "waypoint": "GADLI",
        "point_role": "enroute",
        "overfly": false,
        "longitude": 40.639167,
        "latitude": 30.386667
      },
      "geometry": {
        "type": "Point",
        "coordinates": [
          40.639167,
          30.386667
        ]
      }
    },
    {
      "type": "Feature",
      "id": "OERK-ESSA:013",
      "properties": {
        "route_id": "OERK-ESSA",
        "route_name": "OERK-ESSA",
        "origin": "OERK",
        "destination": "ESSA",
        "point_count": 64,
        "source_file": "OERK-ESSA.gpx",
        "point_id": "OERK-ESSA:013",
        "sequence": 13,
        "waypoint": "BONIS",
        "point_role": "enroute",
        "overfly": false,
        "longitude": 39.553611,
        "latitude": 31.432778
      },
      "geometry": {
        "type": "Point",
        "coordinates": [
          39.553611,
          31.432778
        ]
      }
    },
    {
      "type": "Feature",
      "id": "OERK-ESSA:014",
      "properties": {
        "route_id": "OERK-ESSA",
        "route_name": "OERK-ESSA",
        "origin": "OERK",
        "destination": "ESSA",
        "point_count": 64,
        "source_file": "OERK-ESSA.gpx",
        "point_id": "OERK-ESSA:014",
        "sequence": 14,
        "waypoint": "OVANO",
        "point_role": "enroute",
        "overfly": false,
        "longitude": 39.164167,
        "latitude": 31.800278
      },
      "geometry": {
        "type": "Point",
        "coordinates": [
          39.164167,
          31.800278
        ]
      }
    },
    {
      "type": "Feature",
      "id": "OERK-ESSA:015",
      "properties": {
        "route_id": "OERK-ESSA",
        "route_name": "OERK-ESSA",
        "origin": "OERK",
        "destination": "ESSA",
        "point_count": 64,
        "source_file": "OERK-ESSA.gpx",
        "point_id": "OERK-ESSA:015",
        "sequence": 15,
        "waypoint": "OTILA",
        "point_role": "enroute",
        "overfly": false,
        "longitude": 39.031344,
        "latitude": 32.025278
      },
      "geometry": {
        "type": "Point",
        "coordinates": [
          39.031344,
          32.025278
        ]
      }
    },
    {
      "type": "Feature",
      "id": "OERK-ESSA:016",
      "properties": {
        "route_id": "OERK-ESSA",
        "route_name": "OERK-ESSA",
        "origin": "OERK",
        "destination": "ESSA",
        "point_count": 64,
        "source_file": "OERK-ESSA.gpx",
        "point_id": "OERK-ESSA:016",
        "sequence": 16,
        "waypoint": "MODAD",
        "point_role": "enroute",
        "overfly": false,
        "longitude": 38.693928,
        "latitude": 32.594411
      },
      "geometry": {
        "type": "Point",
        "coordinates": [
          38.693928,
          32.594411
        ]
      }
    },
    {
      "type": "Feature",
      "id": "OERK-ESSA:017",
      "properties": {
        "route_id": "OERK-ESSA",
        "route_name": "OERK-ESSA",
        "origin": "OERK",
        "destination": "ESSA",
        "point_count": 64,
        "source_file": "OERK-ESSA.gpx",
        "point_id": "OERK-ESSA:017",
        "sequence": 17,
        "waypoint": "DAPUK",
        "point_role": "enroute",
        "overfly": false,
        "longitude": 38.673969,
        "latitude": 33.027622
      },
      "geometry": {
        "type": "Point",
        "coordinates": [
          38.673969,
          33.027622
        ]
      }
    },
    {
      "type": "Feature",
      "id": "OERK-ESSA:018",
      "properties": {
        "route_id": "OERK-ESSA",
        "route_name": "OERK-ESSA",
        "origin": "OERK",
        "destination": "ESSA",
        "point_count": 64,
        "source_file": "OERK-ESSA.gpx",
        "point_id": "OERK-ESSA:018",
        "sequence": 18,
        "waypoint": "NAMBO",
        "point_role": "enroute",
        "overfly": false,
        "longitude": 38.660719,
        "latitude": 33.307133
      },
      "geometry": {
        "type": "Point",
        "coordinates": [
          38.660719,
          33.307133
        ]
      }
    },
    {
      "type": "Feature",
      "id": "OERK-ESSA:019",
      "properties": {
        "route_id": "OERK-ESSA",
        "route_name": "OERK-ESSA",
        "origin": "OERK",
        "destination": "ESSA",
        "point_count": 64,
        "source_file": "OERK-ESSA.gpx",
        "point_id": "OERK-ESSA:019",
        "sequence": 19,
        "waypoint": "TAN",
        "point_role": "enroute",
        "overfly": false,
        "longitude": 38.654064,
        "latitude": 33.482383
      },
      "geometry": {
        "type": "Point",
        "coordinates": [
          38.654064,
          33.482383
        ]
      }
    },
    {
      "type": "Feature",
      "id": "OERK-ESSA:020",
      "properties": {
        "route_id": "OERK-ESSA",
        "route_name": "OERK-ESSA",
        "origin": "OERK",
        "destination": "ESSA",
        "point_count": 64,
        "source_file": "OERK-ESSA.gpx",
        "point_id": "OERK-ESSA:020",
        "sequence": 20,
        "waypoint": "TUDMU",
        "point_role": "enroute",
        "overfly": false,
        "longitude": 38.125,
        "latitude": 34.516667
      },
      "geometry": {
        "type": "Point",
        "coordinates": [
          38.125,
          34.516667
        ]
      }
    },
    {
      "type": "Feature",
      "id": "OERK-ESSA:021",
      "properties": {
        "route_id": "OERK-ESSA",
        "route_name": "OERK-ESSA",
        "origin": "OERK",
        "destination": "ESSA",
        "point_count": 64,
        "source_file": "OERK-ESSA.gpx",
        "point_id": "OERK-ESSA:021",
        "sequence": 21,
        "waypoint": "TANGO",
        "point_role": "enroute",
        "overfly": false,
        "longitude": 37.335,
        "latitude": 35.95
      },
      "geometry": {
        "type": "Point",
        "coordinates": [
          37.335,
          35.95
        ]
      }
    },
    {
      "type": "Feature",
      "id": "OERK-ESSA:022",
      "properties": {
        "route_id": "OERK-ESSA",
        "route_name": "OERK-ESSA",
        "origin": "OERK",
        "destination": "ESSA",
        "point_count": 64,
        "source_file": "OERK-ESSA.gpx",
        "point_id": "OERK-ESSA:022",
        "sequence": 22,
        "waypoint": "ALE",
        "point_role": "enroute",
        "overfly": false,
        "longitude": 37.209378,
        "latitude": 36.179683
      },
      "geometry": {
        "type": "Point",
        "coordinates": [
          37.209378,
          36.179683
        ]
      }
    },
    {
      "type": "Feature",
      "id": "OERK-ESSA:023",
      "properties": {
        "route_id": "OERK-ESSA",
        "route_name": "OERK-ESSA",
        "origin": "OERK",
        "destination": "ESSA",
        "point_count": 64,
        "source_file": "OERK-ESSA.gpx",
        "point_id": "OERK-ESSA:023",
        "sequence": 23,
        "waypoint": "NOVMR",
        "point_role": "enroute",
        "overfly": false,
        "longitude": 37.021667,
        "latitude": 36.381667
      },
      "geometry": {
        "type": "Point",
        "coordinates": [
          37.021667,
          36.381667
        ]
      }
    },
    {
      "type": "Feature",
      "id": "OERK-ESSA:024",
      "properties": {
        "route_id": "OERK-ESSA",
        "route_name": "OERK-ESSA",
        "origin": "OERK",
        "destination": "ESSA",
        "point_count": 64,
        "source_file": "OERK-ESSA.gpx",
        "point_id": "OERK-ESSA:024",
        "sequence": 24,
        "waypoint": "NISAP",
        "point_role": "enroute",
        "overfly": false,
        "longitude": 36.641389,
        "latitude": 36.784444
      },
      "geometry": {
        "type": "Point",
        "coordinates": [
          36.641389,
          36.784444
        ]
      }
    },
    {
      "type": "Feature",
      "id": "OERK-ESSA:025",
      "properties": {
        "route_id": "OERK-ESSA",
        "route_name": "OERK-ESSA",
        "origin": "OERK",
        "destination": "ESSA",
        "point_count": 64,
        "source_file": "OERK-ESSA.gpx",
        "point_id": "OERK-ESSA:025",
        "sequence": 25,
        "waypoint": "MILBA",
        "point_role": "enroute",
        "overfly": false,
        "longitude": 36.479444,
        "latitude": 36.951389
      },
      "geometry": {
        "type": "Point",
        "coordinates": [
          36.479444,
          36.951389
        ]
      }
    },
    {
      "type": "Feature",
      "id": "OERK-ESSA:026",
      "properties": {
        "route_id": "OERK-ESSA",
        "route_name": "OERK-ESSA",
        "origin": "OERK",
        "destination": "ESSA",
        "point_count": 64,
        "source_file": "OERK-ESSA.gpx",
        "point_id": "OERK-ESSA:026",
        "sequence": 26,
        "waypoint": "TEVDA",
        "point_role": "enroute",
        "overfly": false,
        "longitude": 35.066667,
        "latitude": 38.372778
      },
      "geometry": {
        "type": "Point",
        "coordinates": [
          35.066667,
          38.372778
        ]
      }
    },
    {
      "type": "Feature",
      "id": "OERK-ESSA:027",
      "properties": {
        "route_id": "OERK-ESSA",
        "route_name": "OERK-ESSA",
        "origin": "OERK",
        "destination": "ESSA",
        "point_count": 64,
        "source_file": "OERK-ESSA.gpx",
        "point_id": "OERK-ESSA:027",
        "sequence": 27,
        "waypoint": "BELSU",
        "point_role": "enroute",
        "overfly": false,
        "longitude": 34.286389,
        "latitude": 39.130833
      },
      "geometry": {
        "type": "Point",
        "coordinates": [
          34.286389,
          39.130833
        ]
      }
    },
    {
      "type": "Feature",
      "id": "OERK-ESSA:028",
      "properties": {
        "route_id": "OERK-ESSA",
        "route_name": "OERK-ESSA",
        "origin": "OERK",
        "destination": "ESSA",
        "point_count": 64,
        "source_file": "OERK-ESSA.gpx",
        "point_id": "OERK-ESSA:028",
        "sequence": 28,
        "waypoint": "BUK",
        "point_role": "enroute",
        "overfly": false,
        "longitude": 33.104917,
        "latitude": 40.241861
      },
      "geometry": {
        "type": "Point",
        "coordinates": [
          33.104917,
          40.241861
        ]
      }
    },
    {
      "type": "Feature",
      "id": "OERK-ESSA:029",
      "properties": {
        "route_id": "OERK-ESSA",
        "route_name": "OERK-ESSA",
        "origin": "OERK",
        "destination": "ESSA",
        "point_count": 64,
        "source_file": "OERK-ESSA.gpx",
        "point_id": "OERK-ESSA:029",
        "sequence": 29,
        "waypoint": "LETBU",
        "point_role": "enroute",
        "overfly": false,
        "longitude": 32.069167,
        "latitude": 41.1325
      },
      "geometry": {
        "type": "Point",
        "coordinates": [
          32.069167,
          41.1325
        ]
      }
    },
    {
      "type": "Feature",
      "id": "OERK-ESSA:030",
      "properties": {
        "route_id": "OERK-ESSA",
        "route_name": "OERK-ESSA",
        "origin": "OERK",
        "destination": "ESSA",
        "point_count": 64,
        "source_file": "OERK-ESSA.gpx",
        "point_id": "OERK-ESSA:030",
        "sequence": 30,
        "waypoint": "EVLAP",
        "point_role": "enroute",
        "overfly": false,
        "longitude": 31.585833,
        "latitude": 41.5375
      },
      "geometry": {
        "type": "Point",
        "coordinates": [
          31.585833,
          41.5375
        ]
      }
    },
    {
      "type": "Feature",
      "id": "OERK-ESSA:031",
      "properties": {
        "route_id": "OERK-ESSA",
        "route_name": "OERK-ESSA",
        "origin": "OERK",
        "destination": "ESSA",
        "point_count": 64,
        "source_file": "OERK-ESSA.gpx",
        "point_id": "OERK-ESSA:031",
        "sequence": 31,
        "waypoint": "ULVEX",
        "point_role": "enroute",
        "overfly": false,
        "longitude": 31.531111,
        "latitude": 41.583056
      },
      "geometry": {
        "type": "Point",
        "coordinates": [
          31.531111,
          41.583056
        ]
      }
    },
    {
      "type": "Feature",
      "id": "OERK-ESSA:032",
      "properties": {
        "route_id": "OERK-ESSA",
        "route_name": "OERK-ESSA",
        "origin": "OERK",
        "destination": "ESSA",
        "point_count": 64,
        "source_file": "OERK-ESSA.gpx",
        "point_id": "OERK-ESSA:032",
        "sequence": 32,
        "waypoint": "UNSUL",
        "point_role": "enroute",
        "overfly": false,
        "longitude": 31.308611,
        "latitude": 41.766667
      },
      "geometry": {
        "type": "Point",
        "coordinates": [
          31.308611,
          41.766667
        ]
      }
    },
    {
      "type": "Feature",
      "id": "OERK-ESSA:033",
      "properties": {
        "route_id": "OERK-ESSA",
        "route_name": "OERK-ESSA",
        "origin": "OERK",
        "destination": "ESSA",
        "point_count": 64,
        "source_file": "OERK-ESSA.gpx",
        "point_id": "OERK-ESSA:033",
        "sequence": 33,
        "waypoint": "ERMUP",
        "point_role": "enroute",
        "overfly": false,
        "longitude": 31.022778,
        "latitude": 42.000556
      },
      "geometry": {
        "type": "Point",
        "coordinates": [
          31.022778,
          42.000556
        ]
      }
    },
    {
      "type": "Feature",
      "id": "OERK-ESSA:034",
      "properties": {
        "route_id": "OERK-ESSA",
        "route_name": "OERK-ESSA",
        "origin": "OERK",
        "destination": "ESSA",
        "point_count": 64,
        "source_file": "OERK-ESSA.gpx",
        "point_id": "OERK-ESSA:034",
        "sequence": 34,
        "waypoint": "RIXUB",
        "point_role": "enroute",
        "overfly": false,
        "longitude": 30.668889,
        "latitude": 42.287222
      },
      "geometry": {
        "type": "Point",
        "coordinates": [
          30.668889,
          42.287222
        ]
      }
    },
    {
      "type": "Feature",
      "id": "OERK-ESSA:035",
      "properties": {
        "route_id": "OERK-ESSA",
        "route_name": "OERK-ESSA",
        "origin": "OERK",
        "destination": "ESSA",
        "point_count": 64,
        "source_file": "OERK-ESSA.gpx",
        "point_id": "OERK-ESSA:035",
        "sequence": 35,
        "waypoint": "ODERO",
        "point_role": "enroute",
        "overfly": false,
        "longitude": 30.264444,
        "latitude": 42.610556
      },
      "geometry": {
        "type": "Point",
        "coordinates": [
          30.264444,
          42.610556
        ]
      }
    },
    {
      "type": "Feature",
      "id": "OERK-ESSA:036",
      "properties": {
        "route_id": "OERK-ESSA",
        "route_name": "OERK-ESSA",
        "origin": "OERK",
        "destination": "ESSA",
        "point_count": 64,
        "source_file": "OERK-ESSA.gpx",
        "point_id": "OERK-ESSA:036",
        "sequence": 36,
        "waypoint": "REVDA",
        "point_role": "enroute",
        "overfly": false,
        "longitude": 29.143333,
        "latitude": 43.733333
      },
      "geometry": {
        "type": "Point",
        "coordinates": [
          29.143333,
          43.733333
        ]
      }
    },
    {
      "type": "Feature",
      "id": "OERK-ESSA:037",
      "properties": {
        "route_id": "OERK-ESSA",
        "route_name": "OERK-ESSA",
        "origin": "OERK",
        "destination": "ESSA",
        "point_count": 64,
        "source_file": "OERK-ESSA.gpx",
        "point_id": "OERK-ESSA:037",
        "sequence": 37,
        "waypoint": "KARIL",
        "point_role": "enroute",
        "overfly": false,
        "longitude": 22.442222,
        "latitude": 47.793889
      },
      "geometry": {
        "type": "Point",
        "coordinates": [
          22.442222,
          47.793889
        ]
      }
    },
    {
      "type": "Feature",
      "id": "OERK-ESSA:038",
      "properties": {
        "route_id": "OERK-ESSA",
        "route_name": "OERK-ESSA",
        "origin": "OERK",
        "destination": "ESSA",
        "point_count": 64,
        "source_file": "OERK-ESSA.gpx",
        "point_id": "OERK-ESSA:038",
        "sequence": 38,
        "waypoint": "KENIN",
        "point_role": "enroute",
        "overfly": false,
        "longitude": 21.927222,
        "latitude": 48.361667
      },
      "geometry": {
        "type": "Point",
        "coordinates": [
          21.927222,
          48.361667
        ]
      }
    },
    {
      "type": "Feature",
      "id": "OERK-ESSA:039",
      "properties": {
        "route_id": "OERK-ESSA",
        "route_name": "OERK-ESSA",
        "origin": "OERK",
        "destination": "ESSA",
        "point_count": 64,
        "source_file": "OERK-ESSA.gpx",
        "point_id": "OERK-ESSA:039",
        "sequence": 39,
        "waypoint": "LENOV",
        "point_role": "enroute",
        "overfly": false,
        "longitude": 21.010278,
        "latitude": 49.336389
      },
      "geometry": {
        "type": "Point",
        "coordinates": [
          21.010278,
          49.336389
        ]
      }
    },
    {
      "type": "Feature",
      "id": "OERK-ESSA:040",
      "properties": {
        "route_id": "OERK-ESSA",
        "route_name": "OERK-ESSA",
        "origin": "OERK",
        "destination": "ESSA",
        "point_count": 64,
        "source_file": "OERK-ESSA.gpx",
        "point_id": "OERK-ESSA:040",
        "sequence": 40,
        "waypoint": "GOSAK",
        "point_role": "enroute",
        "overfly": false,
        "longitude": 20.304444,
        "latitude": 50.557778
      },
      "geometry": {
        "type": "Point",
        "coordinates": [
          20.304444,
          50.557778
        ]
      }
    },
    {
      "type": "Feature",
      "id": "OERK-ESSA:041",
      "properties": {
        "route_id": "OERK-ESSA",
        "route_name": "OERK-ESSA",
        "origin": "OERK",
        "destination": "ESSA",
        "point_count": 64,
        "source_file": "OERK-ESSA.gpx",
        "point_id": "OERK-ESSA:041",
        "sequence": 41,
        "waypoint": "KOTEK",
        "point_role": "enroute",
        "overfly": false,
        "longitude": 20.251111,
        "latitude": 50.647222
      },
      "geometry": {
        "type": "Point",
        "coordinates": [
          20.251111,
          50.647222
        ]
      }
    },
    {
      "type": "Feature",
      "id": "OERK-ESSA:042",
      "properties": {
        "route_id": "OERK-ESSA",
        "route_name": "OERK-ESSA",
        "origin": "OERK",
        "destination": "ESSA",
        "point_count": 64,
        "source_file": "OERK-ESSA.gpx",
        "point_id": "OERK-ESSA:042",
        "sequence": 42,
        "waypoint": "NEGUV",
        "point_role": "enroute",
        "overfly": false,
        "longitude": 20.115833,
        "latitude": 50.914722
      },
      "geometry": {
        "type": "Point",
        "coordinates": [
          20.115833,
          50.914722
        ]
      }
    },
    {
      "type": "Feature",
      "id": "OERK-ESSA:043",
      "properties": {
        "route_id": "OERK-ESSA",
        "route_name": "OERK-ESSA",
        "origin": "OERK",
        "destination": "ESSA",
        "point_count": 64,
        "source_file": "OERK-ESSA.gpx",
        "point_id": "OERK-ESSA:043",
        "sequence": 43,
        "waypoint": "OVBOR",
        "point_role": "enroute",
        "overfly": false,
        "longitude": 20.019167,
        "latitude": 51.104167
      },
      "geometry": {
        "type": "Point",
        "coordinates": [
          20.019167,
          51.104167
        ]
      }
    },
    {
      "type": "Feature",
      "id": "OERK-ESSA:044",
      "properties": {
        "route_id": "OERK-ESSA",
        "route_name": "OERK-ESSA",
        "origin": "OERK",
        "destination": "ESSA",
        "point_count": 64,
        "source_file": "OERK-ESSA.gpx",
        "point_id": "OERK-ESSA:044",
        "sequence": 44,
        "waypoint": "LUBEN",
        "point_role": "enroute",
        "overfly": false,
        "longitude": 19.9575,
        "latitude": 51.224167
      },
      "geometry": {
        "type": "Point",
        "coordinates": [
          19.9575,
          51.224167
        ]
      }
    },
    {
      "type": "Feature",
      "id": "OERK-ESSA:045",
      "properties": {
        "route_id": "OERK-ESSA",
        "route_name": "OERK-ESSA",
        "origin": "OERK",
        "destination": "ESSA",
        "point_count": 64,
        "source_file": "OERK-ESSA.gpx",
        "point_id": "OERK-ESSA:045",
        "sequence": 45,
        "waypoint": "NUBLI",
        "point_role": "enroute",
        "overfly": false,
        "longitude": 19.887778,
        "latitude": 51.358611
      },
      "geometry": {
        "type": "Point",
        "coordinates": [
          19.887778,
          51.358611
        ]
      }
    },
    {
      "type": "Feature",
      "id": "OERK-ESSA:046",
      "properties": {
        "route_id": "OERK-ESSA",
        "route_name": "OERK-ESSA",
        "origin": "OERK",
        "destination": "ESSA",
        "point_count": 64,
        "source_file": "OERK-ESSA.gpx",
        "point_id": "OERK-ESSA:046",
        "sequence": 46,
        "waypoint": "IRBOS",
        "point_role": "enroute",
        "overfly": false,
        "longitude": 19.844167,
        "latitude": 51.4425
      },
      "geometry": {
        "type": "Point",
        "coordinates": [
          19.844167,
          51.4425
        ]
      }
    },
    {
      "type": "Feature",
      "id": "OERK-ESSA:047",
      "properties": {
        "route_id": "OERK-ESSA",
        "route_name": "OERK-ESSA",
        "origin": "OERK",
        "destination": "ESSA",
        "point_count": 64,
        "source_file": "OERK-ESSA.gpx",
        "point_id": "OERK-ESSA:047",
        "sequence": 47,
        "waypoint": "VIDEV",
        "point_role": "enroute",
        "overfly": false,
        "longitude": 19.8025,
        "latitude": 51.521944
      },
      "geometry": {
        "type": "Point",
        "coordinates": [
          19.8025,
          51.521944
        ]
      }
    },
    {
      "type": "Feature",
      "id": "OERK-ESSA:048",
      "properties": {
        "route_id": "OERK-ESSA",
        "route_name": "OERK-ESSA",
        "origin": "OERK",
        "destination": "ESSA",
        "point_count": 64,
        "source_file": "OERK-ESSA.gpx",
        "point_id": "OERK-ESSA:048",
        "sequence": 48,
        "waypoint": "GIPOS",
        "point_role": "enroute",
        "overfly": false,
        "longitude": 19.71,
        "latitude": 51.698333
      },
      "geometry": {
        "type": "Point",
        "coordinates": [
          19.71,
          51.698333
        ]
      }
    },
    {
      "type": "Feature",
      "id": "OERK-ESSA:049",
      "properties": {
        "route_id": "OERK-ESSA",
        "route_name": "OERK-ESSA",
        "origin": "OERK",
        "destination": "ESSA",
        "point_count": 64,
        "source_file": "OERK-ESSA.gpx",
        "point_id": "OERK-ESSA:049",
        "sequence": 49,
        "waypoint": "POLON",
        "point_role": "enroute",
        "overfly": false,
        "longitude": 19.656111,
        "latitude": 51.8
      },
      "geometry": {
        "type": "Point",
        "coordinates": [
          19.656111,
          51.8
        ]
      }
    },
    {
      "type": "Feature",
      "id": "OERK-ESSA:050",
      "properties": {
        "route_id": "OERK-ESSA",
        "route_name": "OERK-ESSA",
        "origin": "OERK",
        "destination": "ESSA",
        "point_count": 64,
        "source_file": "OERK-ESSA.gpx",
        "point_id": "OERK-ESSA:050",
        "sequence": 50,
        "waypoint": "EVEPU",
        "point_role": "enroute",
        "overfly": false,
        "longitude": 19.606389,
        "latitude": 51.901667
      },
      "geometry": {
        "type": "Point",
        "coordinates": [
          19.606389,
          51.901667
        ]
      }
    },
    {
      "type": "Feature",
      "id": "OERK-ESSA:051",
      "properties": {
        "route_id": "OERK-ESSA",
        "route_name": "OERK-ESSA",
        "origin": "OERK",
        "destination": "ESSA",
        "point_count": 64,
        "source_file": "OERK-ESSA.gpx",
        "point_id": "OERK-ESSA:051",
        "sequence": 51,
        "waypoint": "ADOXO",
        "point_role": "enroute",
        "overfly": false,
        "longitude": 19.507222,
        "latitude": 52.103056
      },
      "geometry": {
        "type": "Point",
        "coordinates": [
          19.507222,
          52.103056
        ]
      }
    },
    {
      "type": "Feature",
      "id": "OERK-ESSA:052",
      "properties": {
        "route_id": "OERK-ESSA",
        "route_name": "OERK-ESSA",
        "origin": "OERK",
        "destination": "ESSA",
        "point_count": 64,
        "source_file": "OERK-ESSA.gpx",
        "point_id": "OERK-ESSA:052",
        "sequence": 52,
        "waypoint": "PENEX",
        "point_role": "enroute",
        "overfly": false,
        "longitude": 19.277222,
        "latitude": 52.563056
      },
      "geometry": {
        "type": "Point",
        "coordinates": [
          19.277222,
          52.563056
        ]
      }
    },
    {
      "type": "Feature",
      "id": "OERK-ESSA:053",
      "properties": {
        "route_id": "OERK-ESSA",
        "route_name": "OERK-ESSA",
        "origin": "OERK",
        "destination": "ESSA",
        "point_count": 64,
        "source_file": "OERK-ESSA.gpx",
        "point_id": "OERK-ESSA:053",
        "sequence": 53,
        "waypoint": "NASOK",
        "point_role": "enroute",
        "overfly": false,
        "longitude": 19.006389,
        "latitude": 53.091944
      },
      "geometry": {
        "type": "Point",
        "coordinates": [
          19.006389,
          53.091944
        ]
      }
    },
    {
      "type": "Feature",
      "id": "OERK-ESSA:054",
      "properties": {
        "route_id": "OERK-ESSA",
        "route_name": "OERK-ESSA",
        "origin": "OERK",
        "destination": "ESSA",
        "point_count": 64,
        "source_file": "OERK-ESSA.gpx",
        "point_id": "OERK-ESSA:054",
        "sequence": 54,
        "waypoint": "BIBKA",
        "point_role": "enroute",
        "overfly": false,
        "longitude": 18.955,
        "latitude": 53.190833
      },
      "geometry": {
        "type": "Point",
        "coordinates": [
          18.955,
          53.190833
        ]
      }
    },
    {
      "type": "Feature",
      "id": "OERK-ESSA:055",
      "properties": {
        "route_id": "OERK-ESSA",
        "route_name": "OERK-ESSA",
        "origin": "OERK",
        "destination": "ESSA",
        "point_count": 64,
        "source_file": "OERK-ESSA.gpx",
        "point_id": "OERK-ESSA:055",
        "sequence": 55,
        "waypoint": "GRUDA",
        "point_role": "enroute",
        "overfly": false,
        "longitude": 18.781389,
        "latitude": 53.521111
      },
      "geometry": {
        "type": "Point",
        "coordinates": [
          18.781389,
          53.521111
        ]
      }
    },
    {
      "type": "Feature",
      "id": "OERK-ESSA:056",
      "properties": {
        "route_id": "OERK-ESSA",
        "route_name": "OERK-ESSA",
        "origin": "OERK",
        "destination": "ESSA",
        "point_count": 64,
        "source_file": "OERK-ESSA.gpx",
        "point_id": "OERK-ESSA:056",
        "sequence": 56,
        "waypoint": "IRLUN",
        "point_role": "enroute",
        "overfly": false,
        "longitude": 18.614861,
        "latitude": 53.750583
      },
      "geometry": {
        "type": "Point",
        "coordinates": [
          18.614861,
          53.750583
        ]
      }
    },
    {
      "type": "Feature",
      "id": "OERK-ESSA:057",
      "properties": {
        "route_id": "OERK-ESSA",
        "route_name": "OERK-ESSA",
        "origin": "OERK",
        "destination": "ESSA",
        "point_count": 64,
        "source_file": "OERK-ESSA.gpx",
        "point_id": "OERK-ESSA:057",
        "sequence": 57,
        "waypoint": "KARTI",
        "point_role": "enroute",
        "overfly": false,
        "longitude": 18.208056,
        "latitude": 54.299722
      },
      "geometry": {
        "type": "Point",
        "coordinates": [
          18.208056,
          54.299722
        ]
      }
    },
    {
      "type": "Feature",
      "id": "OERK-ESSA:058",
      "properties": {
        "route_id": "OERK-ESSA",
        "route_name": "OERK-ESSA",
        "origin": "OERK",
        "destination": "ESSA",
        "point_count": 64,
        "source_file": "OERK-ESSA.gpx",
        "point_id": "OERK-ESSA:058",
        "sequence": 58,
        "waypoint": "VAPOS",
        "point_role": "enroute",
        "overfly": false,
        "longitude": 17.826667,
        "latitude": 54.795278
      },
      "geometry": {
        "type": "Point",
        "coordinates": [
          17.826667,
          54.795278
        ]
      }
    },
    {
      "type": "Feature",
      "id": "OERK-ESSA:059",
      "properties": {
        "route_id": "OERK-ESSA",
        "route_name": "OERK-ESSA",
        "origin": "OERK",
        "destination": "ESSA",
        "point_count": 64,
        "source_file": "OERK-ESSA.gpx",
        "point_id": "OERK-ESSA:059",
        "sequence": 59,
        "waypoint": "DOMAG",
        "point_role": "enroute",
        "overfly": false,
        "longitude": 17.685556,
        "latitude": 54.974444
      },
      "geometry": {
        "type": "Point",
        "coordinates": [
          17.685556,
          54.974444
        ]
      }
    },
    {
      "type": "Feature",
      "id": "OERK-ESSA:060",
      "properties": {
        "route_id": "OERK-ESSA",
        "route_name": "OERK-ESSA",
        "origin": "OERK",
        "destination": "ESSA",
        "point_count": 64,
        "source_file": "OERK-ESSA.gpx",
        "point_id": "OERK-ESSA:060",
        "sequence": 60,
        "waypoint": "MOTAD",
        "point_role": "enroute",
        "overfly": false,
        "longitude": 17.505556,
        "latitude": 55.209444
      },
      "geometry": {
        "type": "Point",
        "coordinates": [
          17.505556,
          55.209444
        ]
      }
    },
    {
      "type": "Feature",
      "id": "OERK-ESSA:061",
      "properties": {
        "route_id": "OERK-ESSA",
        "route_name": "OERK-ESSA",
        "origin": "OERK",
        "destination": "ESSA",
        "point_count": 64,
        "source_file": "OERK-ESSA.gpx",
        "point_id": "OERK-ESSA:061",
        "sequence": 61,
        "waypoint": "PENOR",
        "point_role": "enroute",
        "overfly": false,
        "longitude": 17.161389,
        "latitude": 55.638611
      },
      "geometry": {
        "type": "Point",
        "coordinates": [
          17.161389,
          55.638611
        ]
      }
    },
    {
      "type": "Feature",
      "id": "OERK-ESSA:062",
      "properties": {
        "route_id": "OERK-ESSA",
        "route_name": "OERK-ESSA",
        "origin": "OERK",
        "destination": "ESSA",
        "point_count": 64,
        "source_file": "OERK-ESSA.gpx",
        "point_id": "OERK-ESSA:062",
        "sequence": 62,
        "waypoint": "ROGMI",
        "point_role": "enroute",
        "overfly": false,
        "longitude": 18.001667,
        "latitude": 58.193889
      },
      "geometry": {
        "type": "Point",
        "coordinates": [
          18.001667,
          58.193889
        ]
      }
    },
    {
      "type": "Feature",
      "id": "OERK-ESSA:063",
      "properties": {
        "route_id": "OERK-ESSA",
        "route_name": "OERK-ESSA",
        "origin": "OERK",
        "destination": "ESSA",
        "point_count": 64,
        "source_file": "OERK-ESSA.gpx",
        "point_id": "OERK-ESSA:063",
        "sequence": 63,
        "waypoint": "NILUG",
        "point_role": "enroute",
        "overfly": false,
        "longitude": 17.884722,
        "latitude": 58.815833
      },
      "geometry": {
        "type": "Point",
        "coordinates": [
          17.884722,
          58.815833
        ]
      }
    },
    {
      "type": "Feature",
      "id": "OERK-ESSA:064",
      "properties": {
        "route_id": "OERK-ESSA",
        "route_name": "OERK-ESSA",
        "origin": "OERK",
        "destination": "ESSA",
        "point_count": 64,
        "source_file": "OERK-ESSA.gpx",
        "point_id": "OERK-ESSA:064",
        "sequence": 64,
        "waypoint": "ESSA",
        "point_role": "destination",
        "overfly": false,
        "longitude": 17.918611,
        "latitude": 59.651944
      },
      "geometry": {
        "type": "Point",
        "coordinates": [
          17.918611,
          59.651944
        ]
      }
    },
    {
      "type": "Feature",
      "id": "OERK-LGAV:001",
      "properties": {
        "route_id": "OERK-LGAV",
        "route_name": "OERK-LGAV",
        "origin": "OERK",
        "destination": "LGAV",
        "point_count": 31,
        "source_file": "OERK-LGAV.gpx",
        "point_id": "OERK-LGAV:001",
        "sequence": 1,
        "waypoint": "OERK",
        "point_role": "origin",
        "overfly": false,
        "longitude": 46.708056,
        "latitude": 24.962778
      },
      "geometry": {
        "type": "Point",
        "coordinates": [
          46.708056,
          24.962778
        ]
      }
    },
    {
      "type": "Feature",
      "id": "OERK-LGAV:002",
      "properties": {
        "route_id": "OERK-LGAV",
        "route_name": "OERK-LGAV",
        "origin": "OERK",
        "destination": "LGAV",
        "point_count": 31,
        "source_file": "OERK-LGAV.gpx",
        "point_id": "OERK-LGAV:002",
        "sequence": 2,
        "waypoint": "IVONU",
        "point_role": "enroute",
        "overfly": false,
        "longitude": 45.675,
        "latitude": 25.056389
      },
      "geometry": {
        "type": "Point",
        "coordinates": [
          45.675,
          25.056389
        ]
      }
    },
    {
      "type": "Feature",
      "id": "OERK-LGAV:003",
      "properties": {
        "route_id": "OERK-LGAV",
        "route_name": "OERK-LGAV",
        "origin": "OERK",
        "destination": "LGAV",
        "point_count": 31,
        "source_file": "OERK-LGAV.gpx",
        "point_id": "OERK-LGAV:003",
        "sequence": 3,
        "waypoint": "SOKOP",
        "point_role": "enroute",
        "overfly": false,
        "longitude": 44.574722,
        "latitude": 25.531944
      },
      "geometry": {
        "type": "Point",
        "coordinates": [
          44.574722,
          25.531944
        ]
      }
    },
    {
      "type": "Feature",
      "id": "OERK-LGAV:004",
      "properties": {
        "route_id": "OERK-LGAV",
        "route_name": "OERK-LGAV",
        "origin": "OERK",
        "destination": "LGAV",
        "point_count": 31,
        "source_file": "OERK-LGAV.gpx",
        "point_id": "OERK-LGAV:004",
        "sequence": 4,
        "waypoint": "GAS",
        "point_role": "enroute",
        "overfly": false,
        "longitude": 43.779611,
        "latitude": 26.298083
      },
      "geometry": {
        "type": "Point",
        "coordinates": [
          43.779611,
          26.298083
        ]
      }
    },
    {
      "type": "Feature",
      "id": "OERK-LGAV:005",
      "properties": {
        "route_id": "OERK-LGAV",
        "route_name": "OERK-LGAV",
        "origin": "OERK",
        "destination": "LGAV",
        "point_count": 31,
        "source_file": "OERK-LGAV.gpx",
        "point_id": "OERK-LGAV:005",
        "sequence": 5,
        "waypoint": "MODIV",
        "point_role": "enroute",
        "overfly": false,
        "longitude": 43.144444,
        "latitude": 26.645
      },
      "geometry": {
        "type": "Point",
        "coordinates": [
          43.144444,
          26.645
        ]
      }
    },
    {
      "type": "Feature",
      "id": "OERK-LGAV:006",
      "properties": {
        "route_id": "OERK-LGAV",
        "route_name": "OERK-LGAV",
        "origin": "OERK",
        "destination": "LGAV",
        "point_count": 31,
        "source_file": "OERK-LGAV.gpx",
        "point_id": "OERK-LGAV:006",
        "sequence": 6,
        "waypoint": "DAROP",
        "point_role": "enroute",
        "overfly": false,
        "longitude": 42.326667,
        "latitude": 27.084722
      },
      "geometry": {
        "type": "Point",
        "coordinates": [
          42.326667,
          27.084722
        ]
      }
    },
    {
      "type": "Feature",
      "id": "OERK-LGAV:007",
      "properties": {
        "route_id": "OERK-LGAV",
        "route_name": "OERK-LGAV",
        "origin": "OERK",
        "destination": "LGAV",
        "point_count": 31,
        "source_file": "OERK-LGAV.gpx",
        "point_id": "OERK-LGAV:007",
        "sequence": 7,
        "waypoint": "HIL",
        "point_role": "enroute",
        "overfly": false,
        "longitude": 41.682917,
        "latitude": 27.425056
      },
      "geometry": {
        "type": "Point",
        "coordinates": [
          41.682917,
          27.425056
        ]
      }
    },
    {
      "type": "Feature",
      "id": "OERK-LGAV:008",
      "properties": {
        "route_id": "OERK-LGAV",
        "route_name": "OERK-LGAV",
        "origin": "OERK",
        "destination": "LGAV",
        "point_count": 31,
        "source_file": "OERK-LGAV.gpx",
        "point_id": "OERK-LGAV:008",
        "sequence": 8,
        "waypoint": "EGVOP",
        "point_role": "enroute",
        "overfly": false,
        "longitude": 41.173333,
        "latitude": 27.916111
      },
      "geometry": {
        "type": "Point",
        "coordinates": [
          41.173333,
          27.916111
        ]
      }
    },
    {
      "type": "Feature",
      "id": "OERK-LGAV:009",
      "properties": {
        "route_id": "OERK-LGAV",
        "route_name": "OERK-LGAV",
        "origin": "OERK",
        "destination": "LGAV",
        "point_count": 31,
        "source_file": "OERK-LGAV.gpx",
        "point_id": "OERK-LGAV:009",
        "sequence": 9,
        "waypoint": "NIMAR",
        "point_role": "enroute",
        "overfly": false,
        "longitude": 39.906944,
        "latitude": 29.109722
      },
      "geometry": {
        "type": "Point",
        "coordinates": [
          39.906944,
          29.109722
        ]
      }
    },
    {
      "type": "Feature",
      "id": "OERK-LGAV:010",
      "properties": {
        "route_id": "OERK-LGAV",
        "route_name": "OERK-LGAV",
        "origin": "OERK",
        "destination": "LGAV",
        "point_count": 31,
        "source_file": "OERK-LGAV.gpx",
        "point_id": "OERK-LGAV:010",
        "sequence": 10,
        "waypoint": "ENABI",
        "point_role": "enroute",
        "overfly": false,
        "longitude": 38.930556,
        "latitude": 29.110833
      },
      "geometry": {
        "type": "Point",
        "coordinates": [
          38.930556,
          29.110833
        ]
      }
    },
    {
      "type": "Feature",
      "id": "OERK-LGAV:011",
      "properties": {
        "route_id": "OERK-LGAV",
        "route_name": "OERK-LGAV",
        "origin": "OERK",
        "destination": "LGAV",
        "point_count": 31,
        "source_file": "OERK-LGAV.gpx",
        "point_id": "OERK-LGAV:011",
        "sequence": 11,
        "waypoint": "ASTUM",
        "point_role": "enroute",
        "overfly": false,
        "longitude": 38.376944,
        "latitude": 29.107778
      },
      "geometry": {
        "type": "Point",
        "coordinates": [
          38.376944,
          29.107778
        ]
      }
    },
    {
      "type": "Feature",
      "id": "OERK-LGAV:012",
      "properties": {
        "route_id": "OERK-LGAV",
        "route_name": "OERK-LGAV",
        "origin": "OERK",
        "destination": "LGAV",
        "point_count": 31,
        "source_file": "OERK-LGAV.gpx",
        "point_id": "OERK-LGAV:012",
        "sequence": 12,
        "waypoint": "OBNAK",
        "point_role": "enroute",
        "overfly": false,
        "longitude": 37.508889,
        "latitude": 29.098333
      },
      "geometry": {
        "type": "Point",
        "coordinates": [
          37.508889,
          29.098333
        ]
      }
    },
    {
      "type": "Feature",
      "id": "OERK-LGAV:013",
      "properties": {
        "route_id": "OERK-LGAV",
        "route_name": "OERK-LGAV",
        "origin": "OERK",
        "destination": "LGAV",
        "point_count": 31,
        "source_file": "OERK-LGAV.gpx",
        "point_id": "OERK-LGAV:013",
        "sequence": 13,
        "waypoint": "EGSIS",
        "point_role": "enroute",
        "overfly": false,
        "longitude": 36.480556,
        "latitude": 29.0875
      },
      "geometry": {
        "type": "Point",
        "coordinates": [
          36.480556,
          29.0875
        ]
      }
    },
    {
      "type": "Feature",
      "id": "OERK-LGAV:014",
      "properties": {
        "route_id": "OERK-LGAV",
        "route_name": "OERK-LGAV",
        "origin": "OERK",
        "destination": "LGAV",
        "point_count": 31,
        "source_file": "OERK-LGAV.gpx",
        "point_id": "OERK-LGAV:014",
        "sequence": 14,
        "waypoint": "RUKET",
        "point_role": "enroute",
        "overfly": false,
        "longitude": 34.847222,
        "latitude": 29.034722
      },
      "geometry": {
        "type": "Point",
        "coordinates": [
          34.847222,
          29.034722
        ]
      }
    },
    {
      "type": "Feature",
      "id": "OERK-LGAV:015",
      "properties": {
        "route_id": "OERK-LGAV",
        "route_name": "OERK-LGAV",
        "origin": "OERK",
        "destination": "LGAV",
        "point_count": 31,
        "source_file": "OERK-LGAV.gpx",
        "point_id": "OERK-LGAV:015",
        "sequence": 15,
        "waypoint": "KITIT",
        "point_role": "enroute",
        "overfly": false,
        "longitude": 34.758056,
        "latitude": 29.033333
      },
      "geometry": {
        "type": "Point",
        "coordinates": [
          34.758056,
          29.033333
        ]
      }
    },
    {
      "type": "Feature",
      "id": "OERK-LGAV:016",
      "properties": {
        "route_id": "OERK-LGAV",
        "route_name": "OERK-LGAV",
        "origin": "OERK",
        "destination": "LGAV",
        "point_count": 31,
        "source_file": "OERK-LGAV.gpx",
        "point_id": "OERK-LGAV:016",
        "sequence": 16,
        "waypoint": "NOVPA",
        "point_role": "enroute",
        "overfly": false,
        "longitude": 34.671111,
        "latitude": 29.032222
      },
      "geometry": {
        "type": "Point",
        "coordinates": [
          34.671111,
          29.032222
        ]
      }
    },
    {
      "type": "Feature",
      "id": "OERK-LGAV:017",
      "properties": {
        "route_id": "OERK-LGAV",
        "route_name": "OERK-LGAV",
        "origin": "OERK",
        "destination": "LGAV",
        "point_count": 31,
        "source_file": "OERK-LGAV.gpx",
        "point_id": "OERK-LGAV:017",
        "sequence": 17,
        "waypoint": "SIMSA",
        "point_role": "enroute",
        "overfly": false,
        "longitude": 33.954444,
        "latitude": 29.241111
      },
      "geometry": {
        "type": "Point",
        "coordinates": [
          33.954444,
          29.241111
        ]
      }
    },
    {
      "type": "Feature",
      "id": "OERK-LGAV:018",
      "properties": {
        "route_id": "OERK-LGAV",
        "route_name": "OERK-LGAV",
        "origin": "OERK",
        "destination": "LGAV",
        "point_count": 31,
        "source_file": "OERK-LGAV.gpx",
        "point_id": "OERK-LGAV:018",
        "sequence": 18,
        "waypoint": "SISIK",
        "point_role": "enroute",
        "overfly": false,
        "longitude": 32.685,
        "latitude": 29.6
      },
      "geometry": {
        "type": "Point",
        "coordinates": [
          32.685,
          29.6
        ]
      }
    },
    {
      "type": "Feature",
      "id": "OERK-LGAV:019",
      "properties": {
        "route_id": "OERK-LGAV",
        "route_name": "OERK-LGAV",
        "origin": "OERK",
        "destination": "LGAV",
        "point_count": 31,
        "source_file": "OERK-LGAV.gpx",
        "point_id": "OERK-LGAV:019",
        "sequence": 19,
        "waypoint": "MENLI",
        "point_role": "enroute",
        "overfly": false,
        "longitude": 31.868333,
        "latitude": 29.783333
      },
      "geometry": {
        "type": "Point",
        "coordinates": [
          31.868333,
          29.783333
        ]
      }
    },
    {
      "type": "Feature",
      "id": "OERK-LGAV:020",
      "properties": {
        "route_id": "OERK-LGAV",
        "route_name": "OERK-LGAV",
        "origin": "OERK",
        "destination": "LGAV",
        "point_count": 31,
        "source_file": "OERK-LGAV.gpx",
        "point_id": "OERK-LGAV:020",
        "sequence": 20,
        "waypoint": "GESON",
        "point_role": "enroute",
        "overfly": false,
        "longitude": 31.663056,
        "latitude": 29.915
      },
      "geometry": {
        "type": "Point",
        "coordinates": [
          31.663056,
          29.915
        ]
      }
    },
    {
      "type": "Feature",
      "id": "OERK-LGAV:021",
      "properties": {
        "route_id": "OERK-LGAV",
        "route_name": "OERK-LGAV",
        "origin": "OERK",
        "destination": "LGAV",
        "point_count": 31,
        "source_file": "OERK-LGAV.gpx",
        "point_id": "OERK-LGAV:021",
        "sequence": 21,
        "waypoint": "CVO",
        "point_role": "enroute",
        "overfly": false,
        "longitude": 31.388417,
        "latitude": 30.092306
      },
      "geometry": {
        "type": "Point",
        "coordinates": [
          31.388417,
          30.092306
        ]
      }
    },
    {
      "type": "Feature",
      "id": "OERK-LGAV:022",
      "properties": {
        "route_id": "OERK-LGAV",
        "route_name": "OERK-LGAV",
        "origin": "OERK",
        "destination": "LGAV",
        "point_count": 31,
        "source_file": "OERK-LGAV.gpx",
        "point_id": "OERK-LGAV:022",
        "sequence": 22,
        "waypoint": "MENKU",
        "point_role": "enroute",
        "overfly": false,
        "longitude": 30.301667,
        "latitude": 31.091944
      },
      "geometry": {
        "type": "Point",
        "coordinates": [
          30.301667,
          31.091944
        ]
      }
    },
    {
      "type": "Feature",
      "id": "OERK-LGAV:023",
      "properties": {
        "route_id": "OERK-LGAV",
        "route_name": "OERK-LGAV",
        "origin": "OERK",
        "destination": "LGAV",
        "point_count": 31,
        "source_file": "OERK-LGAV.gpx",
        "point_id": "OERK-LGAV:023",
        "sequence": 23,
        "waypoint": "MUXEB",
        "point_role": "enroute",
        "overfly": false,
        "longitude": 29.565,
        "latitude": 32.096944
      },
      "geometry": {
        "type": "Point",
        "coordinates": [
          29.565,
          32.096944
        ]
      }
    },
    {
      "type": "Feature",
      "id": "OERK-LGAV:024",
      "properties": {
        "route_id": "OERK-LGAV",
        "route_name": "OERK-LGAV",
        "origin": "OERK",
        "destination": "LGAV",
        "point_count": 31,
        "source_file": "OERK-LGAV.gpx",
        "point_id": "OERK-LGAV:024",
        "sequence": 24,
        "waypoint": "ANTAR",
        "point_role": "enroute",
        "overfly": false,
        "longitude": 28.266667,
        "latitude": 33.8
      },
      "geometry": {
        "type": "Point",
        "coordinates": [
          28.266667,
          33.8
        ]
      }
    },
    {
      "type": "Feature",
      "id": "OERK-LGAV:025",
      "properties": {
        "route_id": "OERK-LGAV",
        "route_name": "OERK-LGAV",
        "origin": "OERK",
        "destination": "LGAV",
        "point_count": 31,
        "source_file": "OERK-LGAV.gpx",
        "point_id": "OERK-LGAV:025",
        "sequence": 25,
        "waypoint": "KPC",
        "point_role": "enroute",
        "overfly": false,
        "longitude": 27.146911,
        "latitude": 35.421822
      },
      "geometry": {
        "type": "Point",
        "coordinates": [
          27.146911,
          35.421822
        ]
      }
    },
    {
      "type": "Feature",
      "id": "OERK-LGAV:026",
      "properties": {
        "route_id": "OERK-LGAV",
        "route_name": "OERK-LGAV",
        "origin": "OERK",
        "destination": "LGAV",
        "point_count": 31,
        "source_file": "OERK-LGAV.gpx",
        "point_id": "OERK-LGAV:026",
        "sequence": 26,
        "waypoint": "TIPAS",
        "point_role": "enroute",
        "overfly": false,
        "longitude": 26.763333,
        "latitude": 35.907778
      },
      "geometry": {
        "type": "Point",
        "coordinates": [
          26.763333,
          35.907778
        ]
      }
    },
    {
      "type": "Feature",
      "id": "OERK-LGAV:027",
      "properties": {
        "route_id": "OERK-LGAV",
        "route_name": "OERK-LGAV",
        "origin": "OERK",
        "destination": "LGAV",
        "point_count": 31,
        "source_file": "OERK-LGAV.gpx",
        "point_id": "OERK-LGAV:027",
        "sequence": 27,
        "waypoint": "ASTIS",
        "point_role": "enroute",
        "overfly": false,
        "longitude": 26.232778,
        "latitude": 36.565278
      },
      "geometry": {
        "type": "Point",
        "coordinates": [
          26.232778,
          36.565278
        ]
      }
    },
    {
      "type": "Feature",
      "id": "OERK-LGAV:028",
      "properties": {
        "route_id": "OERK-LGAV",
        "route_name": "OERK-LGAV",
        "origin": "OERK",
        "destination": "LGAV",
        "point_count": 31,
        "source_file": "OERK-LGAV.gpx",
        "point_id": "OERK-LGAV:028",
        "sequence": 28,
        "waypoint": "PEROK",
        "point_role": "enroute",
        "overfly": false,
        "longitude": 25.451667,
        "latitude": 37.204444
      },
      "geometry": {
        "type": "Point",
        "coordinates": [
          25.451667,
          37.204444
        ]
      }
    },
    {
      "type": "Feature",
      "id": "OERK-LGAV:029",
      "properties": {
        "route_id": "OERK-LGAV",
        "route_name": "OERK-LGAV",
        "origin": "OERK",
        "destination": "LGAV",
        "point_count": 31,
        "source_file": "OERK-LGAV.gpx",
        "point_id": "OERK-LGAV:029",
        "sequence": 29,
        "waypoint": "RIPLI",
        "point_role": "enroute",
        "overfly": false,
        "longitude": 25.362778,
        "latitude": 37.275833
      },
      "geometry": {
        "type": "Point",
        "coordinates": [
          25.362778,
          37.275833
        ]
      }
    },
    {
      "type": "Feature",
      "id": "OERK-LGAV:030",
      "properties": {
        "route_id": "OERK-LGAV",
        "route_name": "OERK-LGAV",
        "origin": "OERK",
        "destination": "LGAV",
        "point_count": 31,
        "source_file": "OERK-LGAV.gpx",
        "point_id": "OERK-LGAV:030",
        "sequence": 30,
        "waypoint": "VARIX",
        "point_role": "enroute",
        "overfly": false,
        "longitude": 25.034167,
        "latitude": 37.363889
      },
      "geometry": {
        "type": "Point",
        "coordinates": [
          25.034167,
          37.363889
        ]
      }
    },
    {
      "type": "Feature",
      "id": "OERK-LGAV:031",
      "properties": {
        "route_id": "OERK-LGAV",
        "route_name": "OERK-LGAV",
        "origin": "OERK",
        "destination": "LGAV",
        "point_count": 31,
        "source_file": "OERK-LGAV.gpx",
        "point_id": "OERK-LGAV:031",
        "sequence": 31,
        "waypoint": "LGAV",
        "point_role": "destination",
        "overfly": false,
        "longitude": 23.9445,
        "latitude": 37.9367
      },
      "geometry": {
        "type": "Point",
        "coordinates": [
          23.9445,
          37.9367
        ]
      }
    },
    {
      "type": "Feature",
      "id": "OERK-LHBP:001",
      "properties": {
        "route_id": "OERK-LHBP",
        "route_name": "OERK-LHBP",
        "origin": "OERK",
        "destination": "LHBP",
        "point_count": 36,
        "source_file": "OERK-LHBP.gpx",
        "point_id": "OERK-LHBP:001",
        "sequence": 1,
        "waypoint": "OERK",
        "point_role": "origin",
        "overfly": false,
        "longitude": 46.708056,
        "latitude": 24.962778
      },
      "geometry": {
        "type": "Point",
        "coordinates": [
          46.708056,
          24.962778
        ]
      }
    },
    {
      "type": "Feature",
      "id": "OERK-LHBP:002",
      "properties": {
        "route_id": "OERK-LHBP",
        "route_name": "OERK-LHBP",
        "origin": "OERK",
        "destination": "LHBP",
        "point_count": 36,
        "source_file": "OERK-LHBP.gpx",
        "point_id": "OERK-LHBP:002",
        "sequence": 2,
        "waypoint": "IVONU",
        "point_role": "enroute",
        "overfly": false,
        "longitude": 45.675,
        "latitude": 25.056389
      },
      "geometry": {
        "type": "Point",
        "coordinates": [
          45.675,
          25.056389
        ]
      }
    },
    {
      "type": "Feature",
      "id": "OERK-LHBP:003",
      "properties": {
        "route_id": "OERK-LHBP",
        "route_name": "OERK-LHBP",
        "origin": "OERK",
        "destination": "LHBP",
        "point_count": 36,
        "source_file": "OERK-LHBP.gpx",
        "point_id": "OERK-LHBP:003",
        "sequence": 3,
        "waypoint": "SOKOP",
        "point_role": "enroute",
        "overfly": false,
        "longitude": 44.574722,
        "latitude": 25.531944
      },
      "geometry": {
        "type": "Point",
        "coordinates": [
          44.574722,
          25.531944
        ]
      }
    },
    {
      "type": "Feature",
      "id": "OERK-LHBP:004",
      "properties": {
        "route_id": "OERK-LHBP",
        "route_name": "OERK-LHBP",
        "origin": "OERK",
        "destination": "LHBP",
        "point_count": 36,
        "source_file": "OERK-LHBP.gpx",
        "point_id": "OERK-LHBP:004",
        "sequence": 4,
        "waypoint": "GAS",
        "point_role": "enroute",
        "overfly": false,
        "longitude": 43.779611,
        "latitude": 26.298083
      },
      "geometry": {
        "type": "Point",
        "coordinates": [
          43.779611,
          26.298083
        ]
      }
    },
    {
      "type": "Feature",
      "id": "OERK-LHBP:005",
      "properties": {
        "route_id": "OERK-LHBP",
        "route_name": "OERK-LHBP",
        "origin": "OERK",
        "destination": "LHBP",
        "point_count": 36,
        "source_file": "OERK-LHBP.gpx",
        "point_id": "OERK-LHBP:005",
        "sequence": 5,
        "waypoint": "MODIV",
        "point_role": "enroute",
        "overfly": false,
        "longitude": 43.144444,
        "latitude": 26.645
      },
      "geometry": {
        "type": "Point",
        "coordinates": [
          43.144444,
          26.645
        ]
      }
    },
    {
      "type": "Feature",
      "id": "OERK-LHBP:006",
      "properties": {
        "route_id": "OERK-LHBP",
        "route_name": "OERK-LHBP",
        "origin": "OERK",
        "destination": "LHBP",
        "point_count": 36,
        "source_file": "OERK-LHBP.gpx",
        "point_id": "OERK-LHBP:006",
        "sequence": 6,
        "waypoint": "DAROP",
        "point_role": "enroute",
        "overfly": false,
        "longitude": 42.326667,
        "latitude": 27.084722
      },
      "geometry": {
        "type": "Point",
        "coordinates": [
          42.326667,
          27.084722
        ]
      }
    },
    {
      "type": "Feature",
      "id": "OERK-LHBP:007",
      "properties": {
        "route_id": "OERK-LHBP",
        "route_name": "OERK-LHBP",
        "origin": "OERK",
        "destination": "LHBP",
        "point_count": 36,
        "source_file": "OERK-LHBP.gpx",
        "point_id": "OERK-LHBP:007",
        "sequence": 7,
        "waypoint": "HIL",
        "point_role": "enroute",
        "overfly": false,
        "longitude": 41.682917,
        "latitude": 27.425056
      },
      "geometry": {
        "type": "Point",
        "coordinates": [
          41.682917,
          27.425056
        ]
      }
    },
    {
      "type": "Feature",
      "id": "OERK-LHBP:008",
      "properties": {
        "route_id": "OERK-LHBP",
        "route_name": "OERK-LHBP",
        "origin": "OERK",
        "destination": "LHBP",
        "point_count": 36,
        "source_file": "OERK-LHBP.gpx",
        "point_id": "OERK-LHBP:008",
        "sequence": 8,
        "waypoint": "EGVOP",
        "point_role": "enroute",
        "overfly": false,
        "longitude": 41.173333,
        "latitude": 27.916111
      },
      "geometry": {
        "type": "Point",
        "coordinates": [
          41.173333,
          27.916111
        ]
      }
    },
    {
      "type": "Feature",
      "id": "OERK-LHBP:009",
      "properties": {
        "route_id": "OERK-LHBP",
        "route_name": "OERK-LHBP",
        "origin": "OERK",
        "destination": "LHBP",
        "point_count": 36,
        "source_file": "OERK-LHBP.gpx",
        "point_id": "OERK-LHBP:009",
        "sequence": 9,
        "waypoint": "NIMAR",
        "point_role": "enroute",
        "overfly": false,
        "longitude": 39.906944,
        "latitude": 29.109722
      },
      "geometry": {
        "type": "Point",
        "coordinates": [
          39.906944,
          29.109722
        ]
      }
    },
    {
      "type": "Feature",
      "id": "OERK-LHBP:010",
      "properties": {
        "route_id": "OERK-LHBP",
        "route_name": "OERK-LHBP",
        "origin": "OERK",
        "destination": "LHBP",
        "point_count": 36,
        "source_file": "OERK-LHBP.gpx",
        "point_id": "OERK-LHBP:010",
        "sequence": 10,
        "waypoint": "ENABI",
        "point_role": "enroute",
        "overfly": false,
        "longitude": 38.930556,
        "latitude": 29.110833
      },
      "geometry": {
        "type": "Point",
        "coordinates": [
          38.930556,
          29.110833
        ]
      }
    },
    {
      "type": "Feature",
      "id": "OERK-LHBP:011",
      "properties": {
        "route_id": "OERK-LHBP",
        "route_name": "OERK-LHBP",
        "origin": "OERK",
        "destination": "LHBP",
        "point_count": 36,
        "source_file": "OERK-LHBP.gpx",
        "point_id": "OERK-LHBP:011",
        "sequence": 11,
        "waypoint": "ASTUM",
        "point_role": "enroute",
        "overfly": false,
        "longitude": 38.376944,
        "latitude": 29.107778
      },
      "geometry": {
        "type": "Point",
        "coordinates": [
          38.376944,
          29.107778
        ]
      }
    },
    {
      "type": "Feature",
      "id": "OERK-LHBP:012",
      "properties": {
        "route_id": "OERK-LHBP",
        "route_name": "OERK-LHBP",
        "origin": "OERK",
        "destination": "LHBP",
        "point_count": 36,
        "source_file": "OERK-LHBP.gpx",
        "point_id": "OERK-LHBP:012",
        "sequence": 12,
        "waypoint": "OBNAK",
        "point_role": "enroute",
        "overfly": false,
        "longitude": 37.508889,
        "latitude": 29.098333
      },
      "geometry": {
        "type": "Point",
        "coordinates": [
          37.508889,
          29.098333
        ]
      }
    },
    {
      "type": "Feature",
      "id": "OERK-LHBP:013",
      "properties": {
        "route_id": "OERK-LHBP",
        "route_name": "OERK-LHBP",
        "origin": "OERK",
        "destination": "LHBP",
        "point_count": 36,
        "source_file": "OERK-LHBP.gpx",
        "point_id": "OERK-LHBP:013",
        "sequence": 13,
        "waypoint": "EGSIS",
        "point_role": "enroute",
        "overfly": false,
        "longitude": 36.480556,
        "latitude": 29.0875
      },
      "geometry": {
        "type": "Point",
        "coordinates": [
          36.480556,
          29.0875
        ]
      }
    },
    {
      "type": "Feature",
      "id": "OERK-LHBP:014",
      "properties": {
        "route_id": "OERK-LHBP",
        "route_name": "OERK-LHBP",
        "origin": "OERK",
        "destination": "LHBP",
        "point_count": 36,
        "source_file": "OERK-LHBP.gpx",
        "point_id": "OERK-LHBP:014",
        "sequence": 14,
        "waypoint": "RUKET",
        "point_role": "enroute",
        "overfly": false,
        "longitude": 34.847222,
        "latitude": 29.034722
      },
      "geometry": {
        "type": "Point",
        "coordinates": [
          34.847222,
          29.034722
        ]
      }
    },
    {
      "type": "Feature",
      "id": "OERK-LHBP:015",
      "properties": {
        "route_id": "OERK-LHBP",
        "route_name": "OERK-LHBP",
        "origin": "OERK",
        "destination": "LHBP",
        "point_count": 36,
        "source_file": "OERK-LHBP.gpx",
        "point_id": "OERK-LHBP:015",
        "sequence": 15,
        "waypoint": "KITIT",
        "point_role": "enroute",
        "overfly": false,
        "longitude": 34.758056,
        "latitude": 29.033333
      },
      "geometry": {
        "type": "Point",
        "coordinates": [
          34.758056,
          29.033333
        ]
      }
    },
    {
      "type": "Feature",
      "id": "OERK-LHBP:016",
      "properties": {
        "route_id": "OERK-LHBP",
        "route_name": "OERK-LHBP",
        "origin": "OERK",
        "destination": "LHBP",
        "point_count": 36,
        "source_file": "OERK-LHBP.gpx",
        "point_id": "OERK-LHBP:016",
        "sequence": 16,
        "waypoint": "NOVPA",
        "point_role": "enroute",
        "overfly": false,
        "longitude": 34.671111,
        "latitude": 29.032222
      },
      "geometry": {
        "type": "Point",
        "coordinates": [
          34.671111,
          29.032222
        ]
      }
    },
    {
      "type": "Feature",
      "id": "OERK-LHBP:017",
      "properties": {
        "route_id": "OERK-LHBP",
        "route_name": "OERK-LHBP",
        "origin": "OERK",
        "destination": "LHBP",
        "point_count": 36,
        "source_file": "OERK-LHBP.gpx",
        "point_id": "OERK-LHBP:017",
        "sequence": 17,
        "waypoint": "SIMSA",
        "point_role": "enroute",
        "overfly": false,
        "longitude": 33.954444,
        "latitude": 29.241111
      },
      "geometry": {
        "type": "Point",
        "coordinates": [
          33.954444,
          29.241111
        ]
      }
    },
    {
      "type": "Feature",
      "id": "OERK-LHBP:018",
      "properties": {
        "route_id": "OERK-LHBP",
        "route_name": "OERK-LHBP",
        "origin": "OERK",
        "destination": "LHBP",
        "point_count": 36,
        "source_file": "OERK-LHBP.gpx",
        "point_id": "OERK-LHBP:018",
        "sequence": 18,
        "waypoint": "SISIK",
        "point_role": "enroute",
        "overfly": false,
        "longitude": 32.685,
        "latitude": 29.6
      },
      "geometry": {
        "type": "Point",
        "coordinates": [
          32.685,
          29.6
        ]
      }
    },
    {
      "type": "Feature",
      "id": "OERK-LHBP:019",
      "properties": {
        "route_id": "OERK-LHBP",
        "route_name": "OERK-LHBP",
        "origin": "OERK",
        "destination": "LHBP",
        "point_count": 36,
        "source_file": "OERK-LHBP.gpx",
        "point_id": "OERK-LHBP:019",
        "sequence": 19,
        "waypoint": "MENLI",
        "point_role": "enroute",
        "overfly": false,
        "longitude": 31.868333,
        "latitude": 29.783333
      },
      "geometry": {
        "type": "Point",
        "coordinates": [
          31.868333,
          29.783333
        ]
      }
    },
    {
      "type": "Feature",
      "id": "OERK-LHBP:020",
      "properties": {
        "route_id": "OERK-LHBP",
        "route_name": "OERK-LHBP",
        "origin": "OERK",
        "destination": "LHBP",
        "point_count": 36,
        "source_file": "OERK-LHBP.gpx",
        "point_id": "OERK-LHBP:020",
        "sequence": 20,
        "waypoint": "GESON",
        "point_role": "enroute",
        "overfly": false,
        "longitude": 31.663056,
        "latitude": 29.915
      },
      "geometry": {
        "type": "Point",
        "coordinates": [
          31.663056,
          29.915
        ]
      }
    },
    {
      "type": "Feature",
      "id": "OERK-LHBP:021",
      "properties": {
        "route_id": "OERK-LHBP",
        "route_name": "OERK-LHBP",
        "origin": "OERK",
        "destination": "LHBP",
        "point_count": 36,
        "source_file": "OERK-LHBP.gpx",
        "point_id": "OERK-LHBP:021",
        "sequence": 21,
        "waypoint": "CVO",
        "point_role": "enroute",
        "overfly": false,
        "longitude": 31.388417,
        "latitude": 30.092306
      },
      "geometry": {
        "type": "Point",
        "coordinates": [
          31.388417,
          30.092306
        ]
      }
    },
    {
      "type": "Feature",
      "id": "OERK-LHBP:022",
      "properties": {
        "route_id": "OERK-LHBP",
        "route_name": "OERK-LHBP",
        "origin": "OERK",
        "destination": "LHBP",
        "point_count": 36,
        "source_file": "OERK-LHBP.gpx",
        "point_id": "OERK-LHBP:022",
        "sequence": 22,
        "waypoint": "MENKU",
        "point_role": "enroute",
        "overfly": false,
        "longitude": 30.301667,
        "latitude": 31.091944
      },
      "geometry": {
        "type": "Point",
        "coordinates": [
          30.301667,
          31.091944
        ]
      }
    },
    {
      "type": "Feature",
      "id": "OERK-LHBP:023",
      "properties": {
        "route_id": "OERK-LHBP",
        "route_name": "OERK-LHBP",
        "origin": "OERK",
        "destination": "LHBP",
        "point_count": 36,
        "source_file": "OERK-LHBP.gpx",
        "point_id": "OERK-LHBP:023",
        "sequence": 23,
        "waypoint": "MUXEB",
        "point_role": "enroute",
        "overfly": false,
        "longitude": 29.565,
        "latitude": 32.096944
      },
      "geometry": {
        "type": "Point",
        "coordinates": [
          29.565,
          32.096944
        ]
      }
    },
    {
      "type": "Feature",
      "id": "OERK-LHBP:024",
      "properties": {
        "route_id": "OERK-LHBP",
        "route_name": "OERK-LHBP",
        "origin": "OERK",
        "destination": "LHBP",
        "point_count": 36,
        "source_file": "OERK-LHBP.gpx",
        "point_id": "OERK-LHBP:024",
        "sequence": 24,
        "waypoint": "ANTAR",
        "point_role": "enroute",
        "overfly": false,
        "longitude": 28.266667,
        "latitude": 33.8
      },
      "geometry": {
        "type": "Point",
        "coordinates": [
          28.266667,
          33.8
        ]
      }
    },
    {
      "type": "Feature",
      "id": "OERK-LHBP:025",
      "properties": {
        "route_id": "OERK-LHBP",
        "route_name": "OERK-LHBP",
        "origin": "OERK",
        "destination": "LHBP",
        "point_count": 36,
        "source_file": "OERK-LHBP.gpx",
        "point_id": "OERK-LHBP:025",
        "sequence": 25,
        "waypoint": "GUDIS",
        "point_role": "enroute",
        "overfly": false,
        "longitude": 27.766111,
        "latitude": 34.535556
      },
      "geometry": {
        "type": "Point",
        "coordinates": [
          27.766111,
          34.535556
        ]
      }
    },
    {
      "type": "Feature",
      "id": "OERK-LHBP:026",
      "properties": {
        "route_id": "OERK-LHBP",
        "route_name": "OERK-LHBP",
        "origin": "OERK",
        "destination": "LHBP",
        "point_count": 36,
        "source_file": "OERK-LHBP.gpx",
        "point_id": "OERK-LHBP:026",
        "sequence": 26,
        "waypoint": "KOPAR",
        "point_role": "enroute",
        "overfly": false,
        "longitude": 26.688611,
        "latitude": 36.830278
      },
      "geometry": {
        "type": "Point",
        "coordinates": [
          26.688611,
          36.830278
        ]
      }
    },
    {
      "type": "Feature",
      "id": "OERK-LHBP:027",
      "properties": {
        "route_id": "OERK-LHBP",
        "route_name": "OERK-LHBP",
        "origin": "OERK",
        "destination": "LHBP",
        "point_count": 36,
        "source_file": "OERK-LHBP.gpx",
        "point_id": "OERK-LHBP:027",
        "sequence": 27,
        "waypoint": "RIGRO",
        "point_role": "enroute",
        "overfly": false,
        "longitude": 25.874167,
        "latitude": 37.59
      },
      "geometry": {
        "type": "Point",
        "coordinates": [
          25.874167,
          37.59
        ]
      }
    },
    {
      "type": "Feature",
      "id": "OERK-LHBP:028",
      "properties": {
        "route_id": "OERK-LHBP",
        "route_name": "OERK-LHBP",
        "origin": "OERK",
        "destination": "LHBP",
        "point_count": 36,
        "source_file": "OERK-LHBP.gpx",
        "point_id": "OERK-LHBP:028",
        "sequence": 28,
        "waypoint": "LMO",
        "point_role": "enroute",
        "overfly": false,
        "longitude": 25.237189,
        "latitude": 39.919539
      },
      "geometry": {
        "type": "Point",
        "coordinates": [
          25.237189,
          39.919539
        ]
      }
    },
    {
      "type": "Feature",
      "id": "OERK-LHBP:029",
      "properties": {
        "route_id": "OERK-LHBP",
        "route_name": "OERK-LHBP",
        "origin": "OERK",
        "destination": "LHBP",
        "point_count": 36,
        "source_file": "OERK-LHBP.gpx",
        "point_id": "OERK-LHBP:029",
        "sequence": 29,
        "waypoint": "ATFIR",
        "point_role": "enroute",
        "overfly": false,
        "longitude": 23.774722,
        "latitude": 41.401667
      },
      "geometry": {
        "type": "Point",
        "coordinates": [
          23.774722,
          41.401667
        ]
      }
    },
    {
      "type": "Feature",
      "id": "OERK-LHBP:030",
      "properties": {
        "route_id": "OERK-LHBP",
        "route_name": "OERK-LHBP",
        "origin": "OERK",
        "destination": "LHBP",
        "point_count": 36,
        "source_file": "OERK-LHBP.gpx",
        "point_id": "OERK-LHBP:030",
        "sequence": 30,
        "waypoint": "USALI",
        "point_role": "enroute",
        "overfly": false,
        "longitude": 23.645556,
        "latitude": 42.301944
      },
      "geometry": {
        "type": "Point",
        "coordinates": [
          23.645556,
          42.301944
        ]
      }
    },
    {
      "type": "Feature",
      "id": "OERK-LHBP:031",
      "properties": {
        "route_id": "OERK-LHBP",
        "route_name": "OERK-LHBP",
        "origin": "OERK",
        "destination": "LHBP",
        "point_count": 36,
        "source_file": "OERK-LHBP.gpx",
        "point_id": "OERK-LHBP:031",
        "sequence": 31,
        "waypoint": "RESLA",
        "point_role": "enroute",
        "overfly": false,
        "longitude": 23.312778,
        "latitude": 43.328333
      },
      "geometry": {
        "type": "Point",
        "coordinates": [
          23.312778,
          43.328333
        ]
      }
    },
    {
      "type": "Feature",
      "id": "OERK-LHBP:032",
      "properties": {
        "route_id": "OERK-LHBP",
        "route_name": "OERK-LHBP",
        "origin": "OERK",
        "destination": "LHBP",
        "point_count": 36,
        "source_file": "OERK-LHBP.gpx",
        "point_id": "OERK-LHBP:032",
        "sequence": 32,
        "waypoint": "ERDOM",
        "point_role": "enroute",
        "overfly": false,
        "longitude": 23.289167,
        "latitude": 43.5175
      },
      "geometry": {
        "type": "Point",
        "coordinates": [
          23.289167,
          43.5175
        ]
      }
    },
    {
      "type": "Feature",
      "id": "OERK-LHBP:033",
      "properties": {
        "route_id": "OERK-LHBP",
        "route_name": "OERK-LHBP",
        "origin": "OERK",
        "destination": "LHBP",
        "point_count": 36,
        "source_file": "OERK-LHBP.gpx",
        "point_id": "OERK-LHBP:033",
        "sequence": 33,
        "waypoint": "LOMOS",
        "point_role": "enroute",
        "overfly": false,
        "longitude": 23.25,
        "latitude": 43.833333
      },
      "geometry": {
        "type": "Point",
        "coordinates": [
          23.25,
          43.833333
        ]
      }
    },
    {
      "type": "Feature",
      "id": "OERK-LHBP:034",
      "properties": {
        "route_id": "OERK-LHBP",
        "route_name": "OERK-LHBP",
        "origin": "OERK",
        "destination": "LHBP",
        "point_count": 36,
        "source_file": "OERK-LHBP.gpx",
        "point_id": "OERK-LHBP:034",
        "sequence": 34,
        "waypoint": "PADGU",
        "point_role": "enroute",
        "overfly": false,
        "longitude": 22.610556,
        "latitude": 44.778611
      },
      "geometry": {
        "type": "Point",
        "coordinates": [
          22.610556,
          44.778611
        ]
      }
    },
    {
      "type": "Feature",
      "id": "OERK-LHBP:035",
      "properties": {
        "route_id": "OERK-LHBP",
        "route_name": "OERK-LHBP",
        "origin": "OERK",
        "destination": "LHBP",
        "point_count": 36,
        "source_file": "OERK-LHBP.gpx",
        "point_id": "OERK-LHBP:035",
        "sequence": 35,
        "waypoint": "KEZAL",
        "point_role": "enroute",
        "overfly": false,
        "longitude": 20.231389,
        "latitude": 47.153611
      },
      "geometry": {
        "type": "Point",
        "coordinates": [
          20.231389,
          47.153611
        ]
      }
    },
    {
      "type": "Feature",
      "id": "OERK-LHBP:036",
      "properties": {
        "route_id": "OERK-LHBP",
        "route_name": "OERK-LHBP",
        "origin": "OERK",
        "destination": "LHBP",
        "point_count": 36,
        "source_file": "OERK-LHBP.gpx",
        "point_id": "OERK-LHBP:036",
        "sequence": 36,
        "waypoint": "LHBP",
        "point_role": "destination",
        "overfly": false,
        "longitude": 19.261944,
        "latitude": 47.439444
      },
      "geometry": {
        "type": "Point",
        "coordinates": [
          19.261944,
          47.439444
        ]
      }
    },
    {
      "type": "Feature",
      "id": "OERK-LIRF:001",
      "properties": {
        "route_id": "OERK-LIRF",
        "route_name": "OERK-LIRF",
        "origin": "OERK",
        "destination": "LIRF",
        "point_count": 33,
        "source_file": "OERK-LIRF.gpx",
        "point_id": "OERK-LIRF:001",
        "sequence": 1,
        "waypoint": "OERK",
        "point_role": "origin",
        "overfly": false,
        "longitude": 46.708056,
        "latitude": 24.962778
      },
      "geometry": {
        "type": "Point",
        "coordinates": [
          46.708056,
          24.962778
        ]
      }
    },
    {
      "type": "Feature",
      "id": "OERK-LIRF:002",
      "properties": {
        "route_id": "OERK-LIRF",
        "route_name": "OERK-LIRF",
        "origin": "OERK",
        "destination": "LIRF",
        "point_count": 33,
        "source_file": "OERK-LIRF.gpx",
        "point_id": "OERK-LIRF:002",
        "sequence": 2,
        "waypoint": "IVONU",
        "point_role": "enroute",
        "overfly": false,
        "longitude": 45.675,
        "latitude": 25.056389
      },
      "geometry": {
        "type": "Point",
        "coordinates": [
          45.675,
          25.056389
        ]
      }
    },
    {
      "type": "Feature",
      "id": "OERK-LIRF:003",
      "properties": {
        "route_id": "OERK-LIRF",
        "route_name": "OERK-LIRF",
        "origin": "OERK",
        "destination": "LIRF",
        "point_count": 33,
        "source_file": "OERK-LIRF.gpx",
        "point_id": "OERK-LIRF:003",
        "sequence": 3,
        "waypoint": "SOKOP",
        "point_role": "enroute",
        "overfly": false,
        "longitude": 44.574722,
        "latitude": 25.531944
      },
      "geometry": {
        "type": "Point",
        "coordinates": [
          44.574722,
          25.531944
        ]
      }
    },
    {
      "type": "Feature",
      "id": "OERK-LIRF:004",
      "properties": {
        "route_id": "OERK-LIRF",
        "route_name": "OERK-LIRF",
        "origin": "OERK",
        "destination": "LIRF",
        "point_count": 33,
        "source_file": "OERK-LIRF.gpx",
        "point_id": "OERK-LIRF:004",
        "sequence": 4,
        "waypoint": "GAS",
        "point_role": "enroute",
        "overfly": false,
        "longitude": 43.779611,
        "latitude": 26.298083
      },
      "geometry": {
        "type": "Point",
        "coordinates": [
          43.779611,
          26.298083
        ]
      }
    },
    {
      "type": "Feature",
      "id": "OERK-LIRF:005",
      "properties": {
        "route_id": "OERK-LIRF",
        "route_name": "OERK-LIRF",
        "origin": "OERK",
        "destination": "LIRF",
        "point_count": 33,
        "source_file": "OERK-LIRF.gpx",
        "point_id": "OERK-LIRF:005",
        "sequence": 5,
        "waypoint": "MODIV",
        "point_role": "enroute",
        "overfly": false,
        "longitude": 43.144444,
        "latitude": 26.645
      },
      "geometry": {
        "type": "Point",
        "coordinates": [
          43.144444,
          26.645
        ]
      }
    },
    {
      "type": "Feature",
      "id": "OERK-LIRF:006",
      "properties": {
        "route_id": "OERK-LIRF",
        "route_name": "OERK-LIRF",
        "origin": "OERK",
        "destination": "LIRF",
        "point_count": 33,
        "source_file": "OERK-LIRF.gpx",
        "point_id": "OERK-LIRF:006",
        "sequence": 6,
        "waypoint": "DAROP",
        "point_role": "enroute",
        "overfly": false,
        "longitude": 42.326667,
        "latitude": 27.084722
      },
      "geometry": {
        "type": "Point",
        "coordinates": [
          42.326667,
          27.084722
        ]
      }
    },
    {
      "type": "Feature",
      "id": "OERK-LIRF:007",
      "properties": {
        "route_id": "OERK-LIRF",
        "route_name": "OERK-LIRF",
        "origin": "OERK",
        "destination": "LIRF",
        "point_count": 33,
        "source_file": "OERK-LIRF.gpx",
        "point_id": "OERK-LIRF:007",
        "sequence": 7,
        "waypoint": "HIL",
        "point_role": "enroute",
        "overfly": false,
        "longitude": 41.682917,
        "latitude": 27.425056
      },
      "geometry": {
        "type": "Point",
        "coordinates": [
          41.682917,
          27.425056
        ]
      }
    },
    {
      "type": "Feature",
      "id": "OERK-LIRF:008",
      "properties": {
        "route_id": "OERK-LIRF",
        "route_name": "OERK-LIRF",
        "origin": "OERK",
        "destination": "LIRF",
        "point_count": 33,
        "source_file": "OERK-LIRF.gpx",
        "point_id": "OERK-LIRF:008",
        "sequence": 8,
        "waypoint": "EGVOP",
        "point_role": "enroute",
        "overfly": false,
        "longitude": 41.173333,
        "latitude": 27.916111
      },
      "geometry": {
        "type": "Point",
        "coordinates": [
          41.173333,
          27.916111
        ]
      }
    },
    {
      "type": "Feature",
      "id": "OERK-LIRF:009",
      "properties": {
        "route_id": "OERK-LIRF",
        "route_name": "OERK-LIRF",
        "origin": "OERK",
        "destination": "LIRF",
        "point_count": 33,
        "source_file": "OERK-LIRF.gpx",
        "point_id": "OERK-LIRF:009",
        "sequence": 9,
        "waypoint": "NIMAR",
        "point_role": "enroute",
        "overfly": false,
        "longitude": 39.906944,
        "latitude": 29.109722
      },
      "geometry": {
        "type": "Point",
        "coordinates": [
          39.906944,
          29.109722
        ]
      }
    },
    {
      "type": "Feature",
      "id": "OERK-LIRF:010",
      "properties": {
        "route_id": "OERK-LIRF",
        "route_name": "OERK-LIRF",
        "origin": "OERK",
        "destination": "LIRF",
        "point_count": 33,
        "source_file": "OERK-LIRF.gpx",
        "point_id": "OERK-LIRF:010",
        "sequence": 10,
        "waypoint": "ENABI",
        "point_role": "enroute",
        "overfly": false,
        "longitude": 38.930556,
        "latitude": 29.110833
      },
      "geometry": {
        "type": "Point",
        "coordinates": [
          38.930556,
          29.110833
        ]
      }
    },
    {
      "type": "Feature",
      "id": "OERK-LIRF:011",
      "properties": {
        "route_id": "OERK-LIRF",
        "route_name": "OERK-LIRF",
        "origin": "OERK",
        "destination": "LIRF",
        "point_count": 33,
        "source_file": "OERK-LIRF.gpx",
        "point_id": "OERK-LIRF:011",
        "sequence": 11,
        "waypoint": "ASTUM",
        "point_role": "enroute",
        "overfly": false,
        "longitude": 38.376944,
        "latitude": 29.107778
      },
      "geometry": {
        "type": "Point",
        "coordinates": [
          38.376944,
          29.107778
        ]
      }
    },
    {
      "type": "Feature",
      "id": "OERK-LIRF:012",
      "properties": {
        "route_id": "OERK-LIRF",
        "route_name": "OERK-LIRF",
        "origin": "OERK",
        "destination": "LIRF",
        "point_count": 33,
        "source_file": "OERK-LIRF.gpx",
        "point_id": "OERK-LIRF:012",
        "sequence": 12,
        "waypoint": "OBNAK",
        "point_role": "enroute",
        "overfly": false,
        "longitude": 37.508889,
        "latitude": 29.098333
      },
      "geometry": {
        "type": "Point",
        "coordinates": [
          37.508889,
          29.098333
        ]
      }
    },
    {
      "type": "Feature",
      "id": "OERK-LIRF:013",
      "properties": {
        "route_id": "OERK-LIRF",
        "route_name": "OERK-LIRF",
        "origin": "OERK",
        "destination": "LIRF",
        "point_count": 33,
        "source_file": "OERK-LIRF.gpx",
        "point_id": "OERK-LIRF:013",
        "sequence": 13,
        "waypoint": "EGSIS",
        "point_role": "enroute",
        "overfly": false,
        "longitude": 36.480556,
        "latitude": 29.0875
      },
      "geometry": {
        "type": "Point",
        "coordinates": [
          36.480556,
          29.0875
        ]
      }
    },
    {
      "type": "Feature",
      "id": "OERK-LIRF:014",
      "properties": {
        "route_id": "OERK-LIRF",
        "route_name": "OERK-LIRF",
        "origin": "OERK",
        "destination": "LIRF",
        "point_count": 33,
        "source_file": "OERK-LIRF.gpx",
        "point_id": "OERK-LIRF:014",
        "sequence": 14,
        "waypoint": "RUKET",
        "point_role": "enroute",
        "overfly": false,
        "longitude": 34.847222,
        "latitude": 29.034722
      },
      "geometry": {
        "type": "Point",
        "coordinates": [
          34.847222,
          29.034722
        ]
      }
    },
    {
      "type": "Feature",
      "id": "OERK-LIRF:015",
      "properties": {
        "route_id": "OERK-LIRF",
        "route_name": "OERK-LIRF",
        "origin": "OERK",
        "destination": "LIRF",
        "point_count": 33,
        "source_file": "OERK-LIRF.gpx",
        "point_id": "OERK-LIRF:015",
        "sequence": 15,
        "waypoint": "KITIT",
        "point_role": "enroute",
        "overfly": false,
        "longitude": 34.758056,
        "latitude": 29.033333
      },
      "geometry": {
        "type": "Point",
        "coordinates": [
          34.758056,
          29.033333
        ]
      }
    },
    {
      "type": "Feature",
      "id": "OERK-LIRF:016",
      "properties": {
        "route_id": "OERK-LIRF",
        "route_name": "OERK-LIRF",
        "origin": "OERK",
        "destination": "LIRF",
        "point_count": 33,
        "source_file": "OERK-LIRF.gpx",
        "point_id": "OERK-LIRF:016",
        "sequence": 16,
        "waypoint": "NOVPA",
        "point_role": "enroute",
        "overfly": false,
        "longitude": 34.671111,
        "latitude": 29.032222
      },
      "geometry": {
        "type": "Point",
        "coordinates": [
          34.671111,
          29.032222
        ]
      }
    },
    {
      "type": "Feature",
      "id": "OERK-LIRF:017",
      "properties": {
        "route_id": "OERK-LIRF",
        "route_name": "OERK-LIRF",
        "origin": "OERK",
        "destination": "LIRF",
        "point_count": 33,
        "source_file": "OERK-LIRF.gpx",
        "point_id": "OERK-LIRF:017",
        "sequence": 17,
        "waypoint": "SIMSA",
        "point_role": "enroute",
        "overfly": false,
        "longitude": 33.954444,
        "latitude": 29.241111
      },
      "geometry": {
        "type": "Point",
        "coordinates": [
          33.954444,
          29.241111
        ]
      }
    },
    {
      "type": "Feature",
      "id": "OERK-LIRF:018",
      "properties": {
        "route_id": "OERK-LIRF",
        "route_name": "OERK-LIRF",
        "origin": "OERK",
        "destination": "LIRF",
        "point_count": 33,
        "source_file": "OERK-LIRF.gpx",
        "point_id": "OERK-LIRF:018",
        "sequence": 18,
        "waypoint": "SISIK",
        "point_role": "enroute",
        "overfly": false,
        "longitude": 32.685,
        "latitude": 29.6
      },
      "geometry": {
        "type": "Point",
        "coordinates": [
          32.685,
          29.6
        ]
      }
    },
    {
      "type": "Feature",
      "id": "OERK-LIRF:019",
      "properties": {
        "route_id": "OERK-LIRF",
        "route_name": "OERK-LIRF",
        "origin": "OERK",
        "destination": "LIRF",
        "point_count": 33,
        "source_file": "OERK-LIRF.gpx",
        "point_id": "OERK-LIRF:019",
        "sequence": 19,
        "waypoint": "MENLI",
        "point_role": "enroute",
        "overfly": false,
        "longitude": 31.868333,
        "latitude": 29.783333
      },
      "geometry": {
        "type": "Point",
        "coordinates": [
          31.868333,
          29.783333
        ]
      }
    },
    {
      "type": "Feature",
      "id": "OERK-LIRF:020",
      "properties": {
        "route_id": "OERK-LIRF",
        "route_name": "OERK-LIRF",
        "origin": "OERK",
        "destination": "LIRF",
        "point_count": 33,
        "source_file": "OERK-LIRF.gpx",
        "point_id": "OERK-LIRF:020",
        "sequence": 20,
        "waypoint": "GESON",
        "point_role": "enroute",
        "overfly": false,
        "longitude": 31.663056,
        "latitude": 29.915
      },
      "geometry": {
        "type": "Point",
        "coordinates": [
          31.663056,
          29.915
        ]
      }
    },
    {
      "type": "Feature",
      "id": "OERK-LIRF:021",
      "properties": {
        "route_id": "OERK-LIRF",
        "route_name": "OERK-LIRF",
        "origin": "OERK",
        "destination": "LIRF",
        "point_count": 33,
        "source_file": "OERK-LIRF.gpx",
        "point_id": "OERK-LIRF:021",
        "sequence": 21,
        "waypoint": "CVO",
        "point_role": "enroute",
        "overfly": false,
        "longitude": 31.388417,
        "latitude": 30.092306
      },
      "geometry": {
        "type": "Point",
        "coordinates": [
          31.388417,
          30.092306
        ]
      }
    },
    {
      "type": "Feature",
      "id": "OERK-LIRF:022",
      "properties": {
        "route_id": "OERK-LIRF",
        "route_name": "OERK-LIRF",
        "origin": "OERK",
        "destination": "LIRF",
        "point_count": 33,
        "source_file": "OERK-LIRF.gpx",
        "point_id": "OERK-LIRF:022",
        "sequence": 22,
        "waypoint": "MENKU",
        "point_role": "enroute",
        "overfly": false,
        "longitude": 30.301667,
        "latitude": 31.091944
      },
      "geometry": {
        "type": "Point",
        "coordinates": [
          30.301667,
          31.091944
        ]
      }
    },
    {
      "type": "Feature",
      "id": "OERK-LIRF:023",
      "properties": {
        "route_id": "OERK-LIRF",
        "route_name": "OERK-LIRF",
        "origin": "OERK",
        "destination": "LIRF",
        "point_count": 33,
        "source_file": "OERK-LIRF.gpx",
        "point_id": "OERK-LIRF:023",
        "sequence": 23,
        "waypoint": "NOZ",
        "point_role": "enroute",
        "overfly": false,
        "longitude": 29.950833,
        "latitude": 31.1875
      },
      "geometry": {
        "type": "Point",
        "coordinates": [
          29.950833,
          31.1875
        ]
      }
    },
    {
      "type": "Feature",
      "id": "OERK-LIRF:024",
      "properties": {
        "route_id": "OERK-LIRF",
        "route_name": "OERK-LIRF",
        "origin": "OERK",
        "destination": "LIRF",
        "point_count": 33,
        "source_file": "OERK-LIRF.gpx",
        "point_id": "OERK-LIRF:024",
        "sequence": 24,
        "waypoint": "SOBAX",
        "point_role": "enroute",
        "overfly": false,
        "longitude": 29.309722,
        "latitude": 31.585556
      },
      "geometry": {
        "type": "Point",
        "coordinates": [
          29.309722,
          31.585556
        ]
      }
    },
    {
      "type": "Feature",
      "id": "OERK-LIRF:025",
      "properties": {
        "route_id": "OERK-LIRF",
        "route_name": "OERK-LIRF",
        "origin": "OERK",
        "destination": "LIRF",
        "point_count": 33,
        "source_file": "OERK-LIRF.gpx",
        "point_id": "OERK-LIRF:025",
        "sequence": 25,
        "waypoint": "NABSI",
        "point_role": "enroute",
        "overfly": false,
        "longitude": 29.071944,
        "latitude": 31.731111
      },
      "geometry": {
        "type": "Point",
        "coordinates": [
          29.071944,
          31.731111
        ]
      }
    },
    {
      "type": "Feature",
      "id": "OERK-LIRF:026",
      "properties": {
        "route_id": "OERK-LIRF",
        "route_name": "OERK-LIRF",
        "origin": "OERK",
        "destination": "LIRF",
        "point_count": 33,
        "source_file": "OERK-LIRF.gpx",
        "point_id": "OERK-LIRF:026",
        "sequence": 26,
        "waypoint": "TANSA",
        "point_role": "enroute",
        "overfly": false,
        "longitude": 26.816667,
        "latitude": 34.0
      },
      "geometry": {
        "type": "Point",
        "coordinates": [
          26.816667,
          34.0
        ]
      }
    },
    {
      "type": "Feature",
      "id": "OERK-LIRF:027",
      "properties": {
        "route_id": "OERK-LIRF",
        "route_name": "OERK-LIRF",
        "origin": "OERK",
        "destination": "LIRF",
        "point_count": 33,
        "source_file": "OERK-LIRF.gpx",
        "point_id": "OERK-LIRF:027",
        "sequence": 27,
        "waypoint": "MONUV",
        "point_role": "enroute",
        "overfly": false,
        "longitude": 23.500278,
        "latitude": 36.120278
      },
      "geometry": {
        "type": "Point",
        "coordinates": [
          23.500278,
          36.120278
        ]
      }
    },
    {
      "type": "Feature",
      "id": "OERK-LIRF:028",
      "properties": {
        "route_id": "OERK-LIRF",
        "route_name": "OERK-LIRF",
        "origin": "OERK",
        "destination": "LIRF",
        "point_count": 33,
        "source_file": "OERK-LIRF.gpx",
        "point_id": "OERK-LIRF:028",
        "sequence": 28,
        "waypoint": "RUTOM",
        "point_role": "enroute",
        "overfly": false,
        "longitude": 19.0,
        "latitude": 38.518333
      },
      "geometry": {
        "type": "Point",
        "coordinates": [
          19.0,
          38.518333
        ]
      }
    },
    {
      "type": "Feature",
      "id": "OERK-LIRF:029",
      "properties": {
        "route_id": "OERK-LIRF",
        "route_name": "OERK-LIRF",
        "origin": "OERK",
        "destination": "LIRF",
        "point_count": 33,
        "source_file": "OERK-LIRF.gpx",
        "point_id": "OERK-LIRF:029",
        "sequence": 29,
        "waypoint": "EKTOL",
        "point_role": "enroute",
        "overfly": false,
        "longitude": 15.171389,
        "latitude": 41.107778
      },
      "geometry": {
        "type": "Point",
        "coordinates": [
          15.171389,
          41.107778
        ]
      }
    },
    {
      "type": "Feature",
      "id": "OERK-LIRF:030",
      "properties": {
        "route_id": "OERK-LIRF",
        "route_name": "OERK-LIRF",
        "origin": "OERK",
        "destination": "LIRF",
        "point_count": 33,
        "source_file": "OERK-LIRF.gpx",
        "point_id": "OERK-LIRF:030",
        "sequence": 30,
        "waypoint": "TEA",
        "point_role": "enroute",
        "overfly": false,
        "longitude": 13.970667,
        "latitude": 41.296778
      },
      "geometry": {
        "type": "Point",
        "coordinates": [
          13.970667,
          41.296778
        ]
      }
    },
    {
      "type": "Feature",
      "id": "OERK-LIRF:031",
      "properties": {
        "route_id": "OERK-LIRF",
        "route_name": "OERK-LIRF",
        "origin": "OERK",
        "destination": "LIRF",
        "point_count": 33,
        "source_file": "OERK-LIRF.gpx",
        "point_id": "OERK-LIRF:031",
        "sequence": 31,
        "waypoint": "SIPRO",
        "point_role": "enroute",
        "overfly": false,
        "longitude": 13.680528,
        "latitude": 41.446019
      },
      "geometry": {
        "type": "Point",
        "coordinates": [
          13.680528,
          41.446019
        ]
      }
    },
    {
      "type": "Feature",
      "id": "OERK-LIRF:032",
      "properties": {
        "route_id": "OERK-LIRF",
        "route_name": "OERK-LIRF",
        "origin": "OERK",
        "destination": "LIRF",
        "point_count": 33,
        "source_file": "OERK-LIRF.gpx",
        "point_id": "OERK-LIRF:032",
        "sequence": 32,
        "waypoint": "LAT",
        "point_role": "enroute",
        "overfly": false,
        "longitude": 12.918056,
        "latitude": 41.541111
      },
      "geometry": {
        "type": "Point",
        "coordinates": [
          12.918056,
          41.541111
        ]
      }
    },
    {
      "type": "Feature",
      "id": "OERK-LIRF:033",
      "properties": {
        "route_id": "OERK-LIRF",
        "route_name": "OERK-LIRF",
        "origin": "OERK",
        "destination": "LIRF",
        "point_count": 33,
        "source_file": "OERK-LIRF.gpx",
        "point_id": "OERK-LIRF:033",
        "sequence": 33,
        "waypoint": "LIRF",
        "point_role": "destination",
        "overfly": false,
        "longitude": 12.238889,
        "latitude": 41.800278
      },
      "geometry": {
        "type": "Point",
        "coordinates": [
          12.238889,
          41.800278
        ]
      }
    },
    {
      "type": "Feature",
      "id": "OERK-LKPR:001",
      "properties": {
        "route_id": "OERK-LKPR",
        "route_name": "OERK-LKPR",
        "origin": "OERK",
        "destination": "LKPR",
        "point_count": 39,
        "source_file": "OERK-LKPR.gpx",
        "point_id": "OERK-LKPR:001",
        "sequence": 1,
        "waypoint": "OERK",
        "point_role": "origin",
        "overfly": false,
        "longitude": 46.708056,
        "latitude": 24.962778
      },
      "geometry": {
        "type": "Point",
        "coordinates": [
          46.708056,
          24.962778
        ]
      }
    },
    {
      "type": "Feature",
      "id": "OERK-LKPR:002",
      "properties": {
        "route_id": "OERK-LKPR",
        "route_name": "OERK-LKPR",
        "origin": "OERK",
        "destination": "LKPR",
        "point_count": 39,
        "source_file": "OERK-LKPR.gpx",
        "point_id": "OERK-LKPR:002",
        "sequence": 2,
        "waypoint": "LONIB",
        "point_role": "enroute",
        "overfly": false,
        "longitude": 45.438889,
        "latitude": 26.170556
      },
      "geometry": {
        "type": "Point",
        "coordinates": [
          45.438889,
          26.170556
        ]
      }
    },
    {
      "type": "Feature",
      "id": "OERK-LKPR:003",
      "properties": {
        "route_id": "OERK-LKPR",
        "route_name": "OERK-LKPR",
        "origin": "OERK",
        "destination": "LKPR",
        "point_count": 39,
        "source_file": "OERK-LKPR.gpx",
        "point_id": "OERK-LKPR:003",
        "sequence": 3,
        "waypoint": "LABIS",
        "point_role": "enroute",
        "overfly": false,
        "longitude": 45.298611,
        "latitude": 26.304167
      },
      "geometry": {
        "type": "Point",
        "coordinates": [
          45.298611,
          26.304167
        ]
      }
    },
    {
      "type": "Feature",
      "id": "OERK-LKPR:004",
      "properties": {
        "route_id": "OERK-LKPR",
        "route_name": "OERK-LKPR",
        "origin": "OERK",
        "destination": "LKPR",
        "point_count": 39,
        "source_file": "OERK-LKPR.gpx",
        "point_id": "OERK-LKPR:004",
        "sequence": 4,
        "waypoint": "ASVUL",
        "point_role": "enroute",
        "overfly": false,
        "longitude": 44.995833,
        "latitude": 26.592222
      },
      "geometry": {
        "type": "Point",
        "coordinates": [
          44.995833,
          26.592222
        ]
      }
    },
    {
      "type": "Feature",
      "id": "OERK-LKPR:005",
      "properties": {
        "route_id": "OERK-LKPR",
        "route_name": "OERK-LKPR",
        "origin": "OERK",
        "destination": "LKPR",
        "point_count": 39,
        "source_file": "OERK-LKPR.gpx",
        "point_id": "OERK-LKPR:005",
        "sequence": 5,
        "waypoint": "SERPU",
        "point_role": "enroute",
        "overfly": false,
        "longitude": 44.809167,
        "latitude": 26.768889
      },
      "geometry": {
        "type": "Point",
        "coordinates": [
          44.809167,
          26.768889
        ]
      }
    },
    {
      "type": "Feature",
      "id": "OERK-LKPR:006",
      "properties": {
        "route_id": "OERK-LKPR",
        "route_name": "OERK-LKPR",
        "origin": "OERK",
        "destination": "LKPR",
        "point_count": 39,
        "source_file": "OERK-LKPR.gpx",
        "point_id": "OERK-LKPR:006",
        "sequence": 6,
        "waypoint": "RARLO",
        "point_role": "enroute",
        "overfly": false,
        "longitude": 44.569444,
        "latitude": 26.994167
      },
      "geometry": {
        "type": "Point",
        "coordinates": [
          44.569444,
          26.994167
        ]
      }
    },
    {
      "type": "Feature",
      "id": "OERK-LKPR:007",
      "properties": {
        "route_id": "OERK-LKPR",
        "route_name": "OERK-LKPR",
        "origin": "OERK",
        "destination": "LKPR",
        "point_count": 39,
        "source_file": "OERK-LKPR.gpx",
        "point_id": "OERK-LKPR:007",
        "sequence": 7,
        "waypoint": "PASIT",
        "point_role": "enroute",
        "overfly": false,
        "longitude": 44.381389,
        "latitude": 27.169722
      },
      "geometry": {
        "type": "Point",
        "coordinates": [
          44.381389,
          27.169722
        ]
      }
    },
    {
      "type": "Feature",
      "id": "OERK-LKPR:008",
      "properties": {
        "route_id": "OERK-LKPR",
        "route_name": "OERK-LKPR",
        "origin": "OERK",
        "destination": "LKPR",
        "point_count": 39,
        "source_file": "OERK-LKPR.gpx",
        "point_id": "OERK-LKPR:008",
        "sequence": 8,
        "waypoint": "TOTAD",
        "point_role": "enroute",
        "overfly": false,
        "longitude": 43.651111,
        "latitude": 27.845278
      },
      "geometry": {
        "type": "Point",
        "coordinates": [
          43.651111,
          27.845278
        ]
      }
    },
    {
      "type": "Feature",
      "id": "OERK-LKPR:009",
      "properties": {
        "route_id": "OERK-LKPR",
        "route_name": "OERK-LKPR",
        "origin": "OERK",
        "destination": "LKPR",
        "point_count": 39,
        "source_file": "OERK-LKPR.gpx",
        "point_id": "OERK-LKPR:009",
        "sequence": 9,
        "waypoint": "TAMRO",
        "point_role": "enroute",
        "overfly": false,
        "longitude": 42.679722,
        "latitude": 28.643889
      },
      "geometry": {
        "type": "Point",
        "coordinates": [
          42.679722,
          28.643889
        ]
      }
    },
    {
      "type": "Feature",
      "id": "OERK-LKPR:010",
      "properties": {
        "route_id": "OERK-LKPR",
        "route_name": "OERK-LKPR",
        "origin": "OERK",
        "destination": "LKPR",
        "point_count": 39,
        "source_file": "OERK-LKPR.gpx",
        "point_id": "OERK-LKPR:010",
        "sequence": 10,
        "waypoint": "ORSAL",
        "point_role": "enroute",
        "overfly": false,
        "longitude": 42.185278,
        "latitude": 29.043056
      },
      "geometry": {
        "type": "Point",
        "coordinates": [
          42.185278,
          29.043056
        ]
      }
    },
    {
      "type": "Feature",
      "id": "OERK-LKPR:011",
      "properties": {
        "route_id": "OERK-LKPR",
        "route_name": "OERK-LKPR",
        "origin": "OERK",
        "destination": "LKPR",
        "point_count": 39,
        "source_file": "OERK-LKPR.gpx",
        "point_id": "OERK-LKPR:011",
        "sequence": 11,
        "waypoint": "PAXAN",
        "point_role": "enroute",
        "overfly": false,
        "longitude": 41.309167,
        "latitude": 29.738333
      },
      "geometry": {
        "type": "Point",
        "coordinates": [
          41.309167,
          29.738333
        ]
      }
    },
    {
      "type": "Feature",
      "id": "OERK-LKPR:012",
      "properties": {
        "route_id": "OERK-LKPR",
        "route_name": "OERK-LKPR",
        "origin": "OERK",
        "destination": "LKPR",
        "point_count": 39,
        "source_file": "OERK-LKPR.gpx",
        "point_id": "OERK-LKPR:012",
        "sequence": 12,
        "waypoint": "GADLI",
        "point_role": "enroute",
        "overfly": false,
        "longitude": 40.639167,
        "latitude": 30.386667
      },
      "geometry": {
        "type": "Point",
        "coordinates": [
          40.639167,
          30.386667
        ]
      }
    },
    {
      "type": "Feature",
      "id": "OERK-LKPR:013",
      "properties": {
        "route_id": "OERK-LKPR",
        "route_name": "OERK-LKPR",
        "origin": "OERK",
        "destination": "LKPR",
        "point_count": 39,
        "source_file": "OERK-LKPR.gpx",
        "point_id": "OERK-LKPR:013",
        "sequence": 13,
        "waypoint": "BONIS",
        "point_role": "enroute",
        "overfly": false,
        "longitude": 39.553611,
        "latitude": 31.432778
      },
      "geometry": {
        "type": "Point",
        "coordinates": [
          39.553611,
          31.432778
        ]
      }
    },
    {
      "type": "Feature",
      "id": "OERK-LKPR:014",
      "properties": {
        "route_id": "OERK-LKPR",
        "route_name": "OERK-LKPR",
        "origin": "OERK",
        "destination": "LKPR",
        "point_count": 39,
        "source_file": "OERK-LKPR.gpx",
        "point_id": "OERK-LKPR:014",
        "sequence": 14,
        "waypoint": "OVANO",
        "point_role": "enroute",
        "overfly": false,
        "longitude": 39.164167,
        "latitude": 31.800278
      },
      "geometry": {
        "type": "Point",
        "coordinates": [
          39.164167,
          31.800278
        ]
      }
    },
    {
      "type": "Feature",
      "id": "OERK-LKPR:015",
      "properties": {
        "route_id": "OERK-LKPR",
        "route_name": "OERK-LKPR",
        "origin": "OERK",
        "destination": "LKPR",
        "point_count": 39,
        "source_file": "OERK-LKPR.gpx",
        "point_id": "OERK-LKPR:015",
        "sequence": 15,
        "waypoint": "OTILA",
        "point_role": "enroute",
        "overfly": false,
        "longitude": 39.031344,
        "latitude": 32.025278
      },
      "geometry": {
        "type": "Point",
        "coordinates": [
          39.031344,
          32.025278
        ]
      }
    },
    {
      "type": "Feature",
      "id": "OERK-LKPR:016",
      "properties": {
        "route_id": "OERK-LKPR",
        "route_name": "OERK-LKPR",
        "origin": "OERK",
        "destination": "LKPR",
        "point_count": 39,
        "source_file": "OERK-LKPR.gpx",
        "point_id": "OERK-LKPR:016",
        "sequence": 16,
        "waypoint": "MODAD",
        "point_role": "enroute",
        "overfly": false,
        "longitude": 38.693928,
        "latitude": 32.594411
      },
      "geometry": {
        "type": "Point",
        "coordinates": [
          38.693928,
          32.594411
        ]
      }
    },
    {
      "type": "Feature",
      "id": "OERK-LKPR:017",
      "properties": {
        "route_id": "OERK-LKPR",
        "route_name": "OERK-LKPR",
        "origin": "OERK",
        "destination": "LKPR",
        "point_count": 39,
        "source_file": "OERK-LKPR.gpx",
        "point_id": "OERK-LKPR:017",
        "sequence": 17,
        "waypoint": "KUMLO",
        "point_role": "enroute",
        "overfly": false,
        "longitude": 38.468797,
        "latitude": 32.96995
      },
      "geometry": {
        "type": "Point",
        "coordinates": [
          38.468797,
          32.96995
        ]
      }
    },
    {
      "type": "Feature",
      "id": "OERK-LKPR:018",
      "properties": {
        "route_id": "OERK-LKPR",
        "route_name": "OERK-LKPR",
        "origin": "OERK",
        "destination": "LKPR",
        "point_count": 39,
        "source_file": "OERK-LKPR.gpx",
        "point_id": "OERK-LKPR:018",
        "sequence": 18,
        "waypoint": "SOKAN",
        "point_role": "enroute",
        "overfly": false,
        "longitude": 38.368611,
        "latitude": 33.135833
      },
      "geometry": {
        "type": "Point",
        "coordinates": [
          38.368611,
          33.135833
        ]
      }
    },
    {
      "type": "Feature",
      "id": "OERK-LKPR:019",
      "properties": {
        "route_id": "OERK-LKPR",
        "route_name": "OERK-LKPR",
        "origin": "OERK",
        "destination": "LKPR",
        "point_count": 39,
        "source_file": "OERK-LKPR.gpx",
        "point_id": "OERK-LKPR:019",
        "sequence": 19,
        "waypoint": "FIRAS",
        "point_role": "enroute",
        "overfly": false,
        "longitude": 37.92,
        "latitude": 33.871944
      },
      "geometry": {
        "type": "Point",
        "coordinates": [
          37.92,
          33.871944
        ]
      }
    },
    {
      "type": "Feature",
      "id": "OERK-LKPR:020",
      "properties": {
        "route_id": "OERK-LKPR",
        "route_name": "OERK-LKPR",
        "origin": "OERK",
        "destination": "LKPR",
        "point_count": 39,
        "source_file": "OERK-LKPR.gpx",
        "point_id": "OERK-LKPR:020",
        "sequence": 20,
        "waypoint": "NIKAS",
        "point_role": "enroute",
        "overfly": false,
        "longitude": 35.716667,
        "latitude": 35.193333
      },
      "geometry": {
        "type": "Point",
        "coordinates": [
          35.716667,
          35.193333
        ]
      }
    },
    {
      "type": "Feature",
      "id": "OERK-LKPR:021",
      "properties": {
        "route_id": "OERK-LKPR",
        "route_name": "OERK-LKPR",
        "origin": "OERK",
        "destination": "LKPR",
        "point_count": 39,
        "source_file": "OERK-LKPR.gpx",
        "point_id": "OERK-LKPR:021",
        "sequence": 21,
        "waypoint": "VESAR",
        "point_role": "enroute",
        "overfly": false,
        "longitude": 34.016111,
        "latitude": 35.915556
      },
      "geometry": {
        "type": "Point",
        "coordinates": [
          34.016111,
          35.915556
        ]
      }
    },
    {
      "type": "Feature",
      "id": "OERK-LKPR:022",
      "properties": {
        "route_id": "OERK-LKPR",
        "route_name": "OERK-LKPR",
        "origin": "OERK",
        "destination": "LKPR",
        "point_count": 39,
        "source_file": "OERK-LKPR.gpx",
        "point_id": "OERK-LKPR:022",
        "sequence": 22,
        "waypoint": "EVKIT",
        "point_role": "enroute",
        "overfly": false,
        "longitude": 33.754444,
        "latitude": 36.261111
      },
      "geometry": {
        "type": "Point",
        "coordinates": [
          33.754444,
          36.261111
        ]
      }
    },
    {
      "type": "Feature",
      "id": "OERK-LKPR:023",
      "properties": {
        "route_id": "OERK-LKPR",
        "route_name": "OERK-LKPR",
        "origin": "OERK",
        "destination": "LKPR",
        "point_count": 39,
        "source_file": "OERK-LKPR.gpx",
        "point_id": "OERK-LKPR:023",
        "sequence": 23,
        "waypoint": "MUT",
        "point_role": "enroute",
        "overfly": false,
        "longitude": 33.291833,
        "latitude": 36.863028
      },
      "geometry": {
        "type": "Point",
        "coordinates": [
          33.291833,
          36.863028
        ]
      }
    },
    {
      "type": "Feature",
      "id": "OERK-LKPR:024",
      "properties": {
        "route_id": "OERK-LKPR",
        "route_name": "OERK-LKPR",
        "origin": "OERK",
        "destination": "LKPR",
        "point_count": 39,
        "source_file": "OERK-LKPR.gpx",
        "point_id": "OERK-LKPR:024",
        "sequence": 24,
        "waypoint": "SEHIR",
        "point_role": "enroute",
        "overfly": false,
        "longitude": 32.203611,
        "latitude": 37.651667
      },
      "geometry": {
        "type": "Point",
        "coordinates": [
          32.203611,
          37.651667
        ]
      }
    },
    {
      "type": "Feature",
      "id": "OERK-LKPR:025",
      "properties": {
        "route_id": "OERK-LKPR",
        "route_name": "OERK-LKPR",
        "origin": "OERK",
        "destination": "LKPR",
        "point_count": 39,
        "source_file": "OERK-LKPR.gpx",
        "point_id": "OERK-LKPR:025",
        "sequence": 25,
        "waypoint": "OKLAM",
        "point_role": "enroute",
        "overfly": false,
        "longitude": 31.582778,
        "latitude": 38.090833
      },
      "geometry": {
        "type": "Point",
        "coordinates": [
          31.582778,
          38.090833
        ]
      }
    },
    {
      "type": "Feature",
      "id": "OERK-LKPR:026",
      "properties": {
        "route_id": "OERK-LKPR",
        "route_name": "OERK-LKPR",
        "origin": "OERK",
        "destination": "LKPR",
        "point_count": 39,
        "source_file": "OERK-LKPR.gpx",
        "point_id": "OERK-LKPR:026",
        "sequence": 26,
        "waypoint": "OSVEL",
        "point_role": "enroute",
        "overfly": false,
        "longitude": 31.018611,
        "latitude": 38.481944
      },
      "geometry": {
        "type": "Point",
        "coordinates": [
          31.018611,
          38.481944
        ]
      }
    },
    {
      "type": "Feature",
      "id": "OERK-LKPR:027",
      "properties": {
        "route_id": "OERK-LKPR",
        "route_name": "OERK-LKPR",
        "origin": "OERK",
        "destination": "LKPR",
        "point_count": 39,
        "source_file": "OERK-LKPR.gpx",
        "point_id": "OERK-LKPR:027",
        "sequence": 27,
        "waypoint": "OSDAN",
        "point_role": "enroute",
        "overfly": false,
        "longitude": 30.690278,
        "latitude": 38.851944
      },
      "geometry": {
        "type": "Point",
        "coordinates": [
          30.690278,
          38.851944
        ]
      }
    },
    {
      "type": "Feature",
      "id": "OERK-LKPR:028",
      "properties": {
        "route_id": "OERK-LKPR",
        "route_name": "OERK-LKPR",
        "origin": "OERK",
        "destination": "LKPR",
        "point_count": 39,
        "source_file": "OERK-LKPR.gpx",
        "point_id": "OERK-LKPR:028",
        "sequence": 28,
        "waypoint": "HANKO",
        "point_role": "enroute",
        "overfly": false,
        "longitude": 30.266111,
        "latitude": 39.498889
      },
      "geometry": {
        "type": "Point",
        "coordinates": [
          30.266111,
          39.498889
        ]
      }
    },
    {
      "type": "Feature",
      "id": "OERK-LKPR:029",
      "properties": {
        "route_id": "OERK-LKPR",
        "route_name": "OERK-LKPR",
        "origin": "OERK",
        "destination": "LKPR",
        "point_count": 39,
        "source_file": "OERK-LKPR.gpx",
        "point_id": "OERK-LKPR:029",
        "sequence": 29,
        "waypoint": "EMBIX",
        "point_role": "enroute",
        "overfly": false,
        "longitude": 30.018056,
        "latitude": 39.961944
      },
      "geometry": {
        "type": "Point",
        "coordinates": [
          30.018056,
          39.961944
        ]
      }
    },
    {
      "type": "Feature",
      "id": "OERK-LKPR:030",
      "properties": {
        "route_id": "OERK-LKPR",
        "route_name": "OERK-LKPR",
        "origin": "OERK",
        "destination": "LKPR",
        "point_count": 39,
        "source_file": "OERK-LKPR.gpx",
        "point_id": "OERK-LKPR:030",
        "sequence": 30,
        "waypoint": "INSEG",
        "point_role": "enroute",
        "overfly": false,
        "longitude": 29.636389,
        "latitude": 40.661389
      },
      "geometry": {
        "type": "Point",
        "coordinates": [
          29.636389,
          40.661389
        ]
      }
    },
    {
      "type": "Feature",
      "id": "OERK-LKPR:031",
      "properties": {
        "route_id": "OERK-LKPR",
        "route_name": "OERK-LKPR",
        "origin": "OERK",
        "destination": "LKPR",
        "point_count": 39,
        "source_file": "OERK-LKPR.gpx",
        "point_id": "OERK-LKPR:031",
        "sequence": 31,
        "waypoint": "BKZ",
        "point_role": "enroute",
        "overfly": false,
        "longitude": 29.142889,
        "latitude": 41.126972
      },
      "geometry": {
        "type": "Point",
        "coordinates": [
          29.142889,
          41.126972
        ]
      }
    },
    {
      "type": "Feature",
      "id": "OERK-LKPR:032",
      "properties": {
        "route_id": "OERK-LKPR",
        "route_name": "OERK-LKPR",
        "origin": "OERK",
        "destination": "LKPR",
        "point_count": 39,
        "source_file": "OERK-LKPR.gpx",
        "point_id": "OERK-LKPR:032",
        "sequence": 32,
        "waypoint": "DIGBO",
        "point_role": "enroute",
        "overfly": false,
        "longitude": 28.404444,
        "latitude": 41.493611
      },
      "geometry": {
        "type": "Point",
        "coordinates": [
          28.404444,
          41.493611
        ]
      }
    },
    {
      "type": "Feature",
      "id": "OERK-LKPR:033",
      "properties": {
        "route_id": "OERK-LKPR",
        "route_name": "OERK-LKPR",
        "origin": "OERK",
        "destination": "LKPR",
        "point_count": 39,
        "source_file": "OERK-LKPR.gpx",
        "point_id": "OERK-LKPR:033",
        "sequence": 33,
        "waypoint": "REZOV",
        "point_role": "enroute",
        "overfly": false,
        "longitude": 28.110556,
        "latitude": 41.983333
      },
      "geometry": {
        "type": "Point",
        "coordinates": [
          28.110556,
          41.983333
        ]
      }
    },
    {
      "type": "Feature",
      "id": "OERK-LKPR:034",
      "properties": {
        "route_id": "OERK-LKPR",
        "route_name": "OERK-LKPR",
        "origin": "OERK",
        "destination": "LKPR",
        "point_count": 39,
        "source_file": "OERK-LKPR.gpx",
        "point_id": "OERK-LKPR:034",
        "sequence": 34,
        "waypoint": "ARNOV",
        "point_role": "enroute",
        "overfly": false,
        "longitude": 26.768056,
        "latitude": 42.747778
      },
      "geometry": {
        "type": "Point",
        "coordinates": [
          26.768056,
          42.747778
        ]
      }
    },
    {
      "type": "Feature",
      "id": "OERK-LKPR:035",
      "properties": {
        "route_id": "OERK-LKPR",
        "route_name": "OERK-LKPR",
        "origin": "OERK",
        "destination": "LKPR",
        "point_count": 39,
        "source_file": "OERK-LKPR.gpx",
        "point_id": "OERK-LKPR:035",
        "sequence": 35,
        "waypoint": "BUDOP",
        "point_role": "enroute",
        "overfly": false,
        "longitude": 21.496667,
        "latitude": 46.6875
      },
      "geometry": {
        "type": "Point",
        "coordinates": [
          21.496667,
          46.6875
        ]
      }
    },
    {
      "type": "Feature",
      "id": "OERK-LKPR:036",
      "properties": {
        "route_id": "OERK-LKPR",
        "route_name": "OERK-LKPR",
        "origin": "OERK",
        "destination": "LKPR",
        "point_count": 39,
        "source_file": "OERK-LKPR.gpx",
        "point_id": "OERK-LKPR:036",
        "sequence": 36,
        "waypoint": "LALES",
        "point_role": "enroute",
        "overfly": false,
        "longitude": 17.709514,
        "latitude": 48.865172
      },
      "geometry": {
        "type": "Point",
        "coordinates": [
          17.709514,
          48.865172
        ]
      }
    },
    {
      "type": "Feature",
      "id": "OERK-LKPR:037",
      "properties": {
        "route_id": "OERK-LKPR",
        "route_name": "OERK-LKPR",
        "origin": "OERK",
        "destination": "LKPR",
        "point_count": 39,
        "source_file": "OERK-LKPR.gpx",
        "point_id": "OERK-LKPR:037",
        "sequence": 37,
        "waypoint": "TUMKA",
        "point_role": "enroute",
        "overfly": false,
        "longitude": 15.947267,
        "latitude": 49.407894
      },
      "geometry": {
        "type": "Point",
        "coordinates": [
          15.947267,
          49.407894
        ]
      }
    },
    {
      "type": "Feature",
      "id": "OERK-LKPR:038",
      "properties": {
        "route_id": "OERK-LKPR",
        "route_name": "OERK-LKPR",
        "origin": "OERK",
        "destination": "LKPR",
        "point_count": 39,
        "source_file": "OERK-LKPR.gpx",
        "point_id": "OERK-LKPR:038",
        "sequence": 38,
        "waypoint": "VLM",
        "point_role": "enroute",
        "overfly": false,
        "longitude": 15.066742,
        "latitude": 49.704272
      },
      "geometry": {
        "type": "Point",
        "coordinates": [
          15.066742,
          49.704272
        ]
      }
    },
    {
      "type": "Feature",
      "id": "OERK-LKPR:039",
      "properties": {
        "route_id": "OERK-LKPR",
        "route_name": "OERK-LKPR",
        "origin": "OERK",
        "destination": "LKPR",
        "point_count": 39,
        "source_file": "OERK-LKPR.gpx",
        "point_id": "OERK-LKPR:039",
        "sequence": 39,
        "waypoint": "LKPR",
        "point_role": "destination",
        "overfly": false,
        "longitude": 14.26,
        "latitude": 50.100833
      },
      "geometry": {
        "type": "Point",
        "coordinates": [
          14.26,
          50.100833
        ]
      }
    },
    {
      "type": "Feature",
      "id": "OERK-LOWW:001",
      "properties": {
        "route_id": "OERK-LOWW",
        "route_name": "OERK-LOWW",
        "origin": "OERK",
        "destination": "LOWW",
        "point_count": 37,
        "source_file": "OERK-LOWW.gpx",
        "point_id": "OERK-LOWW:001",
        "sequence": 1,
        "waypoint": "OERK",
        "point_role": "origin",
        "overfly": false,
        "longitude": 46.708056,
        "latitude": 24.962778
      },
      "geometry": {
        "type": "Point",
        "coordinates": [
          46.708056,
          24.962778
        ]
      }
    },
    {
      "type": "Feature",
      "id": "OERK-LOWW:002",
      "properties": {
        "route_id": "OERK-LOWW",
        "route_name": "OERK-LOWW",
        "origin": "OERK",
        "destination": "LOWW",
        "point_count": 37,
        "source_file": "OERK-LOWW.gpx",
        "point_id": "OERK-LOWW:002",
        "sequence": 2,
        "waypoint": "LONIB",
        "point_role": "enroute",
        "overfly": false,
        "longitude": 45.438889,
        "latitude": 26.170556
      },
      "geometry": {
        "type": "Point",
        "coordinates": [
          45.438889,
          26.170556
        ]
      }
    },
    {
      "type": "Feature",
      "id": "OERK-LOWW:003",
      "properties": {
        "route_id": "OERK-LOWW",
        "route_name": "OERK-LOWW",
        "origin": "OERK",
        "destination": "LOWW",
        "point_count": 37,
        "source_file": "OERK-LOWW.gpx",
        "point_id": "OERK-LOWW:003",
        "sequence": 3,
        "waypoint": "LABIS",
        "point_role": "enroute",
        "overfly": false,
        "longitude": 45.298611,
        "latitude": 26.304167
      },
      "geometry": {
        "type": "Point",
        "coordinates": [
          45.298611,
          26.304167
        ]
      }
    },
    {
      "type": "Feature",
      "id": "OERK-LOWW:004",
      "properties": {
        "route_id": "OERK-LOWW",
        "route_name": "OERK-LOWW",
        "origin": "OERK",
        "destination": "LOWW",
        "point_count": 37,
        "source_file": "OERK-LOWW.gpx",
        "point_id": "OERK-LOWW:004",
        "sequence": 4,
        "waypoint": "ASVUL",
        "point_role": "enroute",
        "overfly": false,
        "longitude": 44.995833,
        "latitude": 26.592222
      },
      "geometry": {
        "type": "Point",
        "coordinates": [
          44.995833,
          26.592222
        ]
      }
    },
    {
      "type": "Feature",
      "id": "OERK-LOWW:005",
      "properties": {
        "route_id": "OERK-LOWW",
        "route_name": "OERK-LOWW",
        "origin": "OERK",
        "destination": "LOWW",
        "point_count": 37,
        "source_file": "OERK-LOWW.gpx",
        "point_id": "OERK-LOWW:005",
        "sequence": 5,
        "waypoint": "SERPU",
        "point_role": "enroute",
        "overfly": false,
        "longitude": 44.809167,
        "latitude": 26.768889
      },
      "geometry": {
        "type": "Point",
        "coordinates": [
          44.809167,
          26.768889
        ]
      }
    },
    {
      "type": "Feature",
      "id": "OERK-LOWW:006",
      "properties": {
        "route_id": "OERK-LOWW",
        "route_name": "OERK-LOWW",
        "origin": "OERK",
        "destination": "LOWW",
        "point_count": 37,
        "source_file": "OERK-LOWW.gpx",
        "point_id": "OERK-LOWW:006",
        "sequence": 6,
        "waypoint": "RARLO",
        "point_role": "enroute",
        "overfly": false,
        "longitude": 44.569444,
        "latitude": 26.994167
      },
      "geometry": {
        "type": "Point",
        "coordinates": [
          44.569444,
          26.994167
        ]
      }
    },
    {
      "type": "Feature",
      "id": "OERK-LOWW:007",
      "properties": {
        "route_id": "OERK-LOWW",
        "route_name": "OERK-LOWW",
        "origin": "OERK",
        "destination": "LOWW",
        "point_count": 37,
        "source_file": "OERK-LOWW.gpx",
        "point_id": "OERK-LOWW:007",
        "sequence": 7,
        "waypoint": "PASIT",
        "point_role": "enroute",
        "overfly": false,
        "longitude": 44.381389,
        "latitude": 27.169722
      },
      "geometry": {
        "type": "Point",
        "coordinates": [
          44.381389,
          27.169722
        ]
      }
    },
    {
      "type": "Feature",
      "id": "OERK-LOWW:008",
      "properties": {
        "route_id": "OERK-LOWW",
        "route_name": "OERK-LOWW",
        "origin": "OERK",
        "destination": "LOWW",
        "point_count": 37,
        "source_file": "OERK-LOWW.gpx",
        "point_id": "OERK-LOWW:008",
        "sequence": 8,
        "waypoint": "TOTAD",
        "point_role": "enroute",
        "overfly": false,
        "longitude": 43.651111,
        "latitude": 27.845278
      },
      "geometry": {
        "type": "Point",
        "coordinates": [
          43.651111,
          27.845278
        ]
      }
    },
    {
      "type": "Feature",
      "id": "OERK-LOWW:009",
      "properties": {
        "route_id": "OERK-LOWW",
        "route_name": "OERK-LOWW",
        "origin": "OERK",
        "destination": "LOWW",
        "point_count": 37,
        "source_file": "OERK-LOWW.gpx",
        "point_id": "OERK-LOWW:009",
        "sequence": 9,
        "waypoint": "TAMRO",
        "point_role": "enroute",
        "overfly": false,
        "longitude": 42.679722,
        "latitude": 28.643889
      },
      "geometry": {
        "type": "Point",
        "coordinates": [
          42.679722,
          28.643889
        ]
      }
    },
    {
      "type": "Feature",
      "id": "OERK-LOWW:010",
      "properties": {
        "route_id": "OERK-LOWW",
        "route_name": "OERK-LOWW",
        "origin": "OERK",
        "destination": "LOWW",
        "point_count": 37,
        "source_file": "OERK-LOWW.gpx",
        "point_id": "OERK-LOWW:010",
        "sequence": 10,
        "waypoint": "ORSAL",
        "point_role": "enroute",
        "overfly": false,
        "longitude": 42.185278,
        "latitude": 29.043056
      },
      "geometry": {
        "type": "Point",
        "coordinates": [
          42.185278,
          29.043056
        ]
      }
    },
    {
      "type": "Feature",
      "id": "OERK-LOWW:011",
      "properties": {
        "route_id": "OERK-LOWW",
        "route_name": "OERK-LOWW",
        "origin": "OERK",
        "destination": "LOWW",
        "point_count": 37,
        "source_file": "OERK-LOWW.gpx",
        "point_id": "OERK-LOWW:011",
        "sequence": 11,
        "waypoint": "PAXAN",
        "point_role": "enroute",
        "overfly": false,
        "longitude": 41.309167,
        "latitude": 29.738333
      },
      "geometry": {
        "type": "Point",
        "coordinates": [
          41.309167,
          29.738333
        ]
      }
    },
    {
      "type": "Feature",
      "id": "OERK-LOWW:012",
      "properties": {
        "route_id": "OERK-LOWW",
        "route_name": "OERK-LOWW",
        "origin": "OERK",
        "destination": "LOWW",
        "point_count": 37,
        "source_file": "OERK-LOWW.gpx",
        "point_id": "OERK-LOWW:012",
        "sequence": 12,
        "waypoint": "GADLI",
        "point_role": "enroute",
        "overfly": false,
        "longitude": 40.639167,
        "latitude": 30.386667
      },
      "geometry": {
        "type": "Point",
        "coordinates": [
          40.639167,
          30.386667
        ]
      }
    },
    {
      "type": "Feature",
      "id": "OERK-LOWW:013",
      "properties": {
        "route_id": "OERK-LOWW",
        "route_name": "OERK-LOWW",
        "origin": "OERK",
        "destination": "LOWW",
        "point_count": 37,
        "source_file": "OERK-LOWW.gpx",
        "point_id": "OERK-LOWW:013",
        "sequence": 13,
        "waypoint": "BONIS",
        "point_role": "enroute",
        "overfly": false,
        "longitude": 39.553611,
        "latitude": 31.432778
      },
      "geometry": {
        "type": "Point",
        "coordinates": [
          39.553611,
          31.432778
        ]
      }
    },
    {
      "type": "Feature",
      "id": "OERK-LOWW:014",
      "properties": {
        "route_id": "OERK-LOWW",
        "route_name": "OERK-LOWW",
        "origin": "OERK",
        "destination": "LOWW",
        "point_count": 37,
        "source_file": "OERK-LOWW.gpx",
        "point_id": "OERK-LOWW:014",
        "sequence": 14,
        "waypoint": "OVANO",
        "point_role": "enroute",
        "overfly": false,
        "longitude": 39.164167,
        "latitude": 31.800278
      },
      "geometry": {
        "type": "Point",
        "coordinates": [
          39.164167,
          31.800278
        ]
      }
    },
    {
      "type": "Feature",
      "id": "OERK-LOWW:015",
      "properties": {
        "route_id": "OERK-LOWW",
        "route_name": "OERK-LOWW",
        "origin": "OERK",
        "destination": "LOWW",
        "point_count": 37,
        "source_file": "OERK-LOWW.gpx",
        "point_id": "OERK-LOWW:015",
        "sequence": 15,
        "waypoint": "OTILA",
        "point_role": "enroute",
        "overfly": false,
        "longitude": 39.031344,
        "latitude": 32.025278
      },
      "geometry": {
        "type": "Point",
        "coordinates": [
          39.031344,
          32.025278
        ]
      }
    },
    {
      "type": "Feature",
      "id": "OERK-LOWW:016",
      "properties": {
        "route_id": "OERK-LOWW",
        "route_name": "OERK-LOWW",
        "origin": "OERK",
        "destination": "LOWW",
        "point_count": 37,
        "source_file": "OERK-LOWW.gpx",
        "point_id": "OERK-LOWW:016",
        "sequence": 16,
        "waypoint": "MODAD",
        "point_role": "enroute",
        "overfly": false,
        "longitude": 38.693928,
        "latitude": 32.594411
      },
      "geometry": {
        "type": "Point",
        "coordinates": [
          38.693928,
          32.594411
        ]
      }
    },
    {
      "type": "Feature",
      "id": "OERK-LOWW:017",
      "properties": {
        "route_id": "OERK-LOWW",
        "route_name": "OERK-LOWW",
        "origin": "OERK",
        "destination": "LOWW",
        "point_count": 37,
        "source_file": "OERK-LOWW.gpx",
        "point_id": "OERK-LOWW:017",
        "sequence": 17,
        "waypoint": "KUMLO",
        "point_role": "enroute",
        "overfly": false,
        "longitude": 38.468797,
        "latitude": 32.96995
      },
      "geometry": {
        "type": "Point",
        "coordinates": [
          38.468797,
          32.96995
        ]
      }
    },
    {
      "type": "Feature",
      "id": "OERK-LOWW:018",
      "properties": {
        "route_id": "OERK-LOWW",
        "route_name": "OERK-LOWW",
        "origin": "OERK",
        "destination": "LOWW",
        "point_count": 37,
        "source_file": "OERK-LOWW.gpx",
        "point_id": "OERK-LOWW:018",
        "sequence": 18,
        "waypoint": "SOKAN",
        "point_role": "enroute",
        "overfly": false,
        "longitude": 38.368611,
        "latitude": 33.135833
      },
      "geometry": {
        "type": "Point",
        "coordinates": [
          38.368611,
          33.135833
        ]
      }
    },
    {
      "type": "Feature",
      "id": "OERK-LOWW:019",
      "properties": {
        "route_id": "OERK-LOWW",
        "route_name": "OERK-LOWW",
        "origin": "OERK",
        "destination": "LOWW",
        "point_count": 37,
        "source_file": "OERK-LOWW.gpx",
        "point_id": "OERK-LOWW:019",
        "sequence": 19,
        "waypoint": "FIRAS",
        "point_role": "enroute",
        "overfly": false,
        "longitude": 37.92,
        "latitude": 33.871944
      },
      "geometry": {
        "type": "Point",
        "coordinates": [
          37.92,
          33.871944
        ]
      }
    },
    {
      "type": "Feature",
      "id": "OERK-LOWW:020",
      "properties": {
        "route_id": "OERK-LOWW",
        "route_name": "OERK-LOWW",
        "origin": "OERK",
        "destination": "LOWW",
        "point_count": 37,
        "source_file": "OERK-LOWW.gpx",
        "point_id": "OERK-LOWW:020",
        "sequence": 20,
        "waypoint": "NIKAS",
        "point_role": "enroute",
        "overfly": false,
        "longitude": 35.716667,
        "latitude": 35.193333
      },
      "geometry": {
        "type": "Point",
        "coordinates": [
          35.716667,
          35.193333
        ]
      }
    },
    {
      "type": "Feature",
      "id": "OERK-LOWW:021",
      "properties": {
        "route_id": "OERK-LOWW",
        "route_name": "OERK-LOWW",
        "origin": "OERK",
        "destination": "LOWW",
        "point_count": 37,
        "source_file": "OERK-LOWW.gpx",
        "point_id": "OERK-LOWW:021",
        "sequence": 21,
        "waypoint": "VESAR",
        "point_role": "enroute",
        "overfly": false,
        "longitude": 34.016111,
        "latitude": 35.915556
      },
      "geometry": {
        "type": "Point",
        "coordinates": [
          34.016111,
          35.915556
        ]
      }
    },
    {
      "type": "Feature",
      "id": "OERK-LOWW:022",
      "properties": {
        "route_id": "OERK-LOWW",
        "route_name": "OERK-LOWW",
        "origin": "OERK",
        "destination": "LOWW",
        "point_count": 37,
        "source_file": "OERK-LOWW.gpx",
        "point_id": "OERK-LOWW:022",
        "sequence": 22,
        "waypoint": "EVKIT",
        "point_role": "enroute",
        "overfly": false,
        "longitude": 33.754444,
        "latitude": 36.261111
      },
      "geometry": {
        "type": "Point",
        "coordinates": [
          33.754444,
          36.261111
        ]
      }
    },
    {
      "type": "Feature",
      "id": "OERK-LOWW:023",
      "properties": {
        "route_id": "OERK-LOWW",
        "route_name": "OERK-LOWW",
        "origin": "OERK",
        "destination": "LOWW",
        "point_count": 37,
        "source_file": "OERK-LOWW.gpx",
        "point_id": "OERK-LOWW:023",
        "sequence": 23,
        "waypoint": "MUT",
        "point_role": "enroute",
        "overfly": false,
        "longitude": 33.291833,
        "latitude": 36.863028
      },
      "geometry": {
        "type": "Point",
        "coordinates": [
          33.291833,
          36.863028
        ]
      }
    },
    {
      "type": "Feature",
      "id": "OERK-LOWW:024",
      "properties": {
        "route_id": "OERK-LOWW",
        "route_name": "OERK-LOWW",
        "origin": "OERK",
        "destination": "LOWW",
        "point_count": 37,
        "source_file": "OERK-LOWW.gpx",
        "point_id": "OERK-LOWW:024",
        "sequence": 24,
        "waypoint": "SEHIR",
        "point_role": "enroute",
        "overfly": false,
        "longitude": 32.203611,
        "latitude": 37.651667
      },
      "geometry": {
        "type": "Point",
        "coordinates": [
          32.203611,
          37.651667
        ]
      }
    },
    {
      "type": "Feature",
      "id": "OERK-LOWW:025",
      "properties": {
        "route_id": "OERK-LOWW",
        "route_name": "OERK-LOWW",
        "origin": "OERK",
        "destination": "LOWW",
        "point_count": 37,
        "source_file": "OERK-LOWW.gpx",
        "point_id": "OERK-LOWW:025",
        "sequence": 25,
        "waypoint": "OKLAM",
        "point_role": "enroute",
        "overfly": false,
        "longitude": 31.582778,
        "latitude": 38.090833
      },
      "geometry": {
        "type": "Point",
        "coordinates": [
          31.582778,
          38.090833
        ]
      }
    },
    {
      "type": "Feature",
      "id": "OERK-LOWW:026",
      "properties": {
        "route_id": "OERK-LOWW",
        "route_name": "OERK-LOWW",
        "origin": "OERK",
        "destination": "LOWW",
        "point_count": 37,
        "source_file": "OERK-LOWW.gpx",
        "point_id": "OERK-LOWW:026",
        "sequence": 26,
        "waypoint": "OSVEL",
        "point_role": "enroute",
        "overfly": false,
        "longitude": 31.018611,
        "latitude": 38.481944
      },
      "geometry": {
        "type": "Point",
        "coordinates": [
          31.018611,
          38.481944
        ]
      }
    },
    {
      "type": "Feature",
      "id": "OERK-LOWW:027",
      "properties": {
        "route_id": "OERK-LOWW",
        "route_name": "OERK-LOWW",
        "origin": "OERK",
        "destination": "LOWW",
        "point_count": 37,
        "source_file": "OERK-LOWW.gpx",
        "point_id": "OERK-LOWW:027",
        "sequence": 27,
        "waypoint": "RAVGO",
        "point_role": "enroute",
        "overfly": false,
        "longitude": 30.500833,
        "latitude": 39.546944
      },
      "geometry": {
        "type": "Point",
        "coordinates": [
          30.500833,
          39.546944
        ]
      }
    },
    {
      "type": "Feature",
      "id": "OERK-LOWW:028",
      "properties": {
        "route_id": "OERK-LOWW",
        "route_name": "OERK-LOWW",
        "origin": "OERK",
        "destination": "LOWW",
        "point_count": 37,
        "source_file": "OERK-LOWW.gpx",
        "point_id": "OERK-LOWW:028",
        "sequence": 28,
        "waypoint": "YASEN",
        "point_role": "enroute",
        "overfly": false,
        "longitude": 29.516111,
        "latitude": 41.198889
      },
      "geometry": {
        "type": "Point",
        "coordinates": [
          29.516111,
          41.198889
        ]
      }
    },
    {
      "type": "Feature",
      "id": "OERK-LOWW:029",
      "properties": {
        "route_id": "OERK-LOWW",
        "route_name": "OERK-LOWW",
        "origin": "OERK",
        "destination": "LOWW",
        "point_count": 37,
        "source_file": "OERK-LOWW.gpx",
        "point_id": "OERK-LOWW:029",
        "sequence": 29,
        "waypoint": "MAKOL",
        "point_role": "enroute",
        "overfly": false,
        "longitude": 29.142778,
        "latitude": 42.170556
      },
      "geometry": {
        "type": "Point",
        "coordinates": [
          29.142778,
          42.170556
        ]
      }
    },
    {
      "type": "Feature",
      "id": "OERK-LOWW:030",
      "properties": {
        "route_id": "OERK-LOWW",
        "route_name": "OERK-LOWW",
        "origin": "OERK",
        "destination": "LOWW",
        "point_count": 37,
        "source_file": "OERK-LOWW.gpx",
        "point_id": "OERK-LOWW:030",
        "sequence": 30,
        "waypoint": "BIVBU",
        "point_role": "enroute",
        "overfly": false,
        "longitude": 24.331667,
        "latitude": 44.920556
      },
      "geometry": {
        "type": "Point",
        "coordinates": [
          24.331667,
          44.920556
        ]
      }
    },
    {
      "type": "Feature",
      "id": "OERK-LOWW:031",
      "properties": {
        "route_id": "OERK-LOWW",
        "route_name": "OERK-LOWW",
        "origin": "OERK",
        "destination": "LOWW",
        "point_count": 37,
        "source_file": "OERK-LOWW.gpx",
        "point_id": "OERK-LOWW:031",
        "sequence": 31,
        "waypoint": "TIXIP",
        "point_role": "enroute",
        "overfly": false,
        "longitude": 22.646667,
        "latitude": 45.8375
      },
      "geometry": {
        "type": "Point",
        "coordinates": [
          22.646667,
          45.8375
        ]
      }
    },
    {
      "type": "Feature",
      "id": "OERK-LOWW:032",
      "properties": {
        "route_id": "OERK-LOWW",
        "route_name": "OERK-LOWW",
        "origin": "OERK",
        "destination": "LOWW",
        "point_count": 37,
        "source_file": "OERK-LOWW.gpx",
        "point_id": "OERK-LOWW:032",
        "sequence": 32,
        "waypoint": "VASIS",
        "point_role": "enroute",
        "overfly": false,
        "longitude": 22.408075,
        "latitude": 45.953222
      },
      "geometry": {
        "type": "Point",
        "coordinates": [
          22.408075,
          45.953222
        ]
      }
    },
    {
      "type": "Feature",
      "id": "OERK-LOWW:033",
      "properties": {
        "route_id": "OERK-LOWW",
        "route_name": "OERK-LOWW",
        "origin": "OERK",
        "destination": "LOWW",
        "point_count": 37,
        "source_file": "OERK-LOWW.gpx",
        "point_id": "OERK-LOWW:033",
        "sequence": 33,
        "waypoint": "DEGET",
        "point_role": "enroute",
        "overfly": false,
        "longitude": 21.267222,
        "latitude": 46.493611
      },
      "geometry": {
        "type": "Point",
        "coordinates": [
          21.267222,
          46.493611
        ]
      }
    },
    {
      "type": "Feature",
      "id": "OERK-LOWW:034",
      "properties": {
        "route_id": "OERK-LOWW",
        "route_name": "OERK-LOWW",
        "origin": "OERK",
        "destination": "LOWW",
        "point_count": 37,
        "source_file": "OERK-LOWW.gpx",
        "point_id": "OERK-LOWW:034",
        "sequence": 34,
        "waypoint": "BALUX",
        "point_role": "enroute",
        "overfly": false,
        "longitude": 19.129444,
        "latitude": 47.340833
      },
      "geometry": {
        "type": "Point",
        "coordinates": [
          19.129444,
          47.340833
        ]
      }
    },
    {
      "type": "Feature",
      "id": "OERK-LOWW:035",
      "properties": {
        "route_id": "OERK-LOWW",
        "route_name": "OERK-LOWW",
        "origin": "OERK",
        "destination": "LOWW",
        "point_count": 37,
        "source_file": "OERK-LOWW.gpx",
        "point_id": "OERK-LOWW:035",
        "sequence": 35,
        "waypoint": "TORNO",
        "point_role": "enroute",
        "overfly": false,
        "longitude": 18.49,
        "latitude": 47.539722
      },
      "geometry": {
        "type": "Point",
        "coordinates": [
          18.49,
          47.539722
        ]
      }
    },
    {
      "type": "Feature",
      "id": "OERK-LOWW:036",
      "properties": {
        "route_id": "OERK-LOWW",
        "route_name": "OERK-LOWW",
        "origin": "OERK",
        "destination": "LOWW",
        "point_count": 37,
        "source_file": "OERK-LOWW.gpx",
        "point_id": "OERK-LOWW:036",
        "sequence": 36,
        "waypoint": "NATEX",
        "point_role": "enroute",
        "overfly": false,
        "longitude": 17.5,
        "latitude": 47.746944
      },
      "geometry": {
        "type": "Point",
        "coordinates": [
          17.5,
          47.746944
        ]
      }
    },
    {
      "type": "Feature",
      "id": "OERK-LOWW:037",
      "properties": {
        "route_id": "OERK-LOWW",
        "route_name": "OERK-LOWW",
        "origin": "OERK",
        "destination": "LOWW",
        "point_count": 37,
        "source_file": "OERK-LOWW.gpx",
        "point_id": "OERK-LOWW:037",
        "sequence": 37,
        "waypoint": "LOWW",
        "point_role": "destination",
        "overfly": false,
        "longitude": 16.569722,
        "latitude": 48.110278
      },
      "geometry": {
        "type": "Point",
        "coordinates": [
          16.569722,
          48.110278
        ]
      }
    },
    {
      "type": "Feature",
      "id": "OKKK-ESSA:001",
      "properties": {
        "route_id": "OKKK-ESSA",
        "route_name": "OKKK-ESSA",
        "origin": "OKKK",
        "destination": "ESSA",
        "point_count": 40,
        "source_file": "OKKK-ESSA.gpx",
        "point_id": "OKKK-ESSA:001",
        "sequence": 1,
        "waypoint": "OKKK",
        "point_role": "origin",
        "overfly": false,
        "longitude": 47.979953,
        "latitude": 29.226767
      },
      "geometry": {
        "type": "Point",
        "coordinates": [
          47.979953,
          29.226767
        ]
      }
    },
    {
      "type": "Feature",
      "id": "OKKK-ESSA:002",
      "properties": {
        "route_id": "OKKK-ESSA",
        "route_name": "OKKK-ESSA",
        "origin": "OKKK",
        "destination": "ESSA",
        "point_count": 40,
        "source_file": "OKKK-ESSA.gpx",
        "point_id": "OKKK-ESSA:002",
        "sequence": 2,
        "waypoint": "TASMI",
        "point_role": "enroute",
        "overfly": false,
        "longitude": 47.918056,
        "latitude": 30.022222
      },
      "geometry": {
        "type": "Point",
        "coordinates": [
          47.918056,
          30.022222
        ]
      }
    },
    {
      "type": "Feature",
      "id": "OKKK-ESSA:003",
      "properties": {
        "route_id": "OKKK-ESSA",
        "route_name": "OKKK-ESSA",
        "origin": "OKKK",
        "destination": "ESSA",
        "point_count": 40,
        "source_file": "OKKK-ESSA.gpx",
        "point_id": "OKKK-ESSA:003",
        "sequence": 3,
        "waypoint": "GADSI",
        "point_role": "enroute",
        "overfly": false,
        "longitude": 47.187778,
        "latitude": 30.566111
      },
      "geometry": {
        "type": "Point",
        "coordinates": [
          47.187778,
          30.566111
        ]
      }
    },
    {
      "type": "Feature",
      "id": "OKKK-ESSA:004",
      "properties": {
        "route_id": "OKKK-ESSA",
        "route_name": "OKKK-ESSA",
        "origin": "OKKK",
        "destination": "ESSA",
        "point_count": 40,
        "source_file": "OKKK-ESSA.gpx",
        "point_id": "OKKK-ESSA:004",
        "sequence": 4,
        "waypoint": "ALPET",
        "point_role": "enroute",
        "overfly": false,
        "longitude": 46.312222,
        "latitude": 31.205278
      },
      "geometry": {
        "type": "Point",
        "coordinates": [
          46.312222,
          31.205278
        ]
      }
    },
    {
      "type": "Feature",
      "id": "OKKK-ESSA:005",
      "properties": {
        "route_id": "OKKK-ESSA",
        "route_name": "OKKK-ESSA",
        "origin": "OKKK",
        "destination": "ESSA",
        "point_count": 40,
        "source_file": "OKKK-ESSA.gpx",
        "point_id": "OKKK-ESSA:005",
        "sequence": 5,
        "waypoint": "DEBNI",
        "point_role": "enroute",
        "overfly": false,
        "longitude": 44.28415,
        "latitude": 33.17045
      },
      "geometry": {
        "type": "Point",
        "coordinates": [
          44.28415,
          33.17045
        ]
      }
    },
    {
      "type": "Feature",
      "id": "OKKK-ESSA:006",
      "properties": {
        "route_id": "OKKK-ESSA",
        "route_name": "OKKK-ESSA",
        "origin": "OKKK",
        "destination": "ESSA",
        "point_count": 40,
        "source_file": "OKKK-ESSA.gpx",
        "point_id": "OKKK-ESSA:006",
        "sequence": 6,
        "waypoint": "LAGLO",
        "point_role": "enroute",
        "overfly": false,
        "longitude": 44.249167,
        "latitude": 33.260833
      },
      "geometry": {
        "type": "Point",
        "coordinates": [
          44.249167,
          33.260833
        ]
      }
    },
    {
      "type": "Feature",
      "id": "OKKK-ESSA:007",
      "properties": {
        "route_id": "OKKK-ESSA",
        "route_name": "OKKK-ESSA",
        "origin": "OKKK",
        "destination": "ESSA",
        "point_count": 40,
        "source_file": "OKKK-ESSA.gpx",
        "point_id": "OKKK-ESSA:007",
        "sequence": 7,
        "waypoint": "TAGRU",
        "point_role": "enroute",
        "overfly": false,
        "longitude": 44.138056,
        "latitude": 34.499722
      },
      "geometry": {
        "type": "Point",
        "coordinates": [
          44.138056,
          34.499722
        ]
      }
    },
    {
      "type": "Feature",
      "id": "OKKK-ESSA:008",
      "properties": {
        "route_id": "OKKK-ESSA",
        "route_name": "OKKK-ESSA",
        "origin": "OKKK",
        "destination": "ESSA",
        "point_count": 40,
        "source_file": "OKKK-ESSA.gpx",
        "point_id": "OKKK-ESSA:008",
        "sequence": 8,
        "waypoint": "UMESA",
        "point_role": "enroute",
        "overfly": false,
        "longitude": 43.718611,
        "latitude": 35.294722
      },
      "geometry": {
        "type": "Point",
        "coordinates": [
          43.718611,
          35.294722
        ]
      }
    },
    {
      "type": "Feature",
      "id": "OKKK-ESSA:009",
      "properties": {
        "route_id": "OKKK-ESSA",
        "route_name": "OKKK-ESSA",
        "origin": "OKKK",
        "destination": "ESSA",
        "point_count": 40,
        "source_file": "OKKK-ESSA.gpx",
        "point_id": "OKKK-ESSA:009",
        "sequence": 9,
        "waypoint": "SEVKU",
        "point_role": "enroute",
        "overfly": false,
        "longitude": 43.287778,
        "latitude": 36.096667
      },
      "geometry": {
        "type": "Point",
        "coordinates": [
          43.287778,
          36.096667
        ]
      }
    },
    {
      "type": "Feature",
      "id": "OKKK-ESSA:010",
      "properties": {
        "route_id": "OKKK-ESSA",
        "route_name": "OKKK-ESSA",
        "origin": "OKKK",
        "destination": "ESSA",
        "point_count": 40,
        "source_file": "OKKK-ESSA.gpx",
        "point_id": "OKKK-ESSA:010",
        "sequence": 10,
        "waypoint": "EMIDO",
        "point_role": "enroute",
        "overfly": false,
        "longitude": 42.915,
        "latitude": 36.77
      },
      "geometry": {
        "type": "Point",
        "coordinates": [
          42.915,
          36.77
        ]
      }
    },
    {
      "type": "Feature",
      "id": "OKKK-ESSA:011",
      "properties": {
        "route_id": "OKKK-ESSA",
        "route_name": "OKKK-ESSA",
        "origin": "OKKK",
        "destination": "ESSA",
        "point_count": 40,
        "source_file": "OKKK-ESSA.gpx",
        "point_id": "OKKK-ESSA:011",
        "sequence": 11,
        "waypoint": "KABAN",
        "point_role": "enroute",
        "overfly": false,
        "longitude": 42.649722,
        "latitude": 37.248889
      },
      "geometry": {
        "type": "Point",
        "coordinates": [
          42.649722,
          37.248889
        ]
      }
    },
    {
      "type": "Feature",
      "id": "OKKK-ESSA:012",
      "properties": {
        "route_id": "OKKK-ESSA",
        "route_name": "OKKK-ESSA",
        "origin": "OKKK",
        "destination": "ESSA",
        "point_count": 40,
        "source_file": "OKKK-ESSA.gpx",
        "point_id": "OKKK-ESSA:012",
        "sequence": 12,
        "waypoint": "SUMAP",
        "point_role": "enroute",
        "overfly": false,
        "longitude": 40.606583,
        "latitude": 38.117194
      },
      "geometry": {
        "type": "Point",
        "coordinates": [
          40.606583,
          38.117194
        ]
      }
    },
    {
      "type": "Feature",
      "id": "OKKK-ESSA:013",
      "properties": {
        "route_id": "OKKK-ESSA",
        "route_name": "OKKK-ESSA",
        "origin": "OKKK",
        "destination": "ESSA",
        "point_count": 40,
        "source_file": "OKKK-ESSA.gpx",
        "point_id": "OKKK-ESSA:013",
        "sequence": 13,
        "waypoint": "ARPUT",
        "point_role": "enroute",
        "overfly": false,
        "longitude": 38.941944,
        "latitude": 38.842222
      },
      "geometry": {
        "type": "Point",
        "coordinates": [
          38.941944,
          38.842222
        ]
      }
    },
    {
      "type": "Feature",
      "id": "OKKK-ESSA:014",
      "properties": {
        "route_id": "OKKK-ESSA",
        "route_name": "OKKK-ESSA",
        "origin": "OKKK",
        "destination": "ESSA",
        "point_count": 40,
        "source_file": "OKKK-ESSA.gpx",
        "point_id": "OKKK-ESSA:014",
        "sequence": 14,
        "waypoint": "ZACUF",
        "point_role": "enroute",
        "overfly": false,
        "longitude": 36.243611,
        "latitude": 39.783611
      },
      "geometry": {
        "type": "Point",
        "coordinates": [
          36.243611,
          39.783611
        ]
      }
    },
    {
      "type": "Feature",
      "id": "OKKK-ESSA:015",
      "properties": {
        "route_id": "OKKK-ESSA",
        "route_name": "OKKK-ESSA",
        "origin": "OKKK",
        "destination": "ESSA",
        "point_count": 40,
        "source_file": "OKKK-ESSA.gpx",
        "point_id": "OKKK-ESSA:015",
        "sequence": 15,
        "waypoint": "EKMEK",
        "point_role": "enroute",
        "overfly": false,
        "longitude": 33.943294,
        "latitude": 40.503575
      },
      "geometry": {
        "type": "Point",
        "coordinates": [
          33.943294,
          40.503575
        ]
      }
    },
    {
      "type": "Feature",
      "id": "OKKK-ESSA:016",
      "properties": {
        "route_id": "OKKK-ESSA",
        "route_name": "OKKK-ESSA",
        "origin": "OKKK",
        "destination": "ESSA",
        "point_count": 40,
        "source_file": "OKKK-ESSA.gpx",
        "point_id": "OKKK-ESSA:016",
        "sequence": 16,
        "waypoint": "LETBU",
        "point_role": "enroute",
        "overfly": false,
        "longitude": 32.069167,
        "latitude": 41.1325
      },
      "geometry": {
        "type": "Point",
        "coordinates": [
          32.069167,
          41.1325
        ]
      }
    },
    {
      "type": "Feature",
      "id": "OKKK-ESSA:017",
      "properties": {
        "route_id": "OKKK-ESSA",
        "route_name": "OKKK-ESSA",
        "origin": "OKKK",
        "destination": "ESSA",
        "point_count": 40,
        "source_file": "OKKK-ESSA.gpx",
        "point_id": "OKKK-ESSA:017",
        "sequence": 17,
        "waypoint": "UNSUL",
        "point_role": "enroute",
        "overfly": false,
        "longitude": 31.308611,
        "latitude": 41.766667
      },
      "geometry": {
        "type": "Point",
        "coordinates": [
          31.308611,
          41.766667
        ]
      }
    },
    {
      "type": "Feature",
      "id": "OKKK-ESSA:018",
      "properties": {
        "route_id": "OKKK-ESSA",
        "route_name": "OKKK-ESSA",
        "origin": "OKKK",
        "destination": "ESSA",
        "point_count": 40,
        "source_file": "OKKK-ESSA.gpx",
        "point_id": "OKKK-ESSA:018",
        "sequence": 18,
        "waypoint": "ERMUP",
        "point_role": "enroute",
        "overfly": false,
        "longitude": 31.022778,
        "latitude": 42.000556
      },
      "geometry": {
        "type": "Point",
        "coordinates": [
          31.022778,
          42.000556
        ]
      }
    },
    {
      "type": "Feature",
      "id": "OKKK-ESSA:019",
      "properties": {
        "route_id": "OKKK-ESSA",
        "route_name": "OKKK-ESSA",
        "origin": "OKKK",
        "destination": "ESSA",
        "point_count": 40,
        "source_file": "OKKK-ESSA.gpx",
        "point_id": "OKKK-ESSA:019",
        "sequence": 19,
        "waypoint": "RIXUB",
        "point_role": "enroute",
        "overfly": false,
        "longitude": 30.668889,
        "latitude": 42.287222
      },
      "geometry": {
        "type": "Point",
        "coordinates": [
          30.668889,
          42.287222
        ]
      }
    },
    {
      "type": "Feature",
      "id": "OKKK-ESSA:020",
      "properties": {
        "route_id": "OKKK-ESSA",
        "route_name": "OKKK-ESSA",
        "origin": "OKKK",
        "destination": "ESSA",
        "point_count": 40,
        "source_file": "OKKK-ESSA.gpx",
        "point_id": "OKKK-ESSA:020",
        "sequence": 20,
        "waypoint": "ODERO",
        "point_role": "enroute",
        "overfly": false,
        "longitude": 30.264444,
        "latitude": 42.610556
      },
      "geometry": {
        "type": "Point",
        "coordinates": [
          30.264444,
          42.610556
        ]
      }
    },
    {
      "type": "Feature",
      "id": "OKKK-ESSA:021",
      "properties": {
        "route_id": "OKKK-ESSA",
        "route_name": "OKKK-ESSA",
        "origin": "OKKK",
        "destination": "ESSA",
        "point_count": 40,
        "source_file": "OKKK-ESSA.gpx",
        "point_id": "OKKK-ESSA:021",
        "sequence": 21,
        "waypoint": "RORKI",
        "point_role": "enroute",
        "overfly": false,
        "longitude": 29.143333,
        "latitude": 43.096111
      },
      "geometry": {
        "type": "Point",
        "coordinates": [
          29.143333,
          43.096111
        ]
      }
    },
    {
      "type": "Feature",
      "id": "OKKK-ESSA:022",
      "properties": {
        "route_id": "OKKK-ESSA",
        "route_name": "OKKK-ESSA",
        "origin": "OKKK",
        "destination": "ESSA",
        "point_count": 40,
        "source_file": "OKKK-ESSA.gpx",
        "point_id": "OKKK-ESSA:022",
        "sequence": 22,
        "waypoint": "NEDSI",
        "point_role": "enroute",
        "overfly": false,
        "longitude": 28.556389,
        "latitude": 43.333611
      },
      "geometry": {
        "type": "Point",
        "coordinates": [
          28.556389,
          43.333611
        ]
      }
    },
    {
      "type": "Feature",
      "id": "OKKK-ESSA:023",
      "properties": {
        "route_id": "OKKK-ESSA",
        "route_name": "OKKK-ESSA",
        "origin": "OKKK",
        "destination": "ESSA",
        "point_count": 40,
        "source_file": "OKKK-ESSA.gpx",
        "point_id": "OKKK-ESSA:023",
        "sequence": 23,
        "waypoint": "MAXOV",
        "point_role": "enroute",
        "overfly": false,
        "longitude": 27.838611,
        "latitude": 43.609167
      },
      "geometry": {
        "type": "Point",
        "coordinates": [
          27.838611,
          43.609167
        ]
      }
    },
    {
      "type": "Feature",
      "id": "OKKK-ESSA:024",
      "properties": {
        "route_id": "OKKK-ESSA",
        "route_name": "OKKK-ESSA",
        "origin": "OKKK",
        "destination": "ESSA",
        "point_count": 40,
        "source_file": "OKKK-ESSA.gpx",
        "point_id": "OKKK-ESSA:024",
        "sequence": 24,
        "waypoint": "OSTAL",
        "point_role": "enroute",
        "overfly": false,
        "longitude": 26.772883,
        "latitude": 44.277917
      },
      "geometry": {
        "type": "Point",
        "coordinates": [
          26.772883,
          44.277917
        ]
      }
    },
    {
      "type": "Feature",
      "id": "OKKK-ESSA:025",
      "properties": {
        "route_id": "OKKK-ESSA",
        "route_name": "OKKK-ESSA",
        "origin": "OKKK",
        "destination": "ESSA",
        "point_count": 40,
        "source_file": "OKKK-ESSA.gpx",
        "point_id": "OKKK-ESSA:025",
        "sequence": 25,
        "waypoint": "TGM",
        "point_role": "enroute",
        "overfly": false,
        "longitude": 24.306583,
        "latitude": 46.446917
      },
      "geometry": {
        "type": "Point",
        "coordinates": [
          24.306583,
          46.446917
        ]
      }
    },
    {
      "type": "Feature",
      "id": "OKKK-ESSA:026",
      "properties": {
        "route_id": "OKKK-ESSA",
        "route_name": "OKKK-ESSA",
        "origin": "OKKK",
        "destination": "ESSA",
        "point_count": 40,
        "source_file": "OKKK-ESSA.gpx",
        "point_id": "OKKK-ESSA:026",
        "sequence": 26,
        "waypoint": "ANAVU",
        "point_role": "enroute",
        "overfly": false,
        "longitude": 23.3225,
        "latitude": 47.260833
      },
      "geometry": {
        "type": "Point",
        "coordinates": [
          23.3225,
          47.260833
        ]
      }
    },
    {
      "type": "Feature",
      "id": "OKKK-ESSA:027",
      "properties": {
        "route_id": "OKKK-ESSA",
        "route_name": "OKKK-ESSA",
        "origin": "OKKK",
        "destination": "ESSA",
        "point_count": 40,
        "source_file": "OKKK-ESSA.gpx",
        "point_id": "OKKK-ESSA:027",
        "sequence": 27,
        "waypoint": "KENIN",
        "point_role": "enroute",
        "overfly": false,
        "longitude": 21.927222,
        "latitude": 48.361667
      },
      "geometry": {
        "type": "Point",
        "coordinates": [
          21.927222,
          48.361667
        ]
      }
    },
    {
      "type": "Feature",
      "id": "OKKK-ESSA:028",
      "properties": {
        "route_id": "OKKK-ESSA",
        "route_name": "OKKK-ESSA",
        "origin": "OKKK",
        "destination": "ESSA",
        "point_count": 40,
        "source_file": "OKKK-ESSA.gpx",
        "point_id": "OKKK-ESSA:028",
        "sequence": 28,
        "waypoint": "PODAN",
        "point_role": "enroute",
        "overfly": false,
        "longitude": 21.439167,
        "latitude": 49.412778
      },
      "geometry": {
        "type": "Point",
        "coordinates": [
          21.439167,
          49.412778
        ]
      }
    },
    {
      "type": "Feature",
      "id": "OKKK-ESSA:029",
      "properties": {
        "route_id": "OKKK-ESSA",
        "route_name": "OKKK-ESSA",
        "origin": "OKKK",
        "destination": "ESSA",
        "point_count": 40,
        "source_file": "OKKK-ESSA.gpx",
        "point_id": "OKKK-ESSA:029",
        "sequence": 29,
        "waypoint": "OSBUG",
        "point_role": "enroute",
        "overfly": false,
        "longitude": 21.014444,
        "latitude": 50.133333
      },
      "geometry": {
        "type": "Point",
        "coordinates": [
          21.014444,
          50.133333
        ]
      }
    },
    {
      "type": "Feature",
      "id": "OKKK-ESSA:030",
      "properties": {
        "route_id": "OKKK-ESSA",
        "route_name": "OKKK-ESSA",
        "origin": "OKKK",
        "destination": "ESSA",
        "point_count": 40,
        "source_file": "OKKK-ESSA.gpx",
        "point_id": "OKKK-ESSA:030",
        "sequence": 30,
        "waypoint": "RUXOM",
        "point_role": "enroute",
        "overfly": false,
        "longitude": 20.274944,
        "latitude": 51.224111
      },
      "geometry": {
        "type": "Point",
        "coordinates": [
          20.274944,
          51.224111
        ]
      }
    },
    {
      "type": "Feature",
      "id": "OKKK-ESSA:031",
      "properties": {
        "route_id": "OKKK-ESSA",
        "route_name": "OKKK-ESSA",
        "origin": "OKKK",
        "destination": "ESSA",
        "point_count": 40,
        "source_file": "OKKK-ESSA.gpx",
        "point_id": "OKKK-ESSA:031",
        "sequence": 31,
        "waypoint": "AGAVA",
        "point_role": "enroute",
        "overfly": false,
        "longitude": 19.96075,
        "latitude": 51.581417
      },
      "geometry": {
        "type": "Point",
        "coordinates": [
          19.96075,
          51.581417
        ]
      }
    },
    {
      "type": "Feature",
      "id": "OKKK-ESSA:032",
      "properties": {
        "route_id": "OKKK-ESSA",
        "route_name": "OKKK-ESSA",
        "origin": "OKKK",
        "destination": "ESSA",
        "point_count": 40,
        "source_file": "OKKK-ESSA.gpx",
        "point_id": "OKKK-ESSA:032",
        "sequence": 32,
        "waypoint": "PENEX",
        "point_role": "enroute",
        "overfly": false,
        "longitude": 19.277222,
        "latitude": 52.563056
      },
      "geometry": {
        "type": "Point",
        "coordinates": [
          19.277222,
          52.563056
        ]
      }
    },
    {
      "type": "Feature",
      "id": "OKKK-ESSA:033",
      "properties": {
        "route_id": "OKKK-ESSA",
        "route_name": "OKKK-ESSA",
        "origin": "OKKK",
        "destination": "ESSA",
        "point_count": 40,
        "source_file": "OKKK-ESSA.gpx",
        "point_id": "OKKK-ESSA:033",
        "sequence": 33,
        "waypoint": "IRLUN",
        "point_role": "enroute",
        "overfly": false,
        "longitude": 18.614861,
        "latitude": 53.750583
      },
      "geometry": {
        "type": "Point",
        "coordinates": [
          18.614861,
          53.750583
        ]
      }
    },
    {
      "type": "Feature",
      "id": "OKKK-ESSA:034",
      "properties": {
        "route_id": "OKKK-ESSA",
        "route_name": "OKKK-ESSA",
        "origin": "OKKK",
        "destination": "ESSA",
        "point_count": 40,
        "source_file": "OKKK-ESSA.gpx",
        "point_id": "OKKK-ESSA:034",
        "sequence": 34,
        "waypoint": "KARTI",
        "point_role": "enroute",
        "overfly": false,
        "longitude": 18.208056,
        "latitude": 54.299722
      },
      "geometry": {
        "type": "Point",
        "coordinates": [
          18.208056,
          54.299722
        ]
      }
    },
    {
      "type": "Feature",
      "id": "OKKK-ESSA:035",
      "properties": {
        "route_id": "OKKK-ESSA",
        "route_name": "OKKK-ESSA",
        "origin": "OKKK",
        "destination": "ESSA",
        "point_count": 40,
        "source_file": "OKKK-ESSA.gpx",
        "point_id": "OKKK-ESSA:035",
        "sequence": 35,
        "waypoint": "MOTAD",
        "point_role": "enroute",
        "overfly": false,
        "longitude": 17.505556,
        "latitude": 55.209444
      },
      "geometry": {
        "type": "Point",
        "coordinates": [
          17.505556,
          55.209444
        ]
      }
    },
    {
      "type": "Feature",
      "id": "OKKK-ESSA:036",
      "properties": {
        "route_id": "OKKK-ESSA",
        "route_name": "OKKK-ESSA",
        "origin": "OKKK",
        "destination": "ESSA",
        "point_count": 40,
        "source_file": "OKKK-ESSA.gpx",
        "point_id": "OKKK-ESSA:036",
        "sequence": 36,
        "waypoint": "PENOR",
        "point_role": "enroute",
        "overfly": false,
        "longitude": 17.161389,
        "latitude": 55.638611
      },
      "geometry": {
        "type": "Point",
        "coordinates": [
          17.161389,
          55.638611
        ]
      }
    },
    {
      "type": "Feature",
      "id": "OKKK-ESSA:037",
      "properties": {
        "route_id": "OKKK-ESSA",
        "route_name": "OKKK-ESSA",
        "origin": "OKKK",
        "destination": "ESSA",
        "point_count": 40,
        "source_file": "OKKK-ESSA.gpx",
        "point_id": "OKKK-ESSA:037",
        "sequence": 37,
        "waypoint": "TESPO",
        "point_role": "enroute",
        "overfly": false,
        "longitude": 17.228611,
        "latitude": 56.337778
      },
      "geometry": {
        "type": "Point",
        "coordinates": [
          17.228611,
          56.337778
        ]
      }
    },
    {
      "type": "Feature",
      "id": "OKKK-ESSA:038",
      "properties": {
        "route_id": "OKKK-ESSA",
        "route_name": "OKKK-ESSA",
        "origin": "OKKK",
        "destination": "ESSA",
        "point_count": 40,
        "source_file": "OKKK-ESSA.gpx",
        "point_id": "OKKK-ESSA:038",
        "sequence": 38,
        "waypoint": "DISRU",
        "point_role": "enroute",
        "overfly": false,
        "longitude": 17.733611,
        "latitude": 58.597222
      },
      "geometry": {
        "type": "Point",
        "coordinates": [
          17.733611,
          58.597222
        ]
      }
    },
    {
      "type": "Feature",
      "id": "OKKK-ESSA:039",
      "properties": {
        "route_id": "OKKK-ESSA",
        "route_name": "OKKK-ESSA",
        "origin": "OKKK",
        "destination": "ESSA",
        "point_count": 40,
        "source_file": "OKKK-ESSA.gpx",
        "point_id": "OKKK-ESSA:039",
        "sequence": 39,
        "waypoint": "NILUG",
        "point_role": "enroute",
        "overfly": false,
        "longitude": 17.884722,
        "latitude": 58.815833
      },
      "geometry": {
        "type": "Point",
        "coordinates": [
          17.884722,
          58.815833
        ]
      }
    },
    {
      "type": "Feature",
      "id": "OKKK-ESSA:040",
      "properties": {
        "route_id": "OKKK-ESSA",
        "route_name": "OKKK-ESSA",
        "origin": "OKKK",
        "destination": "ESSA",
        "point_count": 40,
        "source_file": "OKKK-ESSA.gpx",
        "point_id": "OKKK-ESSA:040",
        "sequence": 40,
        "waypoint": "ESSA",
        "point_role": "destination",
        "overfly": false,
        "longitude": 17.918611,
        "latitude": 59.651944
      },
      "geometry": {
        "type": "Point",
        "coordinates": [
          17.918611,
          59.651944
        ]
      }
    },
    {
      "type": "Feature",
      "id": "OKKK-LGAV:001",
      "properties": {
        "route_id": "OKKK-LGAV",
        "route_name": "OKKK-LGAV",
        "origin": "OKKK",
        "destination": "LGAV",
        "point_count": 33,
        "source_file": "OKKK-LGAV.gpx",
        "point_id": "OKKK-LGAV:001",
        "sequence": 1,
        "waypoint": "OKKK",
        "point_role": "origin",
        "overfly": false,
        "longitude": 47.979953,
        "latitude": 29.226767
      },
      "geometry": {
        "type": "Point",
        "coordinates": [
          47.979953,
          29.226767
        ]
      }
    },
    {
      "type": "Feature",
      "id": "OKKK-LGAV:002",
      "properties": {
        "route_id": "OKKK-LGAV",
        "route_name": "OKKK-LGAV",
        "origin": "OKKK",
        "destination": "LGAV",
        "point_count": 33,
        "source_file": "OKKK-LGAV.gpx",
        "point_id": "OKKK-LGAV:002",
        "sequence": 2,
        "waypoint": "NIDAP",
        "point_role": "enroute",
        "overfly": false,
        "longitude": 47.615556,
        "latitude": 28.649167
      },
      "geometry": {
        "type": "Point",
        "coordinates": [
          47.615556,
          28.649167
        ]
      }
    },
    {
      "type": "Feature",
      "id": "OKKK-LGAV:003",
      "properties": {
        "route_id": "OKKK-LGAV",
        "route_name": "OKKK-LGAV",
        "origin": "OKKK",
        "destination": "LGAV",
        "point_count": 33,
        "source_file": "OKKK-LGAV.gpx",
        "point_id": "OKKK-LGAV:003",
        "sequence": 3,
        "waypoint": "BOSID",
        "point_role": "enroute",
        "overfly": false,
        "longitude": 46.874444,
        "latitude": 28.709444
      },
      "geometry": {
        "type": "Point",
        "coordinates": [
          46.874444,
          28.709444
        ]
      }
    },
    {
      "type": "Feature",
      "id": "OKKK-LGAV:004",
      "properties": {
        "route_id": "OKKK-LGAV",
        "route_name": "OKKK-LGAV",
        "origin": "OKKK",
        "destination": "LGAV",
        "point_count": 33,
        "source_file": "OKKK-LGAV.gpx",
        "point_id": "OKKK-LGAV:004",
        "sequence": 4,
        "waypoint": "SIBSA",
        "point_role": "enroute",
        "overfly": false,
        "longitude": 46.335,
        "latitude": 28.751667
      },
      "geometry": {
        "type": "Point",
        "coordinates": [
          46.335,
          28.751667
        ]
      }
    },
    {
      "type": "Feature",
      "id": "OKKK-LGAV:005",
      "properties": {
        "route_id": "OKKK-LGAV",
        "route_name": "OKKK-LGAV",
        "origin": "OKKK",
        "destination": "LGAV",
        "point_count": 33,
        "source_file": "OKKK-LGAV.gpx",
        "point_id": "OKKK-LGAV:005",
        "sequence": 5,
        "waypoint": "LAKSO",
        "point_role": "enroute",
        "overfly": false,
        "longitude": 45.691389,
        "latitude": 28.7975
      },
      "geometry": {
        "type": "Point",
        "coordinates": [
          45.691389,
          28.7975
        ]
      }
    },
    {
      "type": "Feature",
      "id": "OKKK-LGAV:006",
      "properties": {
        "route_id": "OKKK-LGAV",
        "route_name": "OKKK-LGAV",
        "origin": "OKKK",
        "destination": "LGAV",
        "point_count": 33,
        "source_file": "OKKK-LGAV.gpx",
        "point_id": "OKKK-LGAV:006",
        "sequence": 6,
        "waypoint": "VATIM",
        "point_role": "enroute",
        "overfly": false,
        "longitude": 44.745278,
        "latitude": 28.86
      },
      "geometry": {
        "type": "Point",
        "coordinates": [
          44.745278,
          28.86
        ]
      }
    },
    {
      "type": "Feature",
      "id": "OKKK-LGAV:007",
      "properties": {
        "route_id": "OKKK-LGAV",
        "route_name": "OKKK-LGAV",
        "origin": "OKKK",
        "destination": "LGAV",
        "point_count": 33,
        "source_file": "OKKK-LGAV.gpx",
        "point_id": "OKKK-LGAV:007",
        "sequence": 7,
        "waypoint": "RASMO",
        "point_role": "enroute",
        "overfly": false,
        "longitude": 43.521944,
        "latitude": 28.953611
      },
      "geometry": {
        "type": "Point",
        "coordinates": [
          43.521944,
          28.953611
        ]
      }
    },
    {
      "type": "Feature",
      "id": "OKKK-LGAV:008",
      "properties": {
        "route_id": "OKKK-LGAV",
        "route_name": "OKKK-LGAV",
        "origin": "OKKK",
        "destination": "LGAV",
        "point_count": 33,
        "source_file": "OKKK-LGAV.gpx",
        "point_id": "OKKK-LGAV:008",
        "sequence": 8,
        "waypoint": "ORSAL",
        "point_role": "enroute",
        "overfly": false,
        "longitude": 42.185278,
        "latitude": 29.043056
      },
      "geometry": {
        "type": "Point",
        "coordinates": [
          42.185278,
          29.043056
        ]
      }
    },
    {
      "type": "Feature",
      "id": "OKKK-LGAV:009",
      "properties": {
        "route_id": "OKKK-LGAV",
        "route_name": "OKKK-LGAV",
        "origin": "OKKK",
        "destination": "LGAV",
        "point_count": 33,
        "source_file": "OKKK-LGAV.gpx",
        "point_id": "OKKK-LGAV:009",
        "sequence": 9,
        "waypoint": "TOLDI",
        "point_role": "enroute",
        "overfly": false,
        "longitude": 41.939167,
        "latitude": 29.058056
      },
      "geometry": {
        "type": "Point",
        "coordinates": [
          41.939167,
          29.058056
        ]
      }
    },
    {
      "type": "Feature",
      "id": "OKKK-LGAV:010",
      "properties": {
        "route_id": "OKKK-LGAV",
        "route_name": "OKKK-LGAV",
        "origin": "OKKK",
        "destination": "LGAV",
        "point_count": 33,
        "source_file": "OKKK-LGAV.gpx",
        "point_id": "OKKK-LGAV:010",
        "sequence": 10,
        "waypoint": "NORGI",
        "point_role": "enroute",
        "overfly": false,
        "longitude": 41.429444,
        "latitude": 29.0875
      },
      "geometry": {
        "type": "Point",
        "coordinates": [
          41.429444,
          29.0875
        ]
      }
    },
    {
      "type": "Feature",
      "id": "OKKK-LGAV:011",
      "properties": {
        "route_id": "OKKK-LGAV",
        "route_name": "OKKK-LGAV",
        "origin": "OKKK",
        "destination": "LGAV",
        "point_count": 33,
        "source_file": "OKKK-LGAV.gpx",
        "point_id": "OKKK-LGAV:011",
        "sequence": 11,
        "waypoint": "ULAKO",
        "point_role": "enroute",
        "overfly": false,
        "longitude": 40.577778,
        "latitude": 29.132778
      },
      "geometry": {
        "type": "Point",
        "coordinates": [
          40.577778,
          29.132778
        ]
      }
    },
    {
      "type": "Feature",
      "id": "OKKK-LGAV:012",
      "properties": {
        "route_id": "OKKK-LGAV",
        "route_name": "OKKK-LGAV",
        "origin": "OKKK",
        "destination": "LGAV",
        "point_count": 33,
        "source_file": "OKKK-LGAV.gpx",
        "point_id": "OKKK-LGAV:012",
        "sequence": 12,
        "waypoint": "NIMAR",
        "point_role": "enroute",
        "overfly": false,
        "longitude": 39.906944,
        "latitude": 29.109722
      },
      "geometry": {
        "type": "Point",
        "coordinates": [
          39.906944,
          29.109722
        ]
      }
    },
    {
      "type": "Feature",
      "id": "OKKK-LGAV:013",
      "properties": {
        "route_id": "OKKK-LGAV",
        "route_name": "OKKK-LGAV",
        "origin": "OKKK",
        "destination": "LGAV",
        "point_count": 33,
        "source_file": "OKKK-LGAV.gpx",
        "point_id": "OKKK-LGAV:013",
        "sequence": 13,
        "waypoint": "ENABI",
        "point_role": "enroute",
        "overfly": false,
        "longitude": 38.930556,
        "latitude": 29.110833
      },
      "geometry": {
        "type": "Point",
        "coordinates": [
          38.930556,
          29.110833
        ]
      }
    },
    {
      "type": "Feature",
      "id": "OKKK-LGAV:014",
      "properties": {
        "route_id": "OKKK-LGAV",
        "route_name": "OKKK-LGAV",
        "origin": "OKKK",
        "destination": "LGAV",
        "point_count": 33,
        "source_file": "OKKK-LGAV.gpx",
        "point_id": "OKKK-LGAV:014",
        "sequence": 14,
        "waypoint": "ASTUM",
        "point_role": "enroute",
        "overfly": false,
        "longitude": 38.376944,
        "latitude": 29.107778
      },
      "geometry": {
        "type": "Point",
        "coordinates": [
          38.376944,
          29.107778
        ]
      }
    },
    {
      "type": "Feature",
      "id": "OKKK-LGAV:015",
      "properties": {
        "route_id": "OKKK-LGAV",
        "route_name": "OKKK-LGAV",
        "origin": "OKKK",
        "destination": "LGAV",
        "point_count": 33,
        "source_file": "OKKK-LGAV.gpx",
        "point_id": "OKKK-LGAV:015",
        "sequence": 15,
        "waypoint": "OBNAK",
        "point_role": "enroute",
        "overfly": false,
        "longitude": 37.508889,
        "latitude": 29.098333
      },
      "geometry": {
        "type": "Point",
        "coordinates": [
          37.508889,
          29.098333
        ]
      }
    },
    {
      "type": "Feature",
      "id": "OKKK-LGAV:016",
      "properties": {
        "route_id": "OKKK-LGAV",
        "route_name": "OKKK-LGAV",
        "origin": "OKKK",
        "destination": "LGAV",
        "point_count": 33,
        "source_file": "OKKK-LGAV.gpx",
        "point_id": "OKKK-LGAV:016",
        "sequence": 16,
        "waypoint": "EGSIS",
        "point_role": "enroute",
        "overfly": false,
        "longitude": 36.480556,
        "latitude": 29.0875
      },
      "geometry": {
        "type": "Point",
        "coordinates": [
          36.480556,
          29.0875
        ]
      }
    },
    {
      "type": "Feature",
      "id": "OKKK-LGAV:017",
      "properties": {
        "route_id": "OKKK-LGAV",
        "route_name": "OKKK-LGAV",
        "origin": "OKKK",
        "destination": "LGAV",
        "point_count": 33,
        "source_file": "OKKK-LGAV.gpx",
        "point_id": "OKKK-LGAV:017",
        "sequence": 17,
        "waypoint": "RUKET",
        "point_role": "enroute",
        "overfly": false,
        "longitude": 34.847222,
        "latitude": 29.034722
      },
      "geometry": {
        "type": "Point",
        "coordinates": [
          34.847222,
          29.034722
        ]
      }
    },
    {
      "type": "Feature",
      "id": "OKKK-LGAV:018",
      "properties": {
        "route_id": "OKKK-LGAV",
        "route_name": "OKKK-LGAV",
        "origin": "OKKK",
        "destination": "LGAV",
        "point_count": 33,
        "source_file": "OKKK-LGAV.gpx",
        "point_id": "OKKK-LGAV:018",
        "sequence": 18,
        "waypoint": "KITIT",
        "point_role": "enroute",
        "overfly": false,
        "longitude": 34.758056,
        "latitude": 29.033333
      },
      "geometry": {
        "type": "Point",
        "coordinates": [
          34.758056,
          29.033333
        ]
      }
    },
    {
      "type": "Feature",
      "id": "OKKK-LGAV:019",
      "properties": {
        "route_id": "OKKK-LGAV",
        "route_name": "OKKK-LGAV",
        "origin": "OKKK",
        "destination": "LGAV",
        "point_count": 33,
        "source_file": "OKKK-LGAV.gpx",
        "point_id": "OKKK-LGAV:019",
        "sequence": 19,
        "waypoint": "NOVPA",
        "point_role": "enroute",
        "overfly": false,
        "longitude": 34.671111,
        "latitude": 29.032222
      },
      "geometry": {
        "type": "Point",
        "coordinates": [
          34.671111,
          29.032222
        ]
      }
    },
    {
      "type": "Feature",
      "id": "OKKK-LGAV:020",
      "properties": {
        "route_id": "OKKK-LGAV",
        "route_name": "OKKK-LGAV",
        "origin": "OKKK",
        "destination": "LGAV",
        "point_count": 33,
        "source_file": "OKKK-LGAV.gpx",
        "point_id": "OKKK-LGAV:020",
        "sequence": 20,
        "waypoint": "SIMSA",
        "point_role": "enroute",
        "overfly": false,
        "longitude": 33.954444,
        "latitude": 29.241111
      },
      "geometry": {
        "type": "Point",
        "coordinates": [
          33.954444,
          29.241111
        ]
      }
    },
    {
      "type": "Feature",
      "id": "OKKK-LGAV:021",
      "properties": {
        "route_id": "OKKK-LGAV",
        "route_name": "OKKK-LGAV",
        "origin": "OKKK",
        "destination": "LGAV",
        "point_count": 33,
        "source_file": "OKKK-LGAV.gpx",
        "point_id": "OKKK-LGAV:021",
        "sequence": 21,
        "waypoint": "SISIK",
        "point_role": "enroute",
        "overfly": false,
        "longitude": 32.685,
        "latitude": 29.6
      },
      "geometry": {
        "type": "Point",
        "coordinates": [
          32.685,
          29.6
        ]
      }
    },
    {
      "type": "Feature",
      "id": "OKKK-LGAV:022",
      "properties": {
        "route_id": "OKKK-LGAV",
        "route_name": "OKKK-LGAV",
        "origin": "OKKK",
        "destination": "LGAV",
        "point_count": 33,
        "source_file": "OKKK-LGAV.gpx",
        "point_id": "OKKK-LGAV:022",
        "sequence": 22,
        "waypoint": "MENLI",
        "point_role": "enroute",
        "overfly": false,
        "longitude": 31.868333,
        "latitude": 29.783333
      },
      "geometry": {
        "type": "Point",
        "coordinates": [
          31.868333,
          29.783333
        ]
      }
    },
    {
      "type": "Feature",
      "id": "OKKK-LGAV:023",
      "properties": {
        "route_id": "OKKK-LGAV",
        "route_name": "OKKK-LGAV",
        "origin": "OKKK",
        "destination": "LGAV",
        "point_count": 33,
        "source_file": "OKKK-LGAV.gpx",
        "point_id": "OKKK-LGAV:023",
        "sequence": 23,
        "waypoint": "GESON",
        "point_role": "enroute",
        "overfly": false,
        "longitude": 31.663056,
        "latitude": 29.915
      },
      "geometry": {
        "type": "Point",
        "coordinates": [
          31.663056,
          29.915
        ]
      }
    },
    {
      "type": "Feature",
      "id": "OKKK-LGAV:024",
      "properties": {
        "route_id": "OKKK-LGAV",
        "route_name": "OKKK-LGAV",
        "origin": "OKKK",
        "destination": "LGAV",
        "point_count": 33,
        "source_file": "OKKK-LGAV.gpx",
        "point_id": "OKKK-LGAV:024",
        "sequence": 24,
        "waypoint": "CVO",
        "point_role": "enroute",
        "overfly": false,
        "longitude": 31.388417,
        "latitude": 30.092306
      },
      "geometry": {
        "type": "Point",
        "coordinates": [
          31.388417,
          30.092306
        ]
      }
    },
    {
      "type": "Feature",
      "id": "OKKK-LGAV:025",
      "properties": {
        "route_id": "OKKK-LGAV",
        "route_name": "OKKK-LGAV",
        "origin": "OKKK",
        "destination": "LGAV",
        "point_count": 33,
        "source_file": "OKKK-LGAV.gpx",
        "point_id": "OKKK-LGAV:025",
        "sequence": 25,
        "waypoint": "MENKU",
        "point_role": "enroute",
        "overfly": false,
        "longitude": 30.301667,
        "latitude": 31.091944
      },
      "geometry": {
        "type": "Point",
        "coordinates": [
          30.301667,
          31.091944
        ]
      }
    },
    {
      "type": "Feature",
      "id": "OKKK-LGAV:026",
      "properties": {
        "route_id": "OKKK-LGAV",
        "route_name": "OKKK-LGAV",
        "origin": "OKKK",
        "destination": "LGAV",
        "point_count": 33,
        "source_file": "OKKK-LGAV.gpx",
        "point_id": "OKKK-LGAV:026",
        "sequence": 26,
        "waypoint": "NOZ",
        "point_role": "enroute",
        "overfly": false,
        "longitude": 29.950833,
        "latitude": 31.1875
      },
      "geometry": {
        "type": "Point",
        "coordinates": [
          29.950833,
          31.1875
        ]
      }
    },
    {
      "type": "Feature",
      "id": "OKKK-LGAV:027",
      "properties": {
        "route_id": "OKKK-LGAV",
        "route_name": "OKKK-LGAV",
        "origin": "OKKK",
        "destination": "LGAV",
        "point_count": 33,
        "source_file": "OKKK-LGAV.gpx",
        "point_id": "OKKK-LGAV:027",
        "sequence": 27,
        "waypoint": "SOBAX",
        "point_role": "enroute",
        "overfly": false,
        "longitude": 29.309722,
        "latitude": 31.585556
      },
      "geometry": {
        "type": "Point",
        "coordinates": [
          29.309722,
          31.585556
        ]
      }
    },
    {
      "type": "Feature",
      "id": "OKKK-LGAV:028",
      "properties": {
        "route_id": "OKKK-LGAV",
        "route_name": "OKKK-LGAV",
        "origin": "OKKK",
        "destination": "LGAV",
        "point_count": 33,
        "source_file": "OKKK-LGAV.gpx",
        "point_id": "OKKK-LGAV:028",
        "sequence": 28,
        "waypoint": "NABSI",
        "point_role": "enroute",
        "overfly": false,
        "longitude": 29.071944,
        "latitude": 31.731111
      },
      "geometry": {
        "type": "Point",
        "coordinates": [
          29.071944,
          31.731111
        ]
      }
    },
    {
      "type": "Feature",
      "id": "OKKK-LGAV:029",
      "properties": {
        "route_id": "OKKK-LGAV",
        "route_name": "OKKK-LGAV",
        "origin": "OKKK",
        "destination": "LGAV",
        "point_count": 33,
        "source_file": "OKKK-LGAV.gpx",
        "point_id": "OKKK-LGAV:029",
        "sequence": 29,
        "waypoint": "TANSA",
        "point_role": "enroute",
        "overfly": false,
        "longitude": 26.816667,
        "latitude": 34.0
      },
      "geometry": {
        "type": "Point",
        "coordinates": [
          26.816667,
          34.0
        ]
      }
    },
    {
      "type": "Feature",
      "id": "OKKK-LGAV:030",
      "properties": {
        "route_id": "OKKK-LGAV",
        "route_name": "OKKK-LGAV",
        "origin": "OKKK",
        "destination": "LGAV",
        "point_count": 33,
        "source_file": "OKKK-LGAV.gpx",
        "point_id": "OKKK-LGAV:030",
        "sequence": 30,
        "waypoint": "AMAXI",
        "point_role": "enroute",
        "overfly": false,
        "longitude": 25.782778,
        "latitude": 35.097778
      },
      "geometry": {
        "type": "Point",
        "coordinates": [
          25.782778,
          35.097778
        ]
      }
    },
    {
      "type": "Feature",
      "id": "OKKK-LGAV:031",
      "properties": {
        "route_id": "OKKK-LGAV",
        "route_name": "OKKK-LGAV",
        "origin": "OKKK",
        "destination": "LGAV",
        "point_count": 33,
        "source_file": "OKKK-LGAV.gpx",
        "point_id": "OKKK-LGAV:031",
        "sequence": 31,
        "waypoint": "MIL",
        "point_role": "enroute",
        "overfly": false,
        "longitude": 24.519456,
        "latitude": 36.747508
      },
      "geometry": {
        "type": "Point",
        "coordinates": [
          24.519456,
          36.747508
        ]
      }
    },
    {
      "type": "Feature",
      "id": "OKKK-LGAV:032",
      "properties": {
        "route_id": "OKKK-LGAV",
        "route_name": "OKKK-LGAV",
        "origin": "OKKK",
        "destination": "LGAV",
        "point_count": 33,
        "source_file": "OKKK-LGAV.gpx",
        "point_id": "OKKK-LGAV:032",
        "sequence": 32,
        "waypoint": "BADEL",
        "point_role": "enroute",
        "overfly": false,
        "longitude": 24.073889,
        "latitude": 37.000556
      },
      "geometry": {
        "type": "Point",
        "coordinates": [
          24.073889,
          37.000556
        ]
      }
    },
    {
      "type": "Feature",
      "id": "OKKK-LGAV:033",
      "properties": {
        "route_id": "OKKK-LGAV",
        "route_name": "OKKK-LGAV",
        "origin": "OKKK",
        "destination": "LGAV",
        "point_count": 33,
        "source_file": "OKKK-LGAV.gpx",
        "point_id": "OKKK-LGAV:033",
        "sequence": 33,
        "waypoint": "LGAV",
        "point_role": "destination",
        "overfly": false,
        "longitude": 23.9445,
        "latitude": 37.9367
      },
      "geometry": {
        "type": "Point",
        "coordinates": [
          23.9445,
          37.9367
        ]
      }
    },
    {
      "type": "Feature",
      "id": "OKKK-LHBP:001",
      "properties": {
        "route_id": "OKKK-LHBP",
        "route_name": "OKKK-LHBP",
        "origin": "OKKK",
        "destination": "LHBP",
        "point_count": 31,
        "source_file": "OKKK-LHBP.gpx",
        "point_id": "OKKK-LHBP:001",
        "sequence": 1,
        "waypoint": "OKKK",
        "point_role": "origin",
        "overfly": false,
        "longitude": 47.979953,
        "latitude": 29.226767
      },
      "geometry": {
        "type": "Point",
        "coordinates": [
          47.979953,
          29.226767
        ]
      }
    },
    {
      "type": "Feature",
      "id": "OKKK-LHBP:002",
      "properties": {
        "route_id": "OKKK-LHBP",
        "route_name": "OKKK-LHBP",
        "origin": "OKKK",
        "destination": "LHBP",
        "point_count": 31,
        "source_file": "OKKK-LHBP.gpx",
        "point_id": "OKKK-LHBP:002",
        "sequence": 2,
        "waypoint": "TASMI",
        "point_role": "enroute",
        "overfly": false,
        "longitude": 47.918056,
        "latitude": 30.022222
      },
      "geometry": {
        "type": "Point",
        "coordinates": [
          47.918056,
          30.022222
        ]
      }
    },
    {
      "type": "Feature",
      "id": "OKKK-LHBP:003",
      "properties": {
        "route_id": "OKKK-LHBP",
        "route_name": "OKKK-LHBP",
        "origin": "OKKK",
        "destination": "LHBP",
        "point_count": 31,
        "source_file": "OKKK-LHBP.gpx",
        "point_id": "OKKK-LHBP:003",
        "sequence": 3,
        "waypoint": "GADSI",
        "point_role": "enroute",
        "overfly": false,
        "longitude": 47.187778,
        "latitude": 30.566111
      },
      "geometry": {
        "type": "Point",
        "coordinates": [
          47.187778,
          30.566111
        ]
      }
    },
    {
      "type": "Feature",
      "id": "OKKK-LHBP:004",
      "properties": {
        "route_id": "OKKK-LHBP",
        "route_name": "OKKK-LHBP",
        "origin": "OKKK",
        "destination": "LHBP",
        "point_count": 31,
        "source_file": "OKKK-LHBP.gpx",
        "point_id": "OKKK-LHBP:004",
        "sequence": 4,
        "waypoint": "ALPET",
        "point_role": "enroute",
        "overfly": false,
        "longitude": 46.312222,
        "latitude": 31.205278
      },
      "geometry": {
        "type": "Point",
        "coordinates": [
          46.312222,
          31.205278
        ]
      }
    },
    {
      "type": "Feature",
      "id": "OKKK-LHBP:005",
      "properties": {
        "route_id": "OKKK-LHBP",
        "route_name": "OKKK-LHBP",
        "origin": "OKKK",
        "destination": "LHBP",
        "point_count": 31,
        "source_file": "OKKK-LHBP.gpx",
        "point_id": "OKKK-LHBP:005",
        "sequence": 5,
        "waypoint": "DEBNI",
        "point_role": "enroute",
        "overfly": false,
        "longitude": 44.28415,
        "latitude": 33.17045
      },
      "geometry": {
        "type": "Point",
        "coordinates": [
          44.28415,
          33.17045
        ]
      }
    },
    {
      "type": "Feature",
      "id": "OKKK-LHBP:006",
      "properties": {
        "route_id": "OKKK-LHBP",
        "route_name": "OKKK-LHBP",
        "origin": "OKKK",
        "destination": "LHBP",
        "point_count": 31,
        "source_file": "OKKK-LHBP.gpx",
        "point_id": "OKKK-LHBP:006",
        "sequence": 6,
        "waypoint": "LAGLO",
        "point_role": "enroute",
        "overfly": false,
        "longitude": 44.249167,
        "latitude": 33.260833
      },
      "geometry": {
        "type": "Point",
        "coordinates": [
          44.249167,
          33.260833
        ]
      }
    },
    {
      "type": "Feature",
      "id": "OKKK-LHBP:007",
      "properties": {
        "route_id": "OKKK-LHBP",
        "route_name": "OKKK-LHBP",
        "origin": "OKKK",
        "destination": "LHBP",
        "point_count": 31,
        "source_file": "OKKK-LHBP.gpx",
        "point_id": "OKKK-LHBP:007",
        "sequence": 7,
        "waypoint": "TAGRU",
        "point_role": "enroute",
        "overfly": false,
        "longitude": 44.138056,
        "latitude": 34.499722
      },
      "geometry": {
        "type": "Point",
        "coordinates": [
          44.138056,
          34.499722
        ]
      }
    },
    {
      "type": "Feature",
      "id": "OKKK-LHBP:008",
      "properties": {
        "route_id": "OKKK-LHBP",
        "route_name": "OKKK-LHBP",
        "origin": "OKKK",
        "destination": "LHBP",
        "point_count": 31,
        "source_file": "OKKK-LHBP.gpx",
        "point_id": "OKKK-LHBP:008",
        "sequence": 8,
        "waypoint": "UMESA",
        "point_role": "enroute",
        "overfly": false,
        "longitude": 43.718611,
        "latitude": 35.294722
      },
      "geometry": {
        "type": "Point",
        "coordinates": [
          43.718611,
          35.294722
        ]
      }
    },
    {
      "type": "Feature",
      "id": "OKKK-LHBP:009",
      "properties": {
        "route_id": "OKKK-LHBP",
        "route_name": "OKKK-LHBP",
        "origin": "OKKK",
        "destination": "LHBP",
        "point_count": 31,
        "source_file": "OKKK-LHBP.gpx",
        "point_id": "OKKK-LHBP:009",
        "sequence": 9,
        "waypoint": "SEVKU",
        "point_role": "enroute",
        "overfly": false,
        "longitude": 43.287778,
        "latitude": 36.096667
      },
      "geometry": {
        "type": "Point",
        "coordinates": [
          43.287778,
          36.096667
        ]
      }
    },
    {
      "type": "Feature",
      "id": "OKKK-LHBP:010",
      "properties": {
        "route_id": "OKKK-LHBP",
        "route_name": "OKKK-LHBP",
        "origin": "OKKK",
        "destination": "LHBP",
        "point_count": 31,
        "source_file": "OKKK-LHBP.gpx",
        "point_id": "OKKK-LHBP:010",
        "sequence": 10,
        "waypoint": "EMIDO",
        "point_role": "enroute",
        "overfly": false,
        "longitude": 42.915,
        "latitude": 36.77
      },
      "geometry": {
        "type": "Point",
        "coordinates": [
          42.915,
          36.77
        ]
      }
    },
    {
      "type": "Feature",
      "id": "OKKK-LHBP:011",
      "properties": {
        "route_id": "OKKK-LHBP",
        "route_name": "OKKK-LHBP",
        "origin": "OKKK",
        "destination": "LHBP",
        "point_count": 31,
        "source_file": "OKKK-LHBP.gpx",
        "point_id": "OKKK-LHBP:011",
        "sequence": 11,
        "waypoint": "KABAN",
        "point_role": "enroute",
        "overfly": false,
        "longitude": 42.649722,
        "latitude": 37.248889
      },
      "geometry": {
        "type": "Point",
        "coordinates": [
          42.649722,
          37.248889
        ]
      }
    },
    {
      "type": "Feature",
      "id": "OKKK-LHBP:012",
      "properties": {
        "route_id": "OKKK-LHBP",
        "route_name": "OKKK-LHBP",
        "origin": "OKKK",
        "destination": "LHBP",
        "point_count": 31,
        "source_file": "OKKK-LHBP.gpx",
        "point_id": "OKKK-LHBP:012",
        "sequence": 12,
        "waypoint": "SUMAP",
        "point_role": "enroute",
        "overfly": false,
        "longitude": 40.606583,
        "latitude": 38.117194
      },
      "geometry": {
        "type": "Point",
        "coordinates": [
          40.606583,
          38.117194
        ]
      }
    },
    {
      "type": "Feature",
      "id": "OKKK-LHBP:013",
      "properties": {
        "route_id": "OKKK-LHBP",
        "route_name": "OKKK-LHBP",
        "origin": "OKKK",
        "destination": "LHBP",
        "point_count": 31,
        "source_file": "OKKK-LHBP.gpx",
        "point_id": "OKKK-LHBP:013",
        "sequence": 13,
        "waypoint": "BULUT",
        "point_role": "enroute",
        "overfly": false,
        "longitude": 38.902222,
        "latitude": 38.756111
      },
      "geometry": {
        "type": "Point",
        "coordinates": [
          38.902222,
          38.756111
        ]
      }
    },
    {
      "type": "Feature",
      "id": "OKKK-LHBP:014",
      "properties": {
        "route_id": "OKKK-LHBP",
        "route_name": "OKKK-LHBP",
        "origin": "OKKK",
        "destination": "LHBP",
        "point_count": 31,
        "source_file": "OKKK-LHBP.gpx",
        "point_id": "OKKK-LHBP:014",
        "sequence": 14,
        "waypoint": "ADVOK",
        "point_role": "enroute",
        "overfly": false,
        "longitude": 36.501056,
        "latitude": 39.503547
      },
      "geometry": {
        "type": "Point",
        "coordinates": [
          36.501056,
          39.503547
        ]
      }
    },
    {
      "type": "Feature",
      "id": "OKKK-LHBP:015",
      "properties": {
        "route_id": "OKKK-LHBP",
        "route_name": "OKKK-LHBP",
        "origin": "OKKK",
        "destination": "LHBP",
        "point_count": 31,
        "source_file": "OKKK-LHBP.gpx",
        "point_id": "OKKK-LHBP:015",
        "sequence": 15,
        "waypoint": "GURBU",
        "point_role": "enroute",
        "overfly": false,
        "longitude": 33.832778,
        "latitude": 40.168494
      },
      "geometry": {
        "type": "Point",
        "coordinates": [
          33.832778,
          40.168494
        ]
      }
    },
    {
      "type": "Feature",
      "id": "OKKK-LHBP:016",
      "properties": {
        "route_id": "OKKK-LHBP",
        "route_name": "OKKK-LHBP",
        "origin": "OKKK",
        "destination": "LHBP",
        "point_count": 31,
        "source_file": "OKKK-LHBP.gpx",
        "point_id": "OKKK-LHBP:016",
        "sequence": 16,
        "waypoint": "NASIM",
        "point_role": "enroute",
        "overfly": false,
        "longitude": 32.333333,
        "latitude": 40.572222
      },
      "geometry": {
        "type": "Point",
        "coordinates": [
          32.333333,
          40.572222
        ]
      }
    },
    {
      "type": "Feature",
      "id": "OKKK-LHBP:017",
      "properties": {
        "route_id": "OKKK-LHBP",
        "route_name": "OKKK-LHBP",
        "origin": "OKKK",
        "destination": "LHBP",
        "point_count": 31,
        "source_file": "OKKK-LHBP.gpx",
        "point_id": "OKKK-LHBP:017",
        "sequence": 17,
        "waypoint": "ERSEN",
        "point_role": "enroute",
        "overfly": false,
        "longitude": 30.666111,
        "latitude": 40.865556
      },
      "geometry": {
        "type": "Point",
        "coordinates": [
          30.666111,
          40.865556
        ]
      }
    },
    {
      "type": "Feature",
      "id": "OKKK-LHBP:018",
      "properties": {
        "route_id": "OKKK-LHBP",
        "route_name": "OKKK-LHBP",
        "origin": "OKKK",
        "destination": "LHBP",
        "point_count": 31,
        "source_file": "OKKK-LHBP.gpx",
        "point_id": "OKKK-LHBP:018",
        "sequence": 18,
        "waypoint": "ERKAL",
        "point_role": "enroute",
        "overfly": false,
        "longitude": 29.979758,
        "latitude": 40.9867
      },
      "geometry": {
        "type": "Point",
        "coordinates": [
          29.979758,
          40.9867
        ]
      }
    },
    {
      "type": "Feature",
      "id": "OKKK-LHBP:019",
      "properties": {
        "route_id": "OKKK-LHBP",
        "route_name": "OKKK-LHBP",
        "origin": "OKKK",
        "destination": "LHBP",
        "point_count": 31,
        "source_file": "OKKK-LHBP.gpx",
        "point_id": "OKKK-LHBP:019",
        "sequence": 19,
        "waypoint": "GAYEM",
        "point_role": "enroute",
        "overfly": false,
        "longitude": 29.63,
        "latitude": 41.045833
      },
      "geometry": {
        "type": "Point",
        "coordinates": [
          29.63,
          41.045833
        ]
      }
    },
    {
      "type": "Feature",
      "id": "OKKK-LHBP:020",
      "properties": {
        "route_id": "OKKK-LHBP",
        "route_name": "OKKK-LHBP",
        "origin": "OKKK",
        "destination": "LHBP",
        "point_count": 31,
        "source_file": "OKKK-LHBP.gpx",
        "point_id": "OKKK-LHBP:020",
        "sequence": 20,
        "waypoint": "BKZ",
        "point_role": "enroute",
        "overfly": false,
        "longitude": 29.142889,
        "latitude": 41.126972
      },
      "geometry": {
        "type": "Point",
        "coordinates": [
          29.142889,
          41.126972
        ]
      }
    },
    {
      "type": "Feature",
      "id": "OKKK-LHBP:021",
      "properties": {
        "route_id": "OKKK-LHBP",
        "route_name": "OKKK-LHBP",
        "origin": "OKKK",
        "destination": "LHBP",
        "point_count": 31,
        "source_file": "OKKK-LHBP.gpx",
        "point_id": "OKKK-LHBP:021",
        "sequence": 21,
        "waypoint": "DIGBO",
        "point_role": "enroute",
        "overfly": false,
        "longitude": 28.404444,
        "latitude": 41.493611
      },
      "geometry": {
        "type": "Point",
        "coordinates": [
          28.404444,
          41.493611
        ]
      }
    },
    {
      "type": "Feature",
      "id": "OKKK-LHBP:022",
      "properties": {
        "route_id": "OKKK-LHBP",
        "route_name": "OKKK-LHBP",
        "origin": "OKKK",
        "destination": "LHBP",
        "point_count": 31,
        "source_file": "OKKK-LHBP.gpx",
        "point_id": "OKKK-LHBP:022",
        "sequence": 22,
        "waypoint": "REZOV",
        "point_role": "enroute",
        "overfly": false,
        "longitude": 28.110556,
        "latitude": 41.983333
      },
      "geometry": {
        "type": "Point",
        "coordinates": [
          28.110556,
          41.983333
        ]
      }
    },
    {
      "type": "Feature",
      "id": "OKKK-LHBP:023",
      "properties": {
        "route_id": "OKKK-LHBP",
        "route_name": "OKKK-LHBP",
        "origin": "OKKK",
        "destination": "LHBP",
        "point_count": 31,
        "source_file": "OKKK-LHBP.gpx",
        "point_id": "OKKK-LHBP:023",
        "sequence": 23,
        "waypoint": "ARNOV",
        "point_role": "enroute",
        "overfly": false,
        "longitude": 26.768056,
        "latitude": 42.747778
      },
      "geometry": {
        "type": "Point",
        "coordinates": [
          26.768056,
          42.747778
        ]
      }
    },
    {
      "type": "Feature",
      "id": "OKKK-LHBP:024",
      "properties": {
        "route_id": "OKKK-LHBP",
        "route_name": "OKKK-LHBP",
        "origin": "OKKK",
        "destination": "LHBP",
        "point_count": 31,
        "source_file": "OKKK-LHBP.gpx",
        "point_id": "OKKK-LHBP:024",
        "sequence": 24,
        "waypoint": "ETUBA",
        "point_role": "enroute",
        "overfly": false,
        "longitude": 26.596111,
        "latitude": 42.814444
      },
      "geometry": {
        "type": "Point",
        "coordinates": [
          26.596111,
          42.814444
        ]
      }
    },
    {
      "type": "Feature",
      "id": "OKKK-LHBP:025",
      "properties": {
        "route_id": "OKKK-LHBP",
        "route_name": "OKKK-LHBP",
        "origin": "OKKK",
        "destination": "LHBP",
        "point_count": 31,
        "source_file": "OKKK-LHBP.gpx",
        "point_id": "OKKK-LHBP:025",
        "sequence": 25,
        "waypoint": "AMTOV",
        "point_role": "enroute",
        "overfly": false,
        "longitude": 26.151944,
        "latitude": 43.1725
      },
      "geometry": {
        "type": "Point",
        "coordinates": [
          26.151944,
          43.1725
        ]
      }
    },
    {
      "type": "Feature",
      "id": "OKKK-LHBP:026",
      "properties": {
        "route_id": "OKKK-LHBP",
        "route_name": "OKKK-LHBP",
        "origin": "OKKK",
        "destination": "LHBP",
        "point_count": 31,
        "source_file": "OKKK-LHBP.gpx",
        "point_id": "OKKK-LHBP:026",
        "sequence": 26,
        "waypoint": "APROB",
        "point_role": "enroute",
        "overfly": false,
        "longitude": 25.0025,
        "latitude": 43.973333
      },
      "geometry": {
        "type": "Point",
        "coordinates": [
          25.0025,
          43.973333
        ]
      }
    },
    {
      "type": "Feature",
      "id": "OKKK-LHBP:027",
      "properties": {
        "route_id": "OKKK-LHBP",
        "route_name": "OKKK-LHBP",
        "origin": "OKKK",
        "destination": "LHBP",
        "point_count": 31,
        "source_file": "OKKK-LHBP.gpx",
        "point_id": "OKKK-LHBP:027",
        "sequence": 27,
        "waypoint": "LAMIT",
        "point_role": "enroute",
        "overfly": false,
        "longitude": 23.374722,
        "latitude": 45.103889
      },
      "geometry": {
        "type": "Point",
        "coordinates": [
          23.374722,
          45.103889
        ]
      }
    },
    {
      "type": "Feature",
      "id": "OKKK-LHBP:028",
      "properties": {
        "route_id": "OKKK-LHBP",
        "route_name": "OKKK-LHBP",
        "origin": "OKKK",
        "destination": "LHBP",
        "point_count": 31,
        "source_file": "OKKK-LHBP.gpx",
        "point_id": "OKKK-LHBP:028",
        "sequence": 28,
        "waypoint": "EKNAB",
        "point_role": "enroute",
        "overfly": false,
        "longitude": 22.500833,
        "latitude": 45.727778
      },
      "geometry": {
        "type": "Point",
        "coordinates": [
          22.500833,
          45.727778
        ]
      }
    },
    {
      "type": "Feature",
      "id": "OKKK-LHBP:029",
      "properties": {
        "route_id": "OKKK-LHBP",
        "route_name": "OKKK-LHBP",
        "origin": "OKKK",
        "destination": "LHBP",
        "point_count": 31,
        "source_file": "OKKK-LHBP.gpx",
        "point_id": "OKKK-LHBP:029",
        "sequence": 29,
        "waypoint": "DEGET",
        "point_role": "enroute",
        "overfly": false,
        "longitude": 21.267222,
        "latitude": 46.493611
      },
      "geometry": {
        "type": "Point",
        "coordinates": [
          21.267222,
          46.493611
        ]
      }
    },
    {
      "type": "Feature",
      "id": "OKKK-LHBP:030",
      "properties": {
        "route_id": "OKKK-LHBP",
        "route_name": "OKKK-LHBP",
        "origin": "OKKK",
        "destination": "LHBP",
        "point_count": 31,
        "source_file": "OKKK-LHBP.gpx",
        "point_id": "OKKK-LHBP:030",
        "sequence": 30,
        "waypoint": "KEZAL",
        "point_role": "enroute",
        "overfly": false,
        "longitude": 20.231389,
        "latitude": 47.153611
      },
      "geometry": {
        "type": "Point",
        "coordinates": [
          20.231389,
          47.153611
        ]
      }
    },
    {
      "type": "Feature",
      "id": "OKKK-LHBP:031",
      "properties": {
        "route_id": "OKKK-LHBP",
        "route_name": "OKKK-LHBP",
        "origin": "OKKK",
        "destination": "LHBP",
        "point_count": 31,
        "source_file": "OKKK-LHBP.gpx",
        "point_id": "OKKK-LHBP:031",
        "sequence": 31,
        "waypoint": "LHBP",
        "point_role": "destination",
        "overfly": false,
        "longitude": 19.261944,
        "latitude": 47.439444
      },
      "geometry": {
        "type": "Point",
        "coordinates": [
          19.261944,
          47.439444
        ]
      }
    },
    {
      "type": "Feature",
      "id": "OKKK-LIRF:001",
      "properties": {
        "route_id": "OKKK-LIRF",
        "route_name": "OKKK-LIRF",
        "origin": "OKKK",
        "destination": "LIRF",
        "point_count": 41,
        "source_file": "OKKK-LIRF.gpx",
        "point_id": "OKKK-LIRF:001",
        "sequence": 1,
        "waypoint": "OKKK",
        "point_role": "origin",
        "overfly": false,
        "longitude": 47.979953,
        "latitude": 29.226767
      },
      "geometry": {
        "type": "Point",
        "coordinates": [
          47.979953,
          29.226767
        ]
      }
    },
    {
      "type": "Feature",
      "id": "OKKK-LIRF:002",
      "properties": {
        "route_id": "OKKK-LIRF",
        "route_name": "OKKK-LIRF",
        "origin": "OKKK",
        "destination": "LIRF",
        "point_count": 41,
        "source_file": "OKKK-LIRF.gpx",
        "point_id": "OKKK-LIRF:002",
        "sequence": 2,
        "waypoint": "NIDAP",
        "point_role": "enroute",
        "overfly": false,
        "longitude": 47.615556,
        "latitude": 28.649167
      },
      "geometry": {
        "type": "Point",
        "coordinates": [
          47.615556,
          28.649167
        ]
      }
    },
    {
      "type": "Feature",
      "id": "OKKK-LIRF:003",
      "properties": {
        "route_id": "OKKK-LIRF",
        "route_name": "OKKK-LIRF",
        "origin": "OKKK",
        "destination": "LIRF",
        "point_count": 41,
        "source_file": "OKKK-LIRF.gpx",
        "point_id": "OKKK-LIRF:003",
        "sequence": 3,
        "waypoint": "BOSID",
        "point_role": "enroute",
        "overfly": false,
        "longitude": 46.874444,
        "latitude": 28.709444
      },
      "geometry": {
        "type": "Point",
        "coordinates": [
          46.874444,
          28.709444
        ]
      }
    },
    {
      "type": "Feature",
      "id": "OKKK-LIRF:004",
      "properties": {
        "route_id": "OKKK-LIRF",
        "route_name": "OKKK-LIRF",
        "origin": "OKKK",
        "destination": "LIRF",
        "point_count": 41,
        "source_file": "OKKK-LIRF.gpx",
        "point_id": "OKKK-LIRF:004",
        "sequence": 4,
        "waypoint": "SIBSA",
        "point_role": "enroute",
        "overfly": false,
        "longitude": 46.335,
        "latitude": 28.751667
      },
      "geometry": {
        "type": "Point",
        "coordinates": [
          46.335,
          28.751667
        ]
      }
    },
    {
      "type": "Feature",
      "id": "OKKK-LIRF:005",
      "properties": {
        "route_id": "OKKK-LIRF",
        "route_name": "OKKK-LIRF",
        "origin": "OKKK",
        "destination": "LIRF",
        "point_count": 41,
        "source_file": "OKKK-LIRF.gpx",
        "point_id": "OKKK-LIRF:005",
        "sequence": 5,
        "waypoint": "LAKSO",
        "point_role": "enroute",
        "overfly": false,
        "longitude": 45.691389,
        "latitude": 28.7975
      },
      "geometry": {
        "type": "Point",
        "coordinates": [
          45.691389,
          28.7975
        ]
      }
    },
    {
      "type": "Feature",
      "id": "OKKK-LIRF:006",
      "properties": {
        "route_id": "OKKK-LIRF",
        "route_name": "OKKK-LIRF",
        "origin": "OKKK",
        "destination": "LIRF",
        "point_count": 41,
        "source_file": "OKKK-LIRF.gpx",
        "point_id": "OKKK-LIRF:006",
        "sequence": 6,
        "waypoint": "VATIM",
        "point_role": "enroute",
        "overfly": false,
        "longitude": 44.745278,
        "latitude": 28.86
      },
      "geometry": {
        "type": "Point",
        "coordinates": [
          44.745278,
          28.86
        ]
      }
    },
    {
      "type": "Feature",
      "id": "OKKK-LIRF:007",
      "properties": {
        "route_id": "OKKK-LIRF",
        "route_name": "OKKK-LIRF",
        "origin": "OKKK",
        "destination": "LIRF",
        "point_count": 41,
        "source_file": "OKKK-LIRF.gpx",
        "point_id": "OKKK-LIRF:007",
        "sequence": 7,
        "waypoint": "RASMO",
        "point_role": "enroute",
        "overfly": false,
        "longitude": 43.521944,
        "latitude": 28.953611
      },
      "geometry": {
        "type": "Point",
        "coordinates": [
          43.521944,
          28.953611
        ]
      }
    },
    {
      "type": "Feature",
      "id": "OKKK-LIRF:008",
      "properties": {
        "route_id": "OKKK-LIRF",
        "route_name": "OKKK-LIRF",
        "origin": "OKKK",
        "destination": "LIRF",
        "point_count": 41,
        "source_file": "OKKK-LIRF.gpx",
        "point_id": "OKKK-LIRF:008",
        "sequence": 8,
        "waypoint": "ORSAL",
        "point_role": "enroute",
        "overfly": false,
        "longitude": 42.185278,
        "latitude": 29.043056
      },
      "geometry": {
        "type": "Point",
        "coordinates": [
          42.185278,
          29.043056
        ]
      }
    },
    {
      "type": "Feature",
      "id": "OKKK-LIRF:009",
      "properties": {
        "route_id": "OKKK-LIRF",
        "route_name": "OKKK-LIRF",
        "origin": "OKKK",
        "destination": "LIRF",
        "point_count": 41,
        "source_file": "OKKK-LIRF.gpx",
        "point_id": "OKKK-LIRF:009",
        "sequence": 9,
        "waypoint": "TOLDI",
        "point_role": "enroute",
        "overfly": false,
        "longitude": 41.939167,
        "latitude": 29.058056
      },
      "geometry": {
        "type": "Point",
        "coordinates": [
          41.939167,
          29.058056
        ]
      }
    },
    {
      "type": "Feature",
      "id": "OKKK-LIRF:010",
      "properties": {
        "route_id": "OKKK-LIRF",
        "route_name": "OKKK-LIRF",
        "origin": "OKKK",
        "destination": "LIRF",
        "point_count": 41,
        "source_file": "OKKK-LIRF.gpx",
        "point_id": "OKKK-LIRF:010",
        "sequence": 10,
        "waypoint": "NORGI",
        "point_role": "enroute",
        "overfly": false,
        "longitude": 41.429444,
        "latitude": 29.0875
      },
      "geometry": {
        "type": "Point",
        "coordinates": [
          41.429444,
          29.0875
        ]
      }
    },
    {
      "type": "Feature",
      "id": "OKKK-LIRF:011",
      "properties": {
        "route_id": "OKKK-LIRF",
        "route_name": "OKKK-LIRF",
        "origin": "OKKK",
        "destination": "LIRF",
        "point_count": 41,
        "source_file": "OKKK-LIRF.gpx",
        "point_id": "OKKK-LIRF:011",
        "sequence": 11,
        "waypoint": "ULAKO",
        "point_role": "enroute",
        "overfly": false,
        "longitude": 40.577778,
        "latitude": 29.132778
      },
      "geometry": {
        "type": "Point",
        "coordinates": [
          40.577778,
          29.132778
        ]
      }
    },
    {
      "type": "Feature",
      "id": "OKKK-LIRF:012",
      "properties": {
        "route_id": "OKKK-LIRF",
        "route_name": "OKKK-LIRF",
        "origin": "OKKK",
        "destination": "LIRF",
        "point_count": 41,
        "source_file": "OKKK-LIRF.gpx",
        "point_id": "OKKK-LIRF:012",
        "sequence": 12,
        "waypoint": "NIMAR",
        "point_role": "enroute",
        "overfly": false,
        "longitude": 39.906944,
        "latitude": 29.109722
      },
      "geometry": {
        "type": "Point",
        "coordinates": [
          39.906944,
          29.109722
        ]
      }
    },
    {
      "type": "Feature",
      "id": "OKKK-LIRF:013",
      "properties": {
        "route_id": "OKKK-LIRF",
        "route_name": "OKKK-LIRF",
        "origin": "OKKK",
        "destination": "LIRF",
        "point_count": 41,
        "source_file": "OKKK-LIRF.gpx",
        "point_id": "OKKK-LIRF:013",
        "sequence": 13,
        "waypoint": "ENABI",
        "point_role": "enroute",
        "overfly": false,
        "longitude": 38.930556,
        "latitude": 29.110833
      },
      "geometry": {
        "type": "Point",
        "coordinates": [
          38.930556,
          29.110833
        ]
      }
    },
    {
      "type": "Feature",
      "id": "OKKK-LIRF:014",
      "properties": {
        "route_id": "OKKK-LIRF",
        "route_name": "OKKK-LIRF",
        "origin": "OKKK",
        "destination": "LIRF",
        "point_count": 41,
        "source_file": "OKKK-LIRF.gpx",
        "point_id": "OKKK-LIRF:014",
        "sequence": 14,
        "waypoint": "ASTUM",
        "point_role": "enroute",
        "overfly": false,
        "longitude": 38.376944,
        "latitude": 29.107778
      },
      "geometry": {
        "type": "Point",
        "coordinates": [
          38.376944,
          29.107778
        ]
      }
    },
    {
      "type": "Feature",
      "id": "OKKK-LIRF:015",
      "properties": {
        "route_id": "OKKK-LIRF",
        "route_name": "OKKK-LIRF",
        "origin": "OKKK",
        "destination": "LIRF",
        "point_count": 41,
        "source_file": "OKKK-LIRF.gpx",
        "point_id": "OKKK-LIRF:015",
        "sequence": 15,
        "waypoint": "OBNAK",
        "point_role": "enroute",
        "overfly": false,
        "longitude": 37.508889,
        "latitude": 29.098333
      },
      "geometry": {
        "type": "Point",
        "coordinates": [
          37.508889,
          29.098333
        ]
      }
    },
    {
      "type": "Feature",
      "id": "OKKK-LIRF:016",
      "properties": {
        "route_id": "OKKK-LIRF",
        "route_name": "OKKK-LIRF",
        "origin": "OKKK",
        "destination": "LIRF",
        "point_count": 41,
        "source_file": "OKKK-LIRF.gpx",
        "point_id": "OKKK-LIRF:016",
        "sequence": 16,
        "waypoint": "EGSIS",
        "point_role": "enroute",
        "overfly": false,
        "longitude": 36.480556,
        "latitude": 29.0875
      },
      "geometry": {
        "type": "Point",
        "coordinates": [
          36.480556,
          29.0875
        ]
      }
    },
    {
      "type": "Feature",
      "id": "OKKK-LIRF:017",
      "properties": {
        "route_id": "OKKK-LIRF",
        "route_name": "OKKK-LIRF",
        "origin": "OKKK",
        "destination": "LIRF",
        "point_count": 41,
        "source_file": "OKKK-LIRF.gpx",
        "point_id": "OKKK-LIRF:017",
        "sequence": 17,
        "waypoint": "RUKET",
        "point_role": "enroute",
        "overfly": false,
        "longitude": 34.847222,
        "latitude": 29.034722
      },
      "geometry": {
        "type": "Point",
        "coordinates": [
          34.847222,
          29.034722
        ]
      }
    },
    {
      "type": "Feature",
      "id": "OKKK-LIRF:018",
      "properties": {
        "route_id": "OKKK-LIRF",
        "route_name": "OKKK-LIRF",
        "origin": "OKKK",
        "destination": "LIRF",
        "point_count": 41,
        "source_file": "OKKK-LIRF.gpx",
        "point_id": "OKKK-LIRF:018",
        "sequence": 18,
        "waypoint": "KITIT",
        "point_role": "enroute",
        "overfly": false,
        "longitude": 34.758056,
        "latitude": 29.033333
      },
      "geometry": {
        "type": "Point",
        "coordinates": [
          34.758056,
          29.033333
        ]
      }
    },
    {
      "type": "Feature",
      "id": "OKKK-LIRF:019",
      "properties": {
        "route_id": "OKKK-LIRF",
        "route_name": "OKKK-LIRF",
        "origin": "OKKK",
        "destination": "LIRF",
        "point_count": 41,
        "source_file": "OKKK-LIRF.gpx",
        "point_id": "OKKK-LIRF:019",
        "sequence": 19,
        "waypoint": "NOVPA",
        "point_role": "enroute",
        "overfly": false,
        "longitude": 34.671111,
        "latitude": 29.032222
      },
      "geometry": {
        "type": "Point",
        "coordinates": [
          34.671111,
          29.032222
        ]
      }
    },
    {
      "type": "Feature",
      "id": "OKKK-LIRF:020",
      "properties": {
        "route_id": "OKKK-LIRF",
        "route_name": "OKKK-LIRF",
        "origin": "OKKK",
        "destination": "LIRF",
        "point_count": 41,
        "source_file": "OKKK-LIRF.gpx",
        "point_id": "OKKK-LIRF:020",
        "sequence": 20,
        "waypoint": "SIMSA",
        "point_role": "enroute",
        "overfly": false,
        "longitude": 33.954444,
        "latitude": 29.241111
      },
      "geometry": {
        "type": "Point",
        "coordinates": [
          33.954444,
          29.241111
        ]
      }
    },
    {
      "type": "Feature",
      "id": "OKKK-LIRF:021",
      "properties": {
        "route_id": "OKKK-LIRF",
        "route_name": "OKKK-LIRF",
        "origin": "OKKK",
        "destination": "LIRF",
        "point_count": 41,
        "source_file": "OKKK-LIRF.gpx",
        "point_id": "OKKK-LIRF:021",
        "sequence": 21,
        "waypoint": "SISIK",
        "point_role": "enroute",
        "overfly": false,
        "longitude": 32.685,
        "latitude": 29.6
      },
      "geometry": {
        "type": "Point",
        "coordinates": [
          32.685,
          29.6
        ]
      }
    },
    {
      "type": "Feature",
      "id": "OKKK-LIRF:022",
      "properties": {
        "route_id": "OKKK-LIRF",
        "route_name": "OKKK-LIRF",
        "origin": "OKKK",
        "destination": "LIRF",
        "point_count": 41,
        "source_file": "OKKK-LIRF.gpx",
        "point_id": "OKKK-LIRF:022",
        "sequence": 22,
        "waypoint": "MENLI",
        "point_role": "enroute",
        "overfly": false,
        "longitude": 31.868333,
        "latitude": 29.783333
      },
      "geometry": {
        "type": "Point",
        "coordinates": [
          31.868333,
          29.783333
        ]
      }
    },
    {
      "type": "Feature",
      "id": "OKKK-LIRF:023",
      "properties": {
        "route_id": "OKKK-LIRF",
        "route_name": "OKKK-LIRF",
        "origin": "OKKK",
        "destination": "LIRF",
        "point_count": 41,
        "source_file": "OKKK-LIRF.gpx",
        "point_id": "OKKK-LIRF:023",
        "sequence": 23,
        "waypoint": "GESON",
        "point_role": "enroute",
        "overfly": false,
        "longitude": 31.663056,
        "latitude": 29.915
      },
      "geometry": {
        "type": "Point",
        "coordinates": [
          31.663056,
          29.915
        ]
      }
    },
    {
      "type": "Feature",
      "id": "OKKK-LIRF:024",
      "properties": {
        "route_id": "OKKK-LIRF",
        "route_name": "OKKK-LIRF",
        "origin": "OKKK",
        "destination": "LIRF",
        "point_count": 41,
        "source_file": "OKKK-LIRF.gpx",
        "point_id": "OKKK-LIRF:024",
        "sequence": 24,
        "waypoint": "CVO",
        "point_role": "enroute",
        "overfly": false,
        "longitude": 31.388417,
        "latitude": 30.092306
      },
      "geometry": {
        "type": "Point",
        "coordinates": [
          31.388417,
          30.092306
        ]
      }
    },
    {
      "type": "Feature",
      "id": "OKKK-LIRF:025",
      "properties": {
        "route_id": "OKKK-LIRF",
        "route_name": "OKKK-LIRF",
        "origin": "OKKK",
        "destination": "LIRF",
        "point_count": 41,
        "source_file": "OKKK-LIRF.gpx",
        "point_id": "OKKK-LIRF:025",
        "sequence": 25,
        "waypoint": "MENKU",
        "point_role": "enroute",
        "overfly": false,
        "longitude": 30.301667,
        "latitude": 31.091944
      },
      "geometry": {
        "type": "Point",
        "coordinates": [
          30.301667,
          31.091944
        ]
      }
    },
    {
      "type": "Feature",
      "id": "OKKK-LIRF:026",
      "properties": {
        "route_id": "OKKK-LIRF",
        "route_name": "OKKK-LIRF",
        "origin": "OKKK",
        "destination": "LIRF",
        "point_count": 41,
        "source_file": "OKKK-LIRF.gpx",
        "point_id": "OKKK-LIRF:026",
        "sequence": 26,
        "waypoint": "NOZ",
        "point_role": "enroute",
        "overfly": false,
        "longitude": 29.950833,
        "latitude": 31.1875
      },
      "geometry": {
        "type": "Point",
        "coordinates": [
          29.950833,
          31.1875
        ]
      }
    },
    {
      "type": "Feature",
      "id": "OKKK-LIRF:027",
      "properties": {
        "route_id": "OKKK-LIRF",
        "route_name": "OKKK-LIRF",
        "origin": "OKKK",
        "destination": "LIRF",
        "point_count": 41,
        "source_file": "OKKK-LIRF.gpx",
        "point_id": "OKKK-LIRF:027",
        "sequence": 27,
        "waypoint": "SOBAX",
        "point_role": "enroute",
        "overfly": false,
        "longitude": 29.309722,
        "latitude": 31.585556
      },
      "geometry": {
        "type": "Point",
        "coordinates": [
          29.309722,
          31.585556
        ]
      }
    },
    {
      "type": "Feature",
      "id": "OKKK-LIRF:028",
      "properties": {
        "route_id": "OKKK-LIRF",
        "route_name": "OKKK-LIRF",
        "origin": "OKKK",
        "destination": "LIRF",
        "point_count": 41,
        "source_file": "OKKK-LIRF.gpx",
        "point_id": "OKKK-LIRF:028",
        "sequence": 28,
        "waypoint": "NABSI",
        "point_role": "enroute",
        "overfly": false,
        "longitude": 29.071944,
        "latitude": 31.731111
      },
      "geometry": {
        "type": "Point",
        "coordinates": [
          29.071944,
          31.731111
        ]
      }
    },
    {
      "type": "Feature",
      "id": "OKKK-LIRF:029",
      "properties": {
        "route_id": "OKKK-LIRF",
        "route_name": "OKKK-LIRF",
        "origin": "OKKK",
        "destination": "LIRF",
        "point_count": 41,
        "source_file": "OKKK-LIRF.gpx",
        "point_id": "OKKK-LIRF:029",
        "sequence": 29,
        "waypoint": "TANSA",
        "point_role": "enroute",
        "overfly": false,
        "longitude": 26.816667,
        "latitude": 34.0
      },
      "geometry": {
        "type": "Point",
        "coordinates": [
          26.816667,
          34.0
        ]
      }
    },
    {
      "type": "Feature",
      "id": "OKKK-LIRF:030",
      "properties": {
        "route_id": "OKKK-LIRF",
        "route_name": "OKKK-LIRF",
        "origin": "OKKK",
        "destination": "LIRF",
        "point_count": 41,
        "source_file": "OKKK-LIRF.gpx",
        "point_id": "OKKK-LIRF:030",
        "sequence": 30,
        "waypoint": "OTREX",
        "point_role": "enroute",
        "overfly": false,
        "longitude": 24.938889,
        "latitude": 35.154444
      },
      "geometry": {
        "type": "Point",
        "coordinates": [
          24.938889,
          35.154444
        ]
      }
    },
    {
      "type": "Feature",
      "id": "OKKK-LIRF:031",
      "properties": {
        "route_id": "OKKK-LIRF",
        "route_name": "OKKK-LIRF",
        "origin": "OKKK",
        "destination": "LIRF",
        "point_count": 41,
        "source_file": "OKKK-LIRF.gpx",
        "point_id": "OKKK-LIRF:031",
        "sequence": 31,
        "waypoint": "MONUV",
        "point_role": "enroute",
        "overfly": false,
        "longitude": 23.500278,
        "latitude": 36.120278
      },
      "geometry": {
        "type": "Point",
        "coordinates": [
          23.500278,
          36.120278
        ]
      }
    },
    {
      "type": "Feature",
      "id": "OKKK-LIRF:032",
      "properties": {
        "route_id": "OKKK-LIRF",
        "route_name": "OKKK-LIRF",
        "origin": "OKKK",
        "destination": "LIRF",
        "point_count": 41,
        "source_file": "OKKK-LIRF.gpx",
        "point_id": "OKKK-LIRF:032",
        "sequence": 32,
        "waypoint": "KAM",
        "point_role": "enroute",
        "overfly": false,
        "longitude": 22.023925,
        "latitude": 37.066447
      },
      "geometry": {
        "type": "Point",
        "coordinates": [
          22.023925,
          37.066447
        ]
      }
    },
    {
      "type": "Feature",
      "id": "OKKK-LIRF:033",
      "properties": {
        "route_id": "OKKK-LIRF",
        "route_name": "OKKK-LIRF",
        "origin": "OKKK",
        "destination": "LIRF",
        "point_count": 41,
        "source_file": "OKKK-LIRF.gpx",
        "point_id": "OKKK-LIRF:033",
        "sequence": 33,
        "waypoint": "KFN",
        "point_role": "enroute",
        "overfly": false,
        "longitude": 20.504683,
        "latitude": 38.112953
      },
      "geometry": {
        "type": "Point",
        "coordinates": [
          20.504683,
          38.112953
        ]
      }
    },
    {
      "type": "Feature",
      "id": "OKKK-LIRF:034",
      "properties": {
        "route_id": "OKKK-LIRF",
        "route_name": "OKKK-LIRF",
        "origin": "OKKK",
        "destination": "LIRF",
        "point_count": 41,
        "source_file": "OKKK-LIRF.gpx",
        "point_id": "OKKK-LIRF:034",
        "sequence": 34,
        "waypoint": "ENESI",
        "point_role": "enroute",
        "overfly": false,
        "longitude": 20.253611,
        "latitude": 38.313889
      },
      "geometry": {
        "type": "Point",
        "coordinates": [
          20.253611,
          38.313889
        ]
      }
    },
    {
      "type": "Feature",
      "id": "OKKK-LIRF:035",
      "properties": {
        "route_id": "OKKK-LIRF",
        "route_name": "OKKK-LIRF",
        "origin": "OKKK",
        "destination": "LIRF",
        "point_count": 41,
        "source_file": "OKKK-LIRF.gpx",
        "point_id": "OKKK-LIRF:035",
        "sequence": 35,
        "waypoint": "LATAN",
        "point_role": "enroute",
        "overfly": false,
        "longitude": 19.0,
        "latitude": 39.293333
      },
      "geometry": {
        "type": "Point",
        "coordinates": [
          19.0,
          39.293333
        ]
      }
    },
    {
      "type": "Feature",
      "id": "OKKK-LIRF:036",
      "properties": {
        "route_id": "OKKK-LIRF",
        "route_name": "OKKK-LIRF",
        "origin": "OKKK",
        "destination": "LIRF",
        "point_count": 41,
        "source_file": "OKKK-LIRF.gpx",
        "point_id": "OKKK-LIRF:036",
        "sequence": 36,
        "waypoint": "EKTOL",
        "point_role": "enroute",
        "overfly": false,
        "longitude": 15.171389,
        "latitude": 41.107778
      },
      "geometry": {
        "type": "Point",
        "coordinates": [
          15.171389,
          41.107778
        ]
      }
    },
    {
      "type": "Feature",
      "id": "OKKK-LIRF:037",
      "properties": {
        "route_id": "OKKK-LIRF",
        "route_name": "OKKK-LIRF",
        "origin": "OKKK",
        "destination": "LIRF",
        "point_count": 41,
        "source_file": "OKKK-LIRF.gpx",
        "point_id": "OKKK-LIRF:037",
        "sequence": 37,
        "waypoint": "IPKAM",
        "point_role": "enroute",
        "overfly": false,
        "longitude": 14.653333,
        "latitude": 41.190833
      },
      "geometry": {
        "type": "Point",
        "coordinates": [
          14.653333,
          41.190833
        ]
      }
    },
    {
      "type": "Feature",
      "id": "OKKK-LIRF:038",
      "properties": {
        "route_id": "OKKK-LIRF",
        "route_name": "OKKK-LIRF",
        "origin": "OKKK",
        "destination": "LIRF",
        "point_count": 41,
        "source_file": "OKKK-LIRF.gpx",
        "point_id": "OKKK-LIRF:038",
        "sequence": 38,
        "waypoint": "TEA",
        "point_role": "enroute",
        "overfly": false,
        "longitude": 13.970667,
        "latitude": 41.296778
      },
      "geometry": {
        "type": "Point",
        "coordinates": [
          13.970667,
          41.296778
        ]
      }
    },
    {
      "type": "Feature",
      "id": "OKKK-LIRF:039",
      "properties": {
        "route_id": "OKKK-LIRF",
        "route_name": "OKKK-LIRF",
        "origin": "OKKK",
        "destination": "LIRF",
        "point_count": 41,
        "source_file": "OKKK-LIRF.gpx",
        "point_id": "OKKK-LIRF:039",
        "sequence": 39,
        "waypoint": "SIPRO",
        "point_role": "enroute",
        "overfly": false,
        "longitude": 13.680528,
        "latitude": 41.446019
      },
      "geometry": {
        "type": "Point",
        "coordinates": [
          13.680528,
          41.446019
        ]
      }
    },
    {
      "type": "Feature",
      "id": "OKKK-LIRF:040",
      "properties": {
        "route_id": "OKKK-LIRF",
        "route_name": "OKKK-LIRF",
        "origin": "OKKK",
        "destination": "LIRF",
        "point_count": 41,
        "source_file": "OKKK-LIRF.gpx",
        "point_id": "OKKK-LIRF:040",
        "sequence": 40,
        "waypoint": "LAT",
        "point_role": "enroute",
        "overfly": false,
        "longitude": 12.918056,
        "latitude": 41.541111
      },
      "geometry": {
        "type": "Point",
        "coordinates": [
          12.918056,
          41.541111
        ]
      }
    },
    {
      "type": "Feature",
      "id": "OKKK-LIRF:041",
      "properties": {
        "route_id": "OKKK-LIRF",
        "route_name": "OKKK-LIRF",
        "origin": "OKKK",
        "destination": "LIRF",
        "point_count": 41,
        "source_file": "OKKK-LIRF.gpx",
        "point_id": "OKKK-LIRF:041",
        "sequence": 41,
        "waypoint": "LIRF",
        "point_role": "destination",
        "overfly": false,
        "longitude": 12.238889,
        "latitude": 41.800278
      },
      "geometry": {
        "type": "Point",
        "coordinates": [
          12.238889,
          41.800278
        ]
      }
    },
    {
      "type": "Feature",
      "id": "OKKK-LKPR:001",
      "properties": {
        "route_id": "OKKK-LKPR",
        "route_name": "OKKK-LKPR",
        "origin": "OKKK",
        "destination": "LKPR",
        "point_count": 42,
        "source_file": "OKKK-LKPR.gpx",
        "point_id": "OKKK-LKPR:001",
        "sequence": 1,
        "waypoint": "OKKK",
        "point_role": "origin",
        "overfly": false,
        "longitude": 47.979953,
        "latitude": 29.226767
      },
      "geometry": {
        "type": "Point",
        "coordinates": [
          47.979953,
          29.226767
        ]
      }
    },
    {
      "type": "Feature",
      "id": "OKKK-LKPR:002",
      "properties": {
        "route_id": "OKKK-LKPR",
        "route_name": "OKKK-LKPR",
        "origin": "OKKK",
        "destination": "LKPR",
        "point_count": 42,
        "source_file": "OKKK-LKPR.gpx",
        "point_id": "OKKK-LKPR:002",
        "sequence": 2,
        "waypoint": "TASMI",
        "point_role": "enroute",
        "overfly": false,
        "longitude": 47.918056,
        "latitude": 30.022222
      },
      "geometry": {
        "type": "Point",
        "coordinates": [
          47.918056,
          30.022222
        ]
      }
    },
    {
      "type": "Feature",
      "id": "OKKK-LKPR:003",
      "properties": {
        "route_id": "OKKK-LKPR",
        "route_name": "OKKK-LKPR",
        "origin": "OKKK",
        "destination": "LKPR",
        "point_count": 42,
        "source_file": "OKKK-LKPR.gpx",
        "point_id": "OKKK-LKPR:003",
        "sequence": 3,
        "waypoint": "GADSI",
        "point_role": "enroute",
        "overfly": false,
        "longitude": 47.187778,
        "latitude": 30.566111
      },
      "geometry": {
        "type": "Point",
        "coordinates": [
          47.187778,
          30.566111
        ]
      }
    },
    {
      "type": "Feature",
      "id": "OKKK-LKPR:004",
      "properties": {
        "route_id": "OKKK-LKPR",
        "route_name": "OKKK-LKPR",
        "origin": "OKKK",
        "destination": "LKPR",
        "point_count": 42,
        "source_file": "OKKK-LKPR.gpx",
        "point_id": "OKKK-LKPR:004",
        "sequence": 4,
        "waypoint": "KODAV",
        "point_role": "enroute",
        "overfly": false,
        "longitude": 46.066667,
        "latitude": 31.75
      },
      "geometry": {
        "type": "Point",
        "coordinates": [
          46.066667,
          31.75
        ]
      }
    },
    {
      "type": "Feature",
      "id": "OKKK-LKPR:005",
      "properties": {
        "route_id": "OKKK-LKPR",
        "route_name": "OKKK-LKPR",
        "origin": "OKKK",
        "destination": "LKPR",
        "point_count": 42,
        "source_file": "OKKK-LKPR.gpx",
        "point_id": "OKKK-LKPR:005",
        "sequence": 5,
        "waypoint": "RESAK",
        "point_role": "enroute",
        "overfly": false,
        "longitude": 45.264444,
        "latitude": 32.551389
      },
      "geometry": {
        "type": "Point",
        "coordinates": [
          45.264444,
          32.551389
        ]
      }
    },
    {
      "type": "Feature",
      "id": "OKKK-LKPR:006",
      "properties": {
        "route_id": "OKKK-LKPR",
        "route_name": "OKKK-LKPR",
        "origin": "OKKK",
        "destination": "LKPR",
        "point_count": 42,
        "source_file": "OKKK-LKPR.gpx",
        "point_id": "OKKK-LKPR:006",
        "sequence": 6,
        "waypoint": "SEPTU",
        "point_role": "enroute",
        "overfly": false,
        "longitude": 44.733333,
        "latitude": 33.216667
      },
      "geometry": {
        "type": "Point",
        "coordinates": [
          44.733333,
          33.216667
        ]
      }
    },
    {
      "type": "Feature",
      "id": "OKKK-LKPR:007",
      "properties": {
        "route_id": "OKKK-LKPR",
        "route_name": "OKKK-LKPR",
        "origin": "OKKK",
        "destination": "LKPR",
        "point_count": 42,
        "source_file": "OKKK-LKPR.gpx",
        "point_id": "OKKK-LKPR:007",
        "sequence": 7,
        "waypoint": "NAMDI",
        "point_role": "enroute",
        "overfly": false,
        "longitude": 44.6925,
        "latitude": 34.5075
      },
      "geometry": {
        "type": "Point",
        "coordinates": [
          44.6925,
          34.5075
        ]
      }
    },
    {
      "type": "Feature",
      "id": "OKKK-LKPR:008",
      "properties": {
        "route_id": "OKKK-LKPR",
        "route_name": "OKKK-LKPR",
        "origin": "OKKK",
        "destination": "LKPR",
        "point_count": 42,
        "source_file": "OKKK-LKPR.gpx",
        "point_id": "OKKK-LKPR:008",
        "sequence": 8,
        "waypoint": "OTALO",
        "point_role": "enroute",
        "overfly": false,
        "longitude": 44.316667,
        "latitude": 35.283333
      },
      "geometry": {
        "type": "Point",
        "coordinates": [
          44.316667,
          35.283333
        ]
      }
    },
    {
      "type": "Feature",
      "id": "OKKK-LKPR:009",
      "properties": {
        "route_id": "OKKK-LKPR",
        "route_name": "OKKK-LKPR",
        "origin": "OKKK",
        "destination": "LKPR",
        "point_count": 42,
        "source_file": "OKKK-LKPR.gpx",
        "point_id": "OKKK-LKPR:009",
        "sequence": 9,
        "waypoint": "TOMSI",
        "point_role": "enroute",
        "overfly": false,
        "longitude": 44.041389,
        "latitude": 35.816111
      },
      "geometry": {
        "type": "Point",
        "coordinates": [
          44.041389,
          35.816111
        ]
      }
    },
    {
      "type": "Feature",
      "id": "OKKK-LKPR:010",
      "properties": {
        "route_id": "OKKK-LKPR",
        "route_name": "OKKK-LKPR",
        "origin": "OKKK",
        "destination": "LKPR",
        "point_count": 42,
        "source_file": "OKKK-LKPR.gpx",
        "point_id": "OKKK-LKPR:010",
        "sequence": 10,
        "waypoint": "VUSEB",
        "point_role": "enroute",
        "overfly": false,
        "longitude": 43.8,
        "latitude": 36.276944
      },
      "geometry": {
        "type": "Point",
        "coordinates": [
          43.8,
          36.276944
        ]
      }
    },
    {
      "type": "Feature",
      "id": "OKKK-LKPR:011",
      "properties": {
        "route_id": "OKKK-LKPR",
        "route_name": "OKKK-LKPR",
        "origin": "OKKK",
        "destination": "LKPR",
        "point_count": 42,
        "source_file": "OKKK-LKPR.gpx",
        "point_id": "OKKK-LKPR:011",
        "sequence": 11,
        "waypoint": "ROXOP",
        "point_role": "enroute",
        "overfly": false,
        "longitude": 43.556111,
        "latitude": 36.745833
      },
      "geometry": {
        "type": "Point",
        "coordinates": [
          43.556111,
          36.745833
        ]
      }
    },
    {
      "type": "Feature",
      "id": "OKKK-LKPR:012",
      "properties": {
        "route_id": "OKKK-LKPR",
        "route_name": "OKKK-LKPR",
        "origin": "OKKK",
        "destination": "LKPR",
        "point_count": 42,
        "source_file": "OKKK-LKPR.gpx",
        "point_id": "OKKK-LKPR:012",
        "sequence": 12,
        "waypoint": "NINVA",
        "point_role": "enroute",
        "overfly": false,
        "longitude": 43.216667,
        "latitude": 37.35
      },
      "geometry": {
        "type": "Point",
        "coordinates": [
          43.216667,
          37.35
        ]
      }
    },
    {
      "type": "Feature",
      "id": "OKKK-LKPR:013",
      "properties": {
        "route_id": "OKKK-LKPR",
        "route_name": "OKKK-LKPR",
        "origin": "OKKK",
        "destination": "LKPR",
        "point_count": 42,
        "source_file": "OKKK-LKPR.gpx",
        "point_id": "OKKK-LKPR:013",
        "sequence": 13,
        "waypoint": "EFFEZ",
        "point_role": "enroute",
        "overfly": false,
        "longitude": 42.655278,
        "latitude": 37.588333
      },
      "geometry": {
        "type": "Point",
        "coordinates": [
          42.655278,
          37.588333
        ]
      }
    },
    {
      "type": "Feature",
      "id": "OKKK-LKPR:014",
      "properties": {
        "route_id": "OKKK-LKPR",
        "route_name": "OKKK-LKPR",
        "origin": "OKKK",
        "destination": "LKPR",
        "point_count": 42,
        "source_file": "OKKK-LKPR.gpx",
        "point_id": "OKKK-LKPR:014",
        "sequence": 14,
        "waypoint": "SRT",
        "point_role": "enroute",
        "overfly": false,
        "longitude": 41.881972,
        "latitude": 37.910667
      },
      "geometry": {
        "type": "Point",
        "coordinates": [
          41.881972,
          37.910667
        ]
      }
    },
    {
      "type": "Feature",
      "id": "OKKK-LKPR:015",
      "properties": {
        "route_id": "OKKK-LKPR",
        "route_name": "OKKK-LKPR",
        "origin": "OKKK",
        "destination": "LKPR",
        "point_count": 42,
        "source_file": "OKKK-LKPR.gpx",
        "point_id": "OKKK-LKPR:015",
        "sequence": 15,
        "waypoint": "RENGI",
        "point_role": "enroute",
        "overfly": false,
        "longitude": 41.08,
        "latitude": 38.463889
      },
      "geometry": {
        "type": "Point",
        "coordinates": [
          41.08,
          38.463889
        ]
      }
    },
    {
      "type": "Feature",
      "id": "OKKK-LKPR:016",
      "properties": {
        "route_id": "OKKK-LKPR",
        "route_name": "OKKK-LKPR",
        "origin": "OKKK",
        "destination": "LKPR",
        "point_count": 42,
        "source_file": "OKKK-LKPR.gpx",
        "point_id": "OKKK-LKPR:016",
        "sequence": 16,
        "waypoint": "NAREN",
        "point_role": "enroute",
        "overfly": false,
        "longitude": 40.825,
        "latitude": 38.630556
      },
      "geometry": {
        "type": "Point",
        "coordinates": [
          40.825,
          38.630556
        ]
      }
    },
    {
      "type": "Feature",
      "id": "OKKK-LKPR:017",
      "properties": {
        "route_id": "OKKK-LKPR",
        "route_name": "OKKK-LKPR",
        "origin": "OKKK",
        "destination": "LKPR",
        "point_count": 42,
        "source_file": "OKKK-LKPR.gpx",
        "point_id": "OKKK-LKPR:017",
        "sequence": 17,
        "waypoint": "TALIL",
        "point_role": "enroute",
        "overfly": false,
        "longitude": 39.972222,
        "latitude": 39.188889
      },
      "geometry": {
        "type": "Point",
        "coordinates": [
          39.972222,
          39.188889
        ]
      }
    },
    {
      "type": "Feature",
      "id": "OKKK-LKPR:018",
      "properties": {
        "route_id": "OKKK-LKPR",
        "route_name": "OKKK-LKPR",
        "origin": "OKKK",
        "destination": "LKPR",
        "point_count": 42,
        "source_file": "OKKK-LKPR.gpx",
        "point_id": "OKKK-LKPR:018",
        "sequence": 18,
        "waypoint": "KONUK",
        "point_role": "enroute",
        "overfly": false,
        "longitude": 39.468056,
        "latitude": 39.511667
      },
      "geometry": {
        "type": "Point",
        "coordinates": [
          39.468056,
          39.511667
        ]
      }
    },
    {
      "type": "Feature",
      "id": "OKKK-LKPR:019",
      "properties": {
        "route_id": "OKKK-LKPR",
        "route_name": "OKKK-LKPR",
        "origin": "OKKK",
        "destination": "LKPR",
        "point_count": 42,
        "source_file": "OKKK-LKPR.gpx",
        "point_id": "OKKK-LKPR:019",
        "sequence": 19,
        "waypoint": "EBEDI",
        "point_role": "enroute",
        "overfly": false,
        "longitude": 39.123611,
        "latitude": 39.725
      },
      "geometry": {
        "type": "Point",
        "coordinates": [
          39.123611,
          39.725
        ]
      }
    },
    {
      "type": "Feature",
      "id": "OKKK-LKPR:020",
      "properties": {
        "route_id": "OKKK-LKPR",
        "route_name": "OKKK-LKPR",
        "origin": "OKKK",
        "destination": "LKPR",
        "point_count": 42,
        "source_file": "OKKK-LKPR.gpx",
        "point_id": "OKKK-LKPR:020",
        "sequence": 20,
        "waypoint": "ODALI",
        "point_role": "enroute",
        "overfly": false,
        "longitude": 38.15,
        "latitude": 40.327778
      },
      "geometry": {
        "type": "Point",
        "coordinates": [
          38.15,
          40.327778
        ]
      }
    },
    {
      "type": "Feature",
      "id": "OKKK-LKPR:021",
      "properties": {
        "route_id": "OKKK-LKPR",
        "route_name": "OKKK-LKPR",
        "origin": "OKKK",
        "destination": "LKPR",
        "point_count": 42,
        "source_file": "OKKK-LKPR.gpx",
        "point_id": "OKKK-LKPR:021",
        "sequence": 21,
        "waypoint": "NELPO",
        "point_role": "enroute",
        "overfly": false,
        "longitude": 37.675833,
        "latitude": 40.47
      },
      "geometry": {
        "type": "Point",
        "coordinates": [
          37.675833,
          40.47
        ]
      }
    },
    {
      "type": "Feature",
      "id": "OKKK-LKPR:022",
      "properties": {
        "route_id": "OKKK-LKPR",
        "route_name": "OKKK-LKPR",
        "origin": "OKKK",
        "destination": "LKPR",
        "point_count": 42,
        "source_file": "OKKK-LKPR.gpx",
        "point_id": "OKKK-LKPR:022",
        "sequence": 22,
        "waypoint": "APVAS",
        "point_role": "enroute",
        "overfly": false,
        "longitude": 36.668056,
        "latitude": 40.764167
      },
      "geometry": {
        "type": "Point",
        "coordinates": [
          36.668056,
          40.764167
        ]
      }
    },
    {
      "type": "Feature",
      "id": "OKKK-LKPR:023",
      "properties": {
        "route_id": "OKKK-LKPR",
        "route_name": "OKKK-LKPR",
        "origin": "OKKK",
        "destination": "LKPR",
        "point_count": 42,
        "source_file": "OKKK-LKPR.gpx",
        "point_id": "OKKK-LKPR:023",
        "sequence": 23,
        "waypoint": "USANU",
        "point_role": "enroute",
        "overfly": false,
        "longitude": 36.0625,
        "latitude": 40.935556
      },
      "geometry": {
        "type": "Point",
        "coordinates": [
          36.0625,
          40.935556
        ]
      }
    },
    {
      "type": "Feature",
      "id": "OKKK-LKPR:024",
      "properties": {
        "route_id": "OKKK-LKPR",
        "route_name": "OKKK-LKPR",
        "origin": "OKKK",
        "destination": "LKPR",
        "point_count": 42,
        "source_file": "OKKK-LKPR.gpx",
        "point_id": "OKKK-LKPR:024",
        "sequence": 24,
        "waypoint": "ODPOT",
        "point_role": "enroute",
        "overfly": false,
        "longitude": 35.866111,
        "latitude": 40.990278
      },
      "geometry": {
        "type": "Point",
        "coordinates": [
          35.866111,
          40.990278
        ]
      }
    },
    {
      "type": "Feature",
      "id": "OKKK-LKPR:025",
      "properties": {
        "route_id": "OKKK-LKPR",
        "route_name": "OKKK-LKPR",
        "origin": "OKKK",
        "destination": "LKPR",
        "point_count": 42,
        "source_file": "OKKK-LKPR.gpx",
        "point_id": "OKKK-LKPR:025",
        "sequence": 25,
        "waypoint": "RUXEV",
        "point_role": "enroute",
        "overfly": false,
        "longitude": 34.862222,
        "latitude": 41.263611
      },
      "geometry": {
        "type": "Point",
        "coordinates": [
          34.862222,
          41.263611
        ]
      }
    },
    {
      "type": "Feature",
      "id": "OKKK-LKPR:026",
      "properties": {
        "route_id": "OKKK-LKPR",
        "route_name": "OKKK-LKPR",
        "origin": "OKKK",
        "destination": "LKPR",
        "point_count": 42,
        "source_file": "OKKK-LKPR.gpx",
        "point_id": "OKKK-LKPR:026",
        "sequence": 26,
        "waypoint": "EKSUK",
        "point_role": "enroute",
        "overfly": false,
        "longitude": 34.337222,
        "latitude": 41.4025
      },
      "geometry": {
        "type": "Point",
        "coordinates": [
          34.337222,
          41.4025
        ]
      }
    },
    {
      "type": "Feature",
      "id": "OKKK-LKPR:027",
      "properties": {
        "route_id": "OKKK-LKPR",
        "route_name": "OKKK-LKPR",
        "origin": "OKKK",
        "destination": "LKPR",
        "point_count": 42,
        "source_file": "OKKK-LKPR.gpx",
        "point_id": "OKKK-LKPR:027",
        "sequence": 27,
        "waypoint": "UPKAG",
        "point_role": "enroute",
        "overfly": false,
        "longitude": 34.135278,
        "latitude": 41.454722
      },
      "geometry": {
        "type": "Point",
        "coordinates": [
          34.135278,
          41.454722
        ]
      }
    },
    {
      "type": "Feature",
      "id": "OKKK-LKPR:028",
      "properties": {
        "route_id": "OKKK-LKPR",
        "route_name": "OKKK-LKPR",
        "origin": "OKKK",
        "destination": "LKPR",
        "point_count": 42,
        "source_file": "OKKK-LKPR.gpx",
        "point_id": "OKKK-LKPR:028",
        "sequence": 28,
        "waypoint": "VAXEB",
        "point_role": "enroute",
        "overfly": false,
        "longitude": 33.578611,
        "latitude": 41.596944
      },
      "geometry": {
        "type": "Point",
        "coordinates": [
          33.578611,
          41.596944
        ]
      }
    },
    {
      "type": "Feature",
      "id": "OKKK-LKPR:029",
      "properties": {
        "route_id": "OKKK-LKPR",
        "route_name": "OKKK-LKPR",
        "origin": "OKKK",
        "destination": "LKPR",
        "point_count": 42,
        "source_file": "OKKK-LKPR.gpx",
        "point_id": "OKKK-LKPR:029",
        "sequence": 29,
        "waypoint": "ESOSU",
        "point_role": "enroute",
        "overfly": false,
        "longitude": 33.538056,
        "latitude": 41.607222
      },
      "geometry": {
        "type": "Point",
        "coordinates": [
          33.538056,
          41.607222
        ]
      }
    },
    {
      "type": "Feature",
      "id": "OKKK-LKPR:030",
      "properties": {
        "route_id": "OKKK-LKPR",
        "route_name": "OKKK-LKPR",
        "origin": "OKKK",
        "destination": "LKPR",
        "point_count": 42,
        "source_file": "OKKK-LKPR.gpx",
        "point_id": "OKKK-LKPR:030",
        "sequence": 30,
        "waypoint": "TIVUG",
        "point_role": "enroute",
        "overfly": false,
        "longitude": 33.031111,
        "latitude": 41.733611
      },
      "geometry": {
        "type": "Point",
        "coordinates": [
          33.031111,
          41.733611
        ]
      }
    },
    {
      "type": "Feature",
      "id": "OKKK-LKPR:031",
      "properties": {
        "route_id": "OKKK-LKPR",
        "route_name": "OKKK-LKPR",
        "origin": "OKKK",
        "destination": "LKPR",
        "point_count": 42,
        "source_file": "OKKK-LKPR.gpx",
        "point_id": "OKKK-LKPR:031",
        "sequence": 31,
        "waypoint": "EVPUV",
        "point_role": "enroute",
        "overfly": false,
        "longitude": 32.759444,
        "latitude": 41.800278
      },
      "geometry": {
        "type": "Point",
        "coordinates": [
          32.759444,
          41.800278
        ]
      }
    },
    {
      "type": "Feature",
      "id": "OKKK-LKPR:032",
      "properties": {
        "route_id": "OKKK-LKPR",
        "route_name": "OKKK-LKPR",
        "origin": "OKKK",
        "destination": "LKPR",
        "point_count": 42,
        "source_file": "OKKK-LKPR.gpx",
        "point_id": "OKKK-LKPR:032",
        "sequence": 32,
        "waypoint": "DEVMU",
        "point_role": "enroute",
        "overfly": false,
        "longitude": 32.461111,
        "latitude": 41.8725
      },
      "geometry": {
        "type": "Point",
        "coordinates": [
          32.461111,
          41.8725
        ]
      }
    },
    {
      "type": "Feature",
      "id": "OKKK-LKPR:033",
      "properties": {
        "route_id": "OKKK-LKPR",
        "route_name": "OKKK-LKPR",
        "origin": "OKKK",
        "destination": "LKPR",
        "point_count": 42,
        "source_file": "OKKK-LKPR.gpx",
        "point_id": "OKKK-LKPR:033",
        "sequence": 33,
        "waypoint": "EVPIM",
        "point_role": "enroute",
        "overfly": false,
        "longitude": 32.366667,
        "latitude": 41.895
      },
      "geometry": {
        "type": "Point",
        "coordinates": [
          32.366667,
          41.895
        ]
      }
    },
    {
      "type": "Feature",
      "id": "OKKK-LKPR:034",
      "properties": {
        "route_id": "OKKK-LKPR",
        "route_name": "OKKK-LKPR",
        "origin": "OKKK",
        "destination": "LKPR",
        "point_count": 42,
        "source_file": "OKKK-LKPR.gpx",
        "point_id": "OKKK-LKPR:034",
        "sequence": 34,
        "waypoint": "BEDOP",
        "point_role": "enroute",
        "overfly": false,
        "longitude": 32.232778,
        "latitude": 41.927222
      },
      "geometry": {
        "type": "Point",
        "coordinates": [
          32.232778,
          41.927222
        ]
      }
    },
    {
      "type": "Feature",
      "id": "OKKK-LKPR:035",
      "properties": {
        "route_id": "OKKK-LKPR",
        "route_name": "OKKK-LKPR",
        "origin": "OKKK",
        "destination": "LKPR",
        "point_count": 42,
        "source_file": "OKKK-LKPR.gpx",
        "point_id": "OKKK-LKPR:035",
        "sequence": 35,
        "waypoint": "MODAU",
        "point_role": "enroute",
        "overfly": false,
        "longitude": 31.885833,
        "latitude": 42.009167
      },
      "geometry": {
        "type": "Point",
        "coordinates": [
          31.885833,
          42.009167
        ]
      }
    },
    {
      "type": "Feature",
      "id": "OKKK-LKPR:036",
      "properties": {
        "route_id": "OKKK-LKPR",
        "route_name": "OKKK-LKPR",
        "origin": "OKKK",
        "destination": "LKPR",
        "point_count": 42,
        "source_file": "OKKK-LKPR.gpx",
        "point_id": "OKKK-LKPR:036",
        "sequence": 36,
        "waypoint": "ODMAX",
        "point_role": "enroute",
        "overfly": false,
        "longitude": 31.403056,
        "latitude": 42.121389
      },
      "geometry": {
        "type": "Point",
        "coordinates": [
          31.403056,
          42.121389
        ]
      }
    },
    {
      "type": "Feature",
      "id": "OKKK-LKPR:037",
      "properties": {
        "route_id": "OKKK-LKPR",
        "route_name": "OKKK-LKPR",
        "origin": "OKKK",
        "destination": "LKPR",
        "point_count": 42,
        "source_file": "OKKK-LKPR.gpx",
        "point_id": "OKKK-LKPR:037",
        "sequence": 37,
        "waypoint": "NEGEM",
        "point_role": "enroute",
        "overfly": false,
        "longitude": 29.870278,
        "latitude": 42.461667
      },
      "geometry": {
        "type": "Point",
        "coordinates": [
          29.870278,
          42.461667
        ]
      }
    },
    {
      "type": "Feature",
      "id": "OKKK-LKPR:038",
      "properties": {
        "route_id": "OKKK-LKPR",
        "route_name": "OKKK-LKPR",
        "origin": "OKKK",
        "destination": "LKPR",
        "point_count": 42,
        "source_file": "OKKK-LKPR.gpx",
        "point_id": "OKKK-LKPR:038",
        "sequence": 38,
        "waypoint": "BUDOP",
        "point_role": "enroute",
        "overfly": false,
        "longitude": 21.496667,
        "latitude": 46.6875
      },
      "geometry": {
        "type": "Point",
        "coordinates": [
          21.496667,
          46.6875
        ]
      }
    },
    {
      "type": "Feature",
      "id": "OKKK-LKPR:039",
      "properties": {
        "route_id": "OKKK-LKPR",
        "route_name": "OKKK-LKPR",
        "origin": "OKKK",
        "destination": "LKPR",
        "point_count": 42,
        "source_file": "OKKK-LKPR.gpx",
        "point_id": "OKKK-LKPR:039",
        "sequence": 39,
        "waypoint": "LALES",
        "point_role": "enroute",
        "overfly": false,
        "longitude": 17.709514,
        "latitude": 48.865172
      },
      "geometry": {
        "type": "Point",
        "coordinates": [
          17.709514,
          48.865172
        ]
      }
    },
    {
      "type": "Feature",
      "id": "OKKK-LKPR:040",
      "properties": {
        "route_id": "OKKK-LKPR",
        "route_name": "OKKK-LKPR",
        "origin": "OKKK",
        "destination": "LKPR",
        "point_count": 42,
        "source_file": "OKKK-LKPR.gpx",
        "point_id": "OKKK-LKPR:040",
        "sequence": 40,
        "waypoint": "TUMKA",
        "point_role": "enroute",
        "overfly": false,
        "longitude": 15.947267,
        "latitude": 49.407894
      },
      "geometry": {
        "type": "Point",
        "coordinates": [
          15.947267,
          49.407894
        ]
      }
    },
    {
      "type": "Feature",
      "id": "OKKK-LKPR:041",
      "properties": {
        "route_id": "OKKK-LKPR",
        "route_name": "OKKK-LKPR",
        "origin": "OKKK",
        "destination": "LKPR",
        "point_count": 42,
        "source_file": "OKKK-LKPR.gpx",
        "point_id": "OKKK-LKPR:041",
        "sequence": 41,
        "waypoint": "VLM",
        "point_role": "enroute",
        "overfly": false,
        "longitude": 15.066742,
        "latitude": 49.704272
      },
      "geometry": {
        "type": "Point",
        "coordinates": [
          15.066742,
          49.704272
        ]
      }
    },
    {
      "type": "Feature",
      "id": "OKKK-LKPR:042",
      "properties": {
        "route_id": "OKKK-LKPR",
        "route_name": "OKKK-LKPR",
        "origin": "OKKK",
        "destination": "LKPR",
        "point_count": 42,
        "source_file": "OKKK-LKPR.gpx",
        "point_id": "OKKK-LKPR:042",
        "sequence": 42,
        "waypoint": "LKPR",
        "point_role": "destination",
        "overfly": false,
        "longitude": 14.26,
        "latitude": 50.100833
      },
      "geometry": {
        "type": "Point",
        "coordinates": [
          14.26,
          50.100833
        ]
      }
    },
    {
      "type": "Feature",
      "id": "OKKK-LOWW:001",
      "properties": {
        "route_id": "OKKK-LOWW",
        "route_name": "OKKK-LOWW",
        "origin": "OKKK",
        "destination": "LOWW",
        "point_count": 30,
        "source_file": "OKKK-LOWW.gpx",
        "point_id": "OKKK-LOWW:001",
        "sequence": 1,
        "waypoint": "OKKK",
        "point_role": "origin",
        "overfly": false,
        "longitude": 47.979953,
        "latitude": 29.226767
      },
      "geometry": {
        "type": "Point",
        "coordinates": [
          47.979953,
          29.226767
        ]
      }
    },
    {
      "type": "Feature",
      "id": "OKKK-LOWW:002",
      "properties": {
        "route_id": "OKKK-LOWW",
        "route_name": "OKKK-LOWW",
        "origin": "OKKK",
        "destination": "LOWW",
        "point_count": 30,
        "source_file": "OKKK-LOWW.gpx",
        "point_id": "OKKK-LOWW:002",
        "sequence": 2,
        "waypoint": "NIDAP",
        "point_role": "enroute",
        "overfly": false,
        "longitude": 47.615556,
        "latitude": 28.649167
      },
      "geometry": {
        "type": "Point",
        "coordinates": [
          47.615556,
          28.649167
        ]
      }
    },
    {
      "type": "Feature",
      "id": "OKKK-LOWW:003",
      "properties": {
        "route_id": "OKKK-LOWW",
        "route_name": "OKKK-LOWW",
        "origin": "OKKK",
        "destination": "LOWW",
        "point_count": 30,
        "source_file": "OKKK-LOWW.gpx",
        "point_id": "OKKK-LOWW:003",
        "sequence": 3,
        "waypoint": "BOSID",
        "point_role": "enroute",
        "overfly": false,
        "longitude": 46.874444,
        "latitude": 28.709444
      },
      "geometry": {
        "type": "Point",
        "coordinates": [
          46.874444,
          28.709444
        ]
      }
    },
    {
      "type": "Feature",
      "id": "OKKK-LOWW:004",
      "properties": {
        "route_id": "OKKK-LOWW",
        "route_name": "OKKK-LOWW",
        "origin": "OKKK",
        "destination": "LOWW",
        "point_count": 30,
        "source_file": "OKKK-LOWW.gpx",
        "point_id": "OKKK-LOWW:004",
        "sequence": 4,
        "waypoint": "SIBSA",
        "point_role": "enroute",
        "overfly": false,
        "longitude": 46.335,
        "latitude": 28.751667
      },
      "geometry": {
        "type": "Point",
        "coordinates": [
          46.335,
          28.751667
        ]
      }
    },
    {
      "type": "Feature",
      "id": "OKKK-LOWW:005",
      "properties": {
        "route_id": "OKKK-LOWW",
        "route_name": "OKKK-LOWW",
        "origin": "OKKK",
        "destination": "LOWW",
        "point_count": 30,
        "source_file": "OKKK-LOWW.gpx",
        "point_id": "OKKK-LOWW:005",
        "sequence": 5,
        "waypoint": "LAKSO",
        "point_role": "enroute",
        "overfly": false,
        "longitude": 45.691389,
        "latitude": 28.7975
      },
      "geometry": {
        "type": "Point",
        "coordinates": [
          45.691389,
          28.7975
        ]
      }
    },
    {
      "type": "Feature",
      "id": "OKKK-LOWW:006",
      "properties": {
        "route_id": "OKKK-LOWW",
        "route_name": "OKKK-LOWW",
        "origin": "OKKK",
        "destination": "LOWW",
        "point_count": 30,
        "source_file": "OKKK-LOWW.gpx",
        "point_id": "OKKK-LOWW:006",
        "sequence": 6,
        "waypoint": "VATIM",
        "point_role": "enroute",
        "overfly": false,
        "longitude": 44.745278,
        "latitude": 28.86
      },
      "geometry": {
        "type": "Point",
        "coordinates": [
          44.745278,
          28.86
        ]
      }
    },
    {
      "type": "Feature",
      "id": "OKKK-LOWW:007",
      "properties": {
        "route_id": "OKKK-LOWW",
        "route_name": "OKKK-LOWW",
        "origin": "OKKK",
        "destination": "LOWW",
        "point_count": 30,
        "source_file": "OKKK-LOWW.gpx",
        "point_id": "OKKK-LOWW:007",
        "sequence": 7,
        "waypoint": "RAF",
        "point_role": "enroute",
        "overfly": false,
        "longitude": 43.497972,
        "latitude": 29.620194
      },
      "geometry": {
        "type": "Point",
        "coordinates": [
          43.497972,
          29.620194
        ]
      }
    },
    {
      "type": "Feature",
      "id": "OKKK-LOWW:008",
      "properties": {
        "route_id": "OKKK-LOWW",
        "route_name": "OKKK-LOWW",
        "origin": "OKKK",
        "destination": "LOWW",
        "point_count": 30,
        "source_file": "OKKK-LOWW.gpx",
        "point_id": "OKKK-LOWW:008",
        "sequence": 8,
        "waypoint": "RAGED",
        "point_role": "enroute",
        "overfly": false,
        "longitude": 42.196944,
        "latitude": 30.088333
      },
      "geometry": {
        "type": "Point",
        "coordinates": [
          42.196944,
          30.088333
        ]
      }
    },
    {
      "type": "Feature",
      "id": "OKKK-LOWW:009",
      "properties": {
        "route_id": "OKKK-LOWW",
        "route_name": "OKKK-LOWW",
        "origin": "OKKK",
        "destination": "LOWW",
        "point_count": 30,
        "source_file": "OKKK-LOWW.gpx",
        "point_id": "OKKK-LOWW:009",
        "sequence": 9,
        "waypoint": "AAR",
        "point_role": "enroute",
        "overfly": false,
        "longitude": 41.142167,
        "latitude": 30.908028
      },
      "geometry": {
        "type": "Point",
        "coordinates": [
          41.142167,
          30.908028
        ]
      }
    },
    {
      "type": "Feature",
      "id": "OKKK-LOWW:010",
      "properties": {
        "route_id": "OKKK-LOWW",
        "route_name": "OKKK-LOWW",
        "origin": "OKKK",
        "destination": "LOWW",
        "point_count": 30,
        "source_file": "OKKK-LOWW.gpx",
        "point_id": "OKKK-LOWW:010",
        "sequence": 10,
        "waypoint": "OVANO",
        "point_role": "enroute",
        "overfly": false,
        "longitude": 39.164167,
        "latitude": 31.800278
      },
      "geometry": {
        "type": "Point",
        "coordinates": [
          39.164167,
          31.800278
        ]
      }
    },
    {
      "type": "Feature",
      "id": "OKKK-LOWW:011",
      "properties": {
        "route_id": "OKKK-LOWW",
        "route_name": "OKKK-LOWW",
        "origin": "OKKK",
        "destination": "LOWW",
        "point_count": 30,
        "source_file": "OKKK-LOWW.gpx",
        "point_id": "OKKK-LOWW:011",
        "sequence": 11,
        "waypoint": "OTILA",
        "point_role": "enroute",
        "overfly": false,
        "longitude": 39.031344,
        "latitude": 32.025278
      },
      "geometry": {
        "type": "Point",
        "coordinates": [
          39.031344,
          32.025278
        ]
      }
    },
    {
      "type": "Feature",
      "id": "OKKK-LOWW:012",
      "properties": {
        "route_id": "OKKK-LOWW",
        "route_name": "OKKK-LOWW",
        "origin": "OKKK",
        "destination": "LOWW",
        "point_count": 30,
        "source_file": "OKKK-LOWW.gpx",
        "point_id": "OKKK-LOWW:012",
        "sequence": 12,
        "waypoint": "MODAD",
        "point_role": "enroute",
        "overfly": false,
        "longitude": 38.693928,
        "latitude": 32.594411
      },
      "geometry": {
        "type": "Point",
        "coordinates": [
          38.693928,
          32.594411
        ]
      }
    },
    {
      "type": "Feature",
      "id": "OKKK-LOWW:013",
      "properties": {
        "route_id": "OKKK-LOWW",
        "route_name": "OKKK-LOWW",
        "origin": "OKKK",
        "destination": "LOWW",
        "point_count": 30,
        "source_file": "OKKK-LOWW.gpx",
        "point_id": "OKKK-LOWW:013",
        "sequence": 13,
        "waypoint": "KUMLO",
        "point_role": "enroute",
        "overfly": false,
        "longitude": 38.468797,
        "latitude": 32.96995
      },
      "geometry": {
        "type": "Point",
        "coordinates": [
          38.468797,
          32.96995
        ]
      }
    },
    {
      "type": "Feature",
      "id": "OKKK-LOWW:014",
      "properties": {
        "route_id": "OKKK-LOWW",
        "route_name": "OKKK-LOWW",
        "origin": "OKKK",
        "destination": "LOWW",
        "point_count": 30,
        "source_file": "OKKK-LOWW.gpx",
        "point_id": "OKKK-LOWW:014",
        "sequence": 14,
        "waypoint": "SOKAN",
        "point_role": "enroute",
        "overfly": false,
        "longitude": 38.368611,
        "latitude": 33.135833
      },
      "geometry": {
        "type": "Point",
        "coordinates": [
          38.368611,
          33.135833
        ]
      }
    },
    {
      "type": "Feature",
      "id": "OKKK-LOWW:015",
      "properties": {
        "route_id": "OKKK-LOWW",
        "route_name": "OKKK-LOWW",
        "origin": "OKKK",
        "destination": "LOWW",
        "point_count": 30,
        "source_file": "OKKK-LOWW.gpx",
        "point_id": "OKKK-LOWW:015",
        "sequence": 15,
        "waypoint": "FIRAS",
        "point_role": "enroute",
        "overfly": false,
        "longitude": 37.92,
        "latitude": 33.871944
      },
      "geometry": {
        "type": "Point",
        "coordinates": [
          37.92,
          33.871944
        ]
      }
    },
    {
      "type": "Feature",
      "id": "OKKK-LOWW:016",
      "properties": {
        "route_id": "OKKK-LOWW",
        "route_name": "OKKK-LOWW",
        "origin": "OKKK",
        "destination": "LOWW",
        "point_count": 30,
        "source_file": "OKKK-LOWW.gpx",
        "point_id": "OKKK-LOWW:016",
        "sequence": 16,
        "waypoint": "NISAP",
        "point_role": "enroute",
        "overfly": false,
        "longitude": 36.641389,
        "latitude": 36.784444
      },
      "geometry": {
        "type": "Point",
        "coordinates": [
          36.641389,
          36.784444
        ]
      }
    },
    {
      "type": "Feature",
      "id": "OKKK-LOWW:017",
      "properties": {
        "route_id": "OKKK-LOWW",
        "route_name": "OKKK-LOWW",
        "origin": "OKKK",
        "destination": "LOWW",
        "point_count": 30,
        "source_file": "OKKK-LOWW.gpx",
        "point_id": "OKKK-LOWW:017",
        "sequence": 17,
        "waypoint": "MILBA",
        "point_role": "enroute",
        "overfly": false,
        "longitude": 36.479444,
        "latitude": 36.951389
      },
      "geometry": {
        "type": "Point",
        "coordinates": [
          36.479444,
          36.951389
        ]
      }
    },
    {
      "type": "Feature",
      "id": "OKKK-LOWW:018",
      "properties": {
        "route_id": "OKKK-LOWW",
        "route_name": "OKKK-LOWW",
        "origin": "OKKK",
        "destination": "LOWW",
        "point_count": 30,
        "source_file": "OKKK-LOWW.gpx",
        "point_id": "OKKK-LOWW:018",
        "sequence": 18,
        "waypoint": "TEVDA",
        "point_role": "enroute",
        "overfly": false,
        "longitude": 35.066667,
        "latitude": 38.372778
      },
      "geometry": {
        "type": "Point",
        "coordinates": [
          35.066667,
          38.372778
        ]
      }
    },
    {
      "type": "Feature",
      "id": "OKKK-LOWW:019",
      "properties": {
        "route_id": "OKKK-LOWW",
        "route_name": "OKKK-LOWW",
        "origin": "OKKK",
        "destination": "LOWW",
        "point_count": 30,
        "source_file": "OKKK-LOWW.gpx",
        "point_id": "OKKK-LOWW:019",
        "sequence": 19,
        "waypoint": "BELSU",
        "point_role": "enroute",
        "overfly": false,
        "longitude": 34.286389,
        "latitude": 39.130833
      },
      "geometry": {
        "type": "Point",
        "coordinates": [
          34.286389,
          39.130833
        ]
      }
    },
    {
      "type": "Feature",
      "id": "OKKK-LOWW:020",
      "properties": {
        "route_id": "OKKK-LOWW",
        "route_name": "OKKK-LOWW",
        "origin": "OKKK",
        "destination": "LOWW",
        "point_count": 30,
        "source_file": "OKKK-LOWW.gpx",
        "point_id": "OKKK-LOWW:020",
        "sequence": 20,
        "waypoint": "BUK",
        "point_role": "enroute",
        "overfly": false,
        "longitude": 33.104917,
        "latitude": 40.241861
      },
      "geometry": {
        "type": "Point",
        "coordinates": [
          33.104917,
          40.241861
        ]
      }
    },
    {
      "type": "Feature",
      "id": "OKKK-LOWW:021",
      "properties": {
        "route_id": "OKKK-LOWW",
        "route_name": "OKKK-LOWW",
        "origin": "OKKK",
        "destination": "LOWW",
        "point_count": 30,
        "source_file": "OKKK-LOWW.gpx",
        "point_id": "OKKK-LOWW:021",
        "sequence": 21,
        "waypoint": "DEREL",
        "point_role": "enroute",
        "overfly": false,
        "longitude": 32.193333,
        "latitude": 40.713889
      },
      "geometry": {
        "type": "Point",
        "coordinates": [
          32.193333,
          40.713889
        ]
      }
    },
    {
      "type": "Feature",
      "id": "OKKK-LOWW:022",
      "properties": {
        "route_id": "OKKK-LOWW",
        "route_name": "OKKK-LOWW",
        "origin": "OKKK",
        "destination": "LOWW",
        "point_count": 30,
        "source_file": "OKKK-LOWW.gpx",
        "point_id": "OKKK-LOWW:022",
        "sequence": 22,
        "waypoint": "AKCAK",
        "point_role": "enroute",
        "overfly": false,
        "longitude": 30.724722,
        "latitude": 41.428889
      },
      "geometry": {
        "type": "Point",
        "coordinates": [
          30.724722,
          41.428889
        ]
      }
    },
    {
      "type": "Feature",
      "id": "OKKK-LOWW:023",
      "properties": {
        "route_id": "OKKK-LOWW",
        "route_name": "OKKK-LOWW",
        "origin": "OKKK",
        "destination": "LOWW",
        "point_count": 30,
        "source_file": "OKKK-LOWW.gpx",
        "point_id": "OKKK-LOWW:023",
        "sequence": 23,
        "waypoint": "MAKOL",
        "point_role": "enroute",
        "overfly": false,
        "longitude": 29.142778,
        "latitude": 42.170556
      },
      "geometry": {
        "type": "Point",
        "coordinates": [
          29.142778,
          42.170556
        ]
      }
    },
    {
      "type": "Feature",
      "id": "OKKK-LOWW:024",
      "properties": {
        "route_id": "OKKK-LOWW",
        "route_name": "OKKK-LOWW",
        "origin": "OKKK",
        "destination": "LOWW",
        "point_count": 30,
        "source_file": "OKKK-LOWW.gpx",
        "point_id": "OKKK-LOWW:024",
        "sequence": 24,
        "waypoint": "UTEKA",
        "point_role": "enroute",
        "overfly": false,
        "longitude": 22.392222,
        "latitude": 43.912222
      },
      "geometry": {
        "type": "Point",
        "coordinates": [
          22.392222,
          43.912222
        ]
      }
    },
    {
      "type": "Feature",
      "id": "OKKK-LOWW:025",
      "properties": {
        "route_id": "OKKK-LOWW",
        "route_name": "OKKK-LOWW",
        "origin": "OKKK",
        "destination": "LOWW",
        "point_count": 30,
        "source_file": "OKKK-LOWW.gpx",
        "point_id": "OKKK-LOWW:025",
        "sequence": 25,
        "waypoint": "DONIV",
        "point_role": "enroute",
        "overfly": false,
        "longitude": 21.169556,
        "latitude": 44.748861
      },
      "geometry": {
        "type": "Point",
        "coordinates": [
          21.169556,
          44.748861
        ]
      }
    },
    {
      "type": "Feature",
      "id": "OKKK-LOWW:026",
      "properties": {
        "route_id": "OKKK-LOWW",
        "route_name": "OKKK-LOWW",
        "origin": "OKKK",
        "destination": "LOWW",
        "point_count": 30,
        "source_file": "OKKK-LOWW.gpx",
        "point_id": "OKKK-LOWW:026",
        "sequence": 26,
        "waypoint": "PARAK",
        "point_role": "enroute",
        "overfly": false,
        "longitude": 20.094167,
        "latitude": 46.163889
      },
      "geometry": {
        "type": "Point",
        "coordinates": [
          20.094167,
          46.163889
        ]
      }
    },
    {
      "type": "Feature",
      "id": "OKKK-LOWW:027",
      "properties": {
        "route_id": "OKKK-LOWW",
        "route_name": "OKKK-LOWW",
        "origin": "OKKK",
        "destination": "LOWW",
        "point_count": 30,
        "source_file": "OKKK-LOWW.gpx",
        "point_id": "OKKK-LOWW:027",
        "sequence": 27,
        "waypoint": "BALUX",
        "point_role": "enroute",
        "overfly": false,
        "longitude": 19.129444,
        "latitude": 47.340833
      },
      "geometry": {
        "type": "Point",
        "coordinates": [
          19.129444,
          47.340833
        ]
      }
    },
    {
      "type": "Feature",
      "id": "OKKK-LOWW:028",
      "properties": {
        "route_id": "OKKK-LOWW",
        "route_name": "OKKK-LOWW",
        "origin": "OKKK",
        "destination": "LOWW",
        "point_count": 30,
        "source_file": "OKKK-LOWW.gpx",
        "point_id": "OKKK-LOWW:028",
        "sequence": 28,
        "waypoint": "TORNO",
        "point_role": "enroute",
        "overfly": false,
        "longitude": 18.49,
        "latitude": 47.539722
      },
      "geometry": {
        "type": "Point",
        "coordinates": [
          18.49,
          47.539722
        ]
      }
    },
    {
      "type": "Feature",
      "id": "OKKK-LOWW:029",
      "properties": {
        "route_id": "OKKK-LOWW",
        "route_name": "OKKK-LOWW",
        "origin": "OKKK",
        "destination": "LOWW",
        "point_count": 30,
        "source_file": "OKKK-LOWW.gpx",
        "point_id": "OKKK-LOWW:029",
        "sequence": 29,
        "waypoint": "NATEX",
        "point_role": "enroute",
        "overfly": false,
        "longitude": 17.5,
        "latitude": 47.746944
      },
      "geometry": {
        "type": "Point",
        "coordinates": [
          17.5,
          47.746944
        ]
      }
    },
    {
      "type": "Feature",
      "id": "OKKK-LOWW:030",
      "properties": {
        "route_id": "OKKK-LOWW",
        "route_name": "OKKK-LOWW",
        "origin": "OKKK",
        "destination": "LOWW",
        "point_count": 30,
        "source_file": "OKKK-LOWW.gpx",
        "point_id": "OKKK-LOWW:030",
        "sequence": 30,
        "waypoint": "LOWW",
        "point_role": "destination",
        "overfly": false,
        "longitude": 16.569722,
        "latitude": 48.110278
      },
      "geometry": {
        "type": "Point",
        "coordinates": [
          16.569722,
          48.110278
        ]
      }
    },
    {
      "type": "Feature",
      "id": "OMDB-ESSA:001",
      "properties": {
        "route_id": "OMDB-ESSA",
        "route_name": "OMDB-ESSA",
        "origin": "OMDB",
        "destination": "ESSA",
        "point_count": 74,
        "source_file": "OMDB-ESSA.gpx",
        "point_id": "OMDB-ESSA:001",
        "sequence": 1,
        "waypoint": "OMDB",
        "point_role": "origin",
        "overfly": false,
        "longitude": 55.364444,
        "latitude": 25.252778
      },
      "geometry": {
        "type": "Point",
        "coordinates": [
          55.364444,
          25.252778
        ]
      }
    },
    {
      "type": "Feature",
      "id": "OMDB-ESSA:002",
      "properties": {
        "route_id": "OMDB-ESSA",
        "route_name": "OMDB-ESSA",
        "origin": "OMDB",
        "destination": "ESSA",
        "point_count": 74,
        "source_file": "OMDB-ESSA.gpx",
        "point_id": "OMDB-ESSA:002",
        "sequence": 2,
        "waypoint": "SENPA",
        "point_role": "enroute",
        "overfly": false,
        "longitude": 54.53625,
        "latitude": 25.333222
      },
      "geometry": {
        "type": "Point",
        "coordinates": [
          54.53625,
          25.333222
        ]
      }
    },
    {
      "type": "Feature",
      "id": "OMDB-ESSA:003",
      "properties": {
        "route_id": "OMDB-ESSA",
        "route_name": "OMDB-ESSA",
        "origin": "OMDB",
        "destination": "ESSA",
        "point_count": 74,
        "source_file": "OMDB-ESSA.gpx",
        "point_id": "OMDB-ESSA:003",
        "sequence": 3,
        "waypoint": "RUDUK",
        "point_role": "enroute",
        "overfly": false,
        "longitude": 54.280556,
        "latitude": 25.402222
      },
      "geometry": {
        "type": "Point",
        "coordinates": [
          54.280556,
          25.402222
        ]
      }
    },
    {
      "type": "Feature",
      "id": "OMDB-ESSA:004",
      "properties": {
        "route_id": "OMDB-ESSA",
        "route_name": "OMDB-ESSA",
        "origin": "OMDB",
        "destination": "ESSA",
        "point_count": 74,
        "source_file": "OMDB-ESSA.gpx",
        "point_id": "OMDB-ESSA:004",
        "sequence": 4,
        "waypoint": "ULIVA",
        "point_role": "enroute",
        "overfly": false,
        "longitude": 54.103056,
        "latitude": 25.446389
      },
      "geometry": {
        "type": "Point",
        "coordinates": [
          54.103056,
          25.446389
        ]
      }
    },
    {
      "type": "Feature",
      "id": "OMDB-ESSA:005",
      "properties": {
        "route_id": "OMDB-ESSA",
        "route_name": "OMDB-ESSA",
        "origin": "OMDB",
        "destination": "ESSA",
        "point_count": 74,
        "source_file": "OMDB-ESSA.gpx",
        "point_id": "OMDB-ESSA:005",
        "sequence": 5,
        "waypoint": "SISOB",
        "point_role": "enroute",
        "overfly": false,
        "longitude": 53.7525,
        "latitude": 25.530556
      },
      "geometry": {
        "type": "Point",
        "coordinates": [
          53.7525,
          25.530556
        ]
      }
    },
    {
      "type": "Feature",
      "id": "OMDB-ESSA:006",
      "properties": {
        "route_id": "OMDB-ESSA",
        "route_name": "OMDB-ESSA",
        "origin": "OMDB",
        "destination": "ESSA",
        "point_count": 74,
        "source_file": "OMDB-ESSA.gpx",
        "point_id": "OMDB-ESSA:006",
        "sequence": 6,
        "waypoint": "PURLI",
        "point_role": "enroute",
        "overfly": false,
        "longitude": 53.41,
        "latitude": 25.612222
      },
      "geometry": {
        "type": "Point",
        "coordinates": [
          53.41,
          25.612222
        ]
      }
    },
    {
      "type": "Feature",
      "id": "OMDB-ESSA:007",
      "properties": {
        "route_id": "OMDB-ESSA",
        "route_name": "OMDB-ESSA",
        "origin": "OMDB",
        "destination": "ESSA",
        "point_count": 74,
        "source_file": "OMDB-ESSA.gpx",
        "point_id": "OMDB-ESSA:007",
        "sequence": 7,
        "waypoint": "ALPOB",
        "point_role": "enroute",
        "overfly": false,
        "longitude": 53.015278,
        "latitude": 25.705
      },
      "geometry": {
        "type": "Point",
        "coordinates": [
          53.015278,
          25.705
        ]
      }
    },
    {
      "type": "Feature",
      "id": "OMDB-ESSA:008",
      "properties": {
        "route_id": "OMDB-ESSA",
        "route_name": "OMDB-ESSA",
        "origin": "OMDB",
        "destination": "ESSA",
        "point_count": 74,
        "source_file": "OMDB-ESSA.gpx",
        "point_id": "OMDB-ESSA:008",
        "sequence": 8,
        "waypoint": "ROTAG",
        "point_role": "enroute",
        "overfly": false,
        "longitude": 52.605833,
        "latitude": 25.898056
      },
      "geometry": {
        "type": "Point",
        "coordinates": [
          52.605833,
          25.898056
        ]
      }
    },
    {
      "type": "Feature",
      "id": "OMDB-ESSA:009",
      "properties": {
        "route_id": "OMDB-ESSA",
        "route_name": "OMDB-ESSA",
        "origin": "OMDB",
        "destination": "ESSA",
        "point_count": 74,
        "source_file": "OMDB-ESSA.gpx",
        "point_id": "OMDB-ESSA:009",
        "sequence": 9,
        "waypoint": "ITMUB",
        "point_role": "enroute",
        "overfly": false,
        "longitude": 52.400556,
        "latitude": 25.988611
      },
      "geometry": {
        "type": "Point",
        "coordinates": [
          52.400556,
          25.988611
        ]
      }
    },
    {
      "type": "Feature",
      "id": "OMDB-ESSA:010",
      "properties": {
        "route_id": "OMDB-ESSA",
        "route_name": "OMDB-ESSA",
        "origin": "OMDB",
        "destination": "ESSA",
        "point_count": 74,
        "source_file": "OMDB-ESSA.gpx",
        "point_id": "OMDB-ESSA:010",
        "sequence": 10,
        "waypoint": "MODOG",
        "point_role": "enroute",
        "overfly": false,
        "longitude": 51.993056,
        "latitude": 26.17
      },
      "geometry": {
        "type": "Point",
        "coordinates": [
          51.993056,
          26.17
        ]
      }
    },
    {
      "type": "Feature",
      "id": "OMDB-ESSA:011",
      "properties": {
        "route_id": "OMDB-ESSA",
        "route_name": "OMDB-ESSA",
        "origin": "OMDB",
        "destination": "ESSA",
        "point_count": 74,
        "source_file": "OMDB-ESSA.gpx",
        "point_id": "OMDB-ESSA:011",
        "sequence": 11,
        "waypoint": "RAMKI",
        "point_role": "enroute",
        "overfly": false,
        "longitude": 51.940294,
        "latitude": 26.193889
      },
      "geometry": {
        "type": "Point",
        "coordinates": [
          51.940294,
          26.193889
        ]
      }
    },
    {
      "type": "Feature",
      "id": "OMDB-ESSA:012",
      "properties": {
        "route_id": "OMDB-ESSA",
        "route_name": "OMDB-ESSA",
        "origin": "OMDB",
        "destination": "ESSA",
        "point_count": 74,
        "source_file": "OMDB-ESSA.gpx",
        "point_id": "OMDB-ESSA:012",
        "sequence": 12,
        "waypoint": "RABLA",
        "point_role": "enroute",
        "overfly": false,
        "longitude": 51.809356,
        "latitude": 26.251592
      },
      "geometry": {
        "type": "Point",
        "coordinates": [
          51.809356,
          26.251592
        ]
      }
    },
    {
      "type": "Feature",
      "id": "OMDB-ESSA:013",
      "properties": {
        "route_id": "OMDB-ESSA",
        "route_name": "OMDB-ESSA",
        "origin": "OMDB",
        "destination": "ESSA",
        "point_count": 74,
        "source_file": "OMDB-ESSA.gpx",
        "point_id": "OMDB-ESSA:013",
        "sequence": 13,
        "waypoint": "OBROS",
        "point_role": "enroute",
        "overfly": false,
        "longitude": 51.661244,
        "latitude": 26.3176
      },
      "geometry": {
        "type": "Point",
        "coordinates": [
          51.661244,
          26.3176
        ]
      }
    },
    {
      "type": "Feature",
      "id": "OMDB-ESSA:014",
      "properties": {
        "route_id": "OMDB-ESSA",
        "route_name": "OMDB-ESSA",
        "origin": "OMDB",
        "destination": "ESSA",
        "point_count": 74,
        "source_file": "OMDB-ESSA.gpx",
        "point_id": "OMDB-ESSA:014",
        "sequence": 14,
        "waypoint": "SOLOB",
        "point_role": "enroute",
        "overfly": false,
        "longitude": 51.525556,
        "latitude": 26.378056
      },
      "geometry": {
        "type": "Point",
        "coordinates": [
          51.525556,
          26.378056
        ]
      }
    },
    {
      "type": "Feature",
      "id": "OMDB-ESSA:015",
      "properties": {
        "route_id": "OMDB-ESSA",
        "route_name": "OMDB-ESSA",
        "origin": "OMDB",
        "destination": "ESSA",
        "point_count": 74,
        "source_file": "OMDB-ESSA.gpx",
        "point_id": "OMDB-ESSA:015",
        "sequence": 15,
        "waypoint": "ALREP",
        "point_role": "enroute",
        "overfly": false,
        "longitude": 51.369167,
        "latitude": 26.428056
      },
      "geometry": {
        "type": "Point",
        "coordinates": [
          51.369167,
          26.428056
        ]
      }
    },
    {
      "type": "Feature",
      "id": "OMDB-ESSA:016",
      "properties": {
        "route_id": "OMDB-ESSA",
        "route_name": "OMDB-ESSA",
        "origin": "OMDB",
        "destination": "ESSA",
        "point_count": 74,
        "source_file": "OMDB-ESSA.gpx",
        "point_id": "OMDB-ESSA:016",
        "sequence": 16,
        "waypoint": "ORDIG",
        "point_role": "enroute",
        "overfly": false,
        "longitude": 51.2675,
        "latitude": 26.460556
      },
      "geometry": {
        "type": "Point",
        "coordinates": [
          51.2675,
          26.460556
        ]
      }
    },
    {
      "type": "Feature",
      "id": "OMDB-ESSA:017",
      "properties": {
        "route_id": "OMDB-ESSA",
        "route_name": "OMDB-ESSA",
        "origin": "OMDB",
        "destination": "ESSA",
        "point_count": 74,
        "source_file": "OMDB-ESSA.gpx",
        "point_id": "OMDB-ESSA:017",
        "sequence": 17,
        "waypoint": "MEDMA",
        "point_role": "enroute",
        "overfly": false,
        "longitude": 50.915006,
        "latitude": 26.572594
      },
      "geometry": {
        "type": "Point",
        "coordinates": [
          50.915006,
          26.572594
        ]
      }
    },
    {
      "type": "Feature",
      "id": "OMDB-ESSA:018",
      "properties": {
        "route_id": "OMDB-ESSA",
        "route_name": "OMDB-ESSA",
        "origin": "OMDB",
        "destination": "ESSA",
        "point_count": 74,
        "source_file": "OMDB-ESSA.gpx",
        "point_id": "OMDB-ESSA:018",
        "sequence": 18,
        "waypoint": "OBMON",
        "point_role": "enroute",
        "overfly": false,
        "longitude": 50.690278,
        "latitude": 26.642222
      },
      "geometry": {
        "type": "Point",
        "coordinates": [
          50.690278,
          26.642222
        ]
      }
    },
    {
      "type": "Feature",
      "id": "OMDB-ESSA:019",
      "properties": {
        "route_id": "OMDB-ESSA",
        "route_name": "OMDB-ESSA",
        "origin": "OMDB",
        "destination": "ESSA",
        "point_count": 74,
        "source_file": "OMDB-ESSA.gpx",
        "point_id": "OMDB-ESSA:019",
        "sequence": 19,
        "waypoint": "EGMOR",
        "point_role": "enroute",
        "overfly": false,
        "longitude": 50.485203,
        "latitude": 26.703003
      },
      "geometry": {
        "type": "Point",
        "coordinates": [
          50.485203,
          26.703003
        ]
      }
    },
    {
      "type": "Feature",
      "id": "OMDB-ESSA:020",
      "properties": {
        "route_id": "OMDB-ESSA",
        "route_name": "OMDB-ESSA",
        "origin": "OMDB",
        "destination": "ESSA",
        "point_count": 74,
        "source_file": "OMDB-ESSA.gpx",
        "point_id": "OMDB-ESSA:020",
        "sequence": 20,
        "waypoint": "ULADA",
        "point_role": "enroute",
        "overfly": false,
        "longitude": 50.273333,
        "latitude": 26.7575
      },
      "geometry": {
        "type": "Point",
        "coordinates": [
          50.273333,
          26.7575
        ]
      }
    },
    {
      "type": "Feature",
      "id": "OMDB-ESSA:021",
      "properties": {
        "route_id": "OMDB-ESSA",
        "route_name": "OMDB-ESSA",
        "origin": "OMDB",
        "destination": "ESSA",
        "point_count": 74,
        "source_file": "OMDB-ESSA.gpx",
        "point_id": "OMDB-ESSA:021",
        "sequence": 21,
        "waypoint": "KASES",
        "point_role": "enroute",
        "overfly": false,
        "longitude": 49.9525,
        "latitude": 26.760556
      },
      "geometry": {
        "type": "Point",
        "coordinates": [
          49.9525,
          26.760556
        ]
      }
    },
    {
      "type": "Feature",
      "id": "OMDB-ESSA:022",
      "properties": {
        "route_id": "OMDB-ESSA",
        "route_name": "OMDB-ESSA",
        "origin": "OMDB",
        "destination": "ESSA",
        "point_count": 74,
        "source_file": "OMDB-ESSA.gpx",
        "point_id": "OMDB-ESSA:022",
        "sequence": 22,
        "waypoint": "ALVAP",
        "point_role": "enroute",
        "overfly": false,
        "longitude": 49.59,
        "latitude": 26.763056
      },
      "geometry": {
        "type": "Point",
        "coordinates": [
          49.59,
          26.763056
        ]
      }
    },
    {
      "type": "Feature",
      "id": "OMDB-ESSA:023",
      "properties": {
        "route_id": "OMDB-ESSA",
        "route_name": "OMDB-ESSA",
        "origin": "OMDB",
        "destination": "ESSA",
        "point_count": 74,
        "source_file": "OMDB-ESSA.gpx",
        "point_id": "OMDB-ESSA:023",
        "sequence": 23,
        "waypoint": "DASVA",
        "point_role": "enroute",
        "overfly": false,
        "longitude": 49.383611,
        "latitude": 26.764167
      },
      "geometry": {
        "type": "Point",
        "coordinates": [
          49.383611,
          26.764167
        ]
      }
    },
    {
      "type": "Feature",
      "id": "OMDB-ESSA:024",
      "properties": {
        "route_id": "OMDB-ESSA",
        "route_name": "OMDB-ESSA",
        "origin": "OMDB",
        "destination": "ESSA",
        "point_count": 74,
        "source_file": "OMDB-ESSA.gpx",
        "point_id": "OMDB-ESSA:024",
        "sequence": 24,
        "waypoint": "TAYMA",
        "point_role": "enroute",
        "overfly": false,
        "longitude": 48.703333,
        "latitude": 26.765556
      },
      "geometry": {
        "type": "Point",
        "coordinates": [
          48.703333,
          26.765556
        ]
      }
    },
    {
      "type": "Feature",
      "id": "OMDB-ESSA:025",
      "properties": {
        "route_id": "OMDB-ESSA",
        "route_name": "OMDB-ESSA",
        "origin": "OMDB",
        "destination": "ESSA",
        "point_count": 74,
        "source_file": "OMDB-ESSA.gpx",
        "point_id": "OMDB-ESSA:025",
        "sequence": 25,
        "waypoint": "LABLI",
        "point_role": "enroute",
        "overfly": false,
        "longitude": 48.35,
        "latitude": 26.756111
      },
      "geometry": {
        "type": "Point",
        "coordinates": [
          48.35,
          26.756111
        ]
      }
    },
    {
      "type": "Feature",
      "id": "OMDB-ESSA:026",
      "properties": {
        "route_id": "OMDB-ESSA",
        "route_name": "OMDB-ESSA",
        "origin": "OMDB",
        "destination": "ESSA",
        "point_count": 74,
        "source_file": "OMDB-ESSA.gpx",
        "point_id": "OMDB-ESSA:026",
        "sequence": 26,
        "waypoint": "MEDGO",
        "point_role": "enroute",
        "overfly": false,
        "longitude": 47.8825,
        "latitude": 26.7425
      },
      "geometry": {
        "type": "Point",
        "coordinates": [
          47.8825,
          26.7425
        ]
      }
    },
    {
      "type": "Feature",
      "id": "OMDB-ESSA:027",
      "properties": {
        "route_id": "OMDB-ESSA",
        "route_name": "OMDB-ESSA",
        "origin": "OMDB",
        "destination": "ESSA",
        "point_count": 74,
        "source_file": "OMDB-ESSA.gpx",
        "point_id": "OMDB-ESSA:027",
        "sequence": 27,
        "waypoint": "LUGAL",
        "point_role": "enroute",
        "overfly": false,
        "longitude": 47.376389,
        "latitude": 26.7675
      },
      "geometry": {
        "type": "Point",
        "coordinates": [
          47.376389,
          26.7675
        ]
      }
    },
    {
      "type": "Feature",
      "id": "OMDB-ESSA:028",
      "properties": {
        "route_id": "OMDB-ESSA",
        "route_name": "OMDB-ESSA",
        "origin": "OMDB",
        "destination": "ESSA",
        "point_count": 74,
        "source_file": "OMDB-ESSA.gpx",
        "point_id": "OMDB-ESSA:028",
        "sequence": 28,
        "waypoint": "SIBLI",
        "point_role": "enroute",
        "overfly": false,
        "longitude": 46.392778,
        "latitude": 26.916389
      },
      "geometry": {
        "type": "Point",
        "coordinates": [
          46.392778,
          26.916389
        ]
      }
    },
    {
      "type": "Feature",
      "id": "OMDB-ESSA:029",
      "properties": {
        "route_id": "OMDB-ESSA",
        "route_name": "OMDB-ESSA",
        "origin": "OMDB",
        "destination": "ESSA",
        "point_count": 74,
        "source_file": "OMDB-ESSA.gpx",
        "point_id": "OMDB-ESSA:029",
        "sequence": 29,
        "waypoint": "ANTER",
        "point_role": "enroute",
        "overfly": false,
        "longitude": 45.566389,
        "latitude": 27.036667
      },
      "geometry": {
        "type": "Point",
        "coordinates": [
          45.566389,
          27.036667
        ]
      }
    },
    {
      "type": "Feature",
      "id": "OMDB-ESSA:030",
      "properties": {
        "route_id": "OMDB-ESSA",
        "route_name": "OMDB-ESSA",
        "origin": "OMDB",
        "destination": "ESSA",
        "point_count": 74,
        "source_file": "OMDB-ESSA.gpx",
        "point_id": "OMDB-ESSA:030",
        "sequence": 30,
        "waypoint": "BPN",
        "point_role": "enroute",
        "overfly": false,
        "longitude": 45.445278,
        "latitude": 27.053889
      },
      "geometry": {
        "type": "Point",
        "coordinates": [
          45.445278,
          27.053889
        ]
      }
    },
    {
      "type": "Feature",
      "id": "OMDB-ESSA:031",
      "properties": {
        "route_id": "OMDB-ESSA",
        "route_name": "OMDB-ESSA",
        "origin": "OMDB",
        "destination": "ESSA",
        "point_count": 74,
        "source_file": "OMDB-ESSA.gpx",
        "point_id": "OMDB-ESSA:031",
        "sequence": 31,
        "waypoint": "ALKIR",
        "point_role": "enroute",
        "overfly": false,
        "longitude": 44.728611,
        "latitude": 27.132778
      },
      "geometry": {
        "type": "Point",
        "coordinates": [
          44.728611,
          27.132778
        ]
      }
    },
    {
      "type": "Feature",
      "id": "OMDB-ESSA:032",
      "properties": {
        "route_id": "OMDB-ESSA",
        "route_name": "OMDB-ESSA",
        "origin": "OMDB",
        "destination": "ESSA",
        "point_count": 74,
        "source_file": "OMDB-ESSA.gpx",
        "point_id": "OMDB-ESSA:032",
        "sequence": 32,
        "waypoint": "PASIT",
        "point_role": "enroute",
        "overfly": false,
        "longitude": 44.381389,
        "latitude": 27.169722
      },
      "geometry": {
        "type": "Point",
        "coordinates": [
          44.381389,
          27.169722
        ]
      }
    },
    {
      "type": "Feature",
      "id": "OMDB-ESSA:033",
      "properties": {
        "route_id": "OMDB-ESSA",
        "route_name": "OMDB-ESSA",
        "origin": "OMDB",
        "destination": "ESSA",
        "point_count": 74,
        "source_file": "OMDB-ESSA.gpx",
        "point_id": "OMDB-ESSA:033",
        "sequence": 33,
        "waypoint": "NALBU",
        "point_role": "enroute",
        "overfly": false,
        "longitude": 43.701667,
        "latitude": 27.238889
      },
      "geometry": {
        "type": "Point",
        "coordinates": [
          43.701667,
          27.238889
        ]
      }
    },
    {
      "type": "Feature",
      "id": "OMDB-ESSA:034",
      "properties": {
        "route_id": "OMDB-ESSA",
        "route_name": "OMDB-ESSA",
        "origin": "OMDB",
        "destination": "ESSA",
        "point_count": 74,
        "source_file": "OMDB-ESSA.gpx",
        "point_id": "OMDB-ESSA:034",
        "sequence": 34,
        "waypoint": "LOSEL",
        "point_role": "enroute",
        "overfly": false,
        "longitude": 42.429167,
        "latitude": 27.359722
      },
      "geometry": {
        "type": "Point",
        "coordinates": [
          42.429167,
          27.359722
        ]
      }
    },
    {
      "type": "Feature",
      "id": "OMDB-ESSA:035",
      "properties": {
        "route_id": "OMDB-ESSA",
        "route_name": "OMDB-ESSA",
        "origin": "OMDB",
        "destination": "ESSA",
        "point_count": 74,
        "source_file": "OMDB-ESSA.gpx",
        "point_id": "OMDB-ESSA:035",
        "sequence": 35,
        "waypoint": "HIL",
        "point_role": "enroute",
        "overfly": false,
        "longitude": 41.682917,
        "latitude": 27.425056
      },
      "geometry": {
        "type": "Point",
        "coordinates": [
          41.682917,
          27.425056
        ]
      }
    },
    {
      "type": "Feature",
      "id": "OMDB-ESSA:036",
      "properties": {
        "route_id": "OMDB-ESSA",
        "route_name": "OMDB-ESSA",
        "origin": "OMDB",
        "destination": "ESSA",
        "point_count": 74,
        "source_file": "OMDB-ESSA.gpx",
        "point_id": "OMDB-ESSA:036",
        "sequence": 36,
        "waypoint": "EGVOP",
        "point_role": "enroute",
        "overfly": false,
        "longitude": 41.173333,
        "latitude": 27.916111
      },
      "geometry": {
        "type": "Point",
        "coordinates": [
          41.173333,
          27.916111
        ]
      }
    },
    {
      "type": "Feature",
      "id": "OMDB-ESSA:037",
      "properties": {
        "route_id": "OMDB-ESSA",
        "route_name": "OMDB-ESSA",
        "origin": "OMDB",
        "destination": "ESSA",
        "point_count": 74,
        "source_file": "OMDB-ESSA.gpx",
        "point_id": "OMDB-ESSA:037",
        "sequence": 37,
        "waypoint": "NIMAR",
        "point_role": "enroute",
        "overfly": false,
        "longitude": 39.906944,
        "latitude": 29.109722
      },
      "geometry": {
        "type": "Point",
        "coordinates": [
          39.906944,
          29.109722
        ]
      }
    },
    {
      "type": "Feature",
      "id": "OMDB-ESSA:038",
      "properties": {
        "route_id": "OMDB-ESSA",
        "route_name": "OMDB-ESSA",
        "origin": "OMDB",
        "destination": "ESSA",
        "point_count": 74,
        "source_file": "OMDB-ESSA.gpx",
        "point_id": "OMDB-ESSA:038",
        "sequence": 38,
        "waypoint": "ENABI",
        "point_role": "enroute",
        "overfly": false,
        "longitude": 38.930556,
        "latitude": 29.110833
      },
      "geometry": {
        "type": "Point",
        "coordinates": [
          38.930556,
          29.110833
        ]
      }
    },
    {
      "type": "Feature",
      "id": "OMDB-ESSA:039",
      "properties": {
        "route_id": "OMDB-ESSA",
        "route_name": "OMDB-ESSA",
        "origin": "OMDB",
        "destination": "ESSA",
        "point_count": 74,
        "source_file": "OMDB-ESSA.gpx",
        "point_id": "OMDB-ESSA:039",
        "sequence": 39,
        "waypoint": "ASTUM",
        "point_role": "enroute",
        "overfly": false,
        "longitude": 38.376944,
        "latitude": 29.107778
      },
      "geometry": {
        "type": "Point",
        "coordinates": [
          38.376944,
          29.107778
        ]
      }
    },
    {
      "type": "Feature",
      "id": "OMDB-ESSA:040",
      "properties": {
        "route_id": "OMDB-ESSA",
        "route_name": "OMDB-ESSA",
        "origin": "OMDB",
        "destination": "ESSA",
        "point_count": 74,
        "source_file": "OMDB-ESSA.gpx",
        "point_id": "OMDB-ESSA:040",
        "sequence": 40,
        "waypoint": "OBNAK",
        "point_role": "enroute",
        "overfly": false,
        "longitude": 37.508889,
        "latitude": 29.098333
      },
      "geometry": {
        "type": "Point",
        "coordinates": [
          37.508889,
          29.098333
        ]
      }
    },
    {
      "type": "Feature",
      "id": "OMDB-ESSA:041",
      "properties": {
        "route_id": "OMDB-ESSA",
        "route_name": "OMDB-ESSA",
        "origin": "OMDB",
        "destination": "ESSA",
        "point_count": 74,
        "source_file": "OMDB-ESSA.gpx",
        "point_id": "OMDB-ESSA:041",
        "sequence": 41,
        "waypoint": "EGSIS",
        "point_role": "enroute",
        "overfly": false,
        "longitude": 36.480556,
        "latitude": 29.0875
      },
      "geometry": {
        "type": "Point",
        "coordinates": [
          36.480556,
          29.0875
        ]
      }
    },
    {
      "type": "Feature",
      "id": "OMDB-ESSA:042",
      "properties": {
        "route_id": "OMDB-ESSA",
        "route_name": "OMDB-ESSA",
        "origin": "OMDB",
        "destination": "ESSA",
        "point_count": 74,
        "source_file": "OMDB-ESSA.gpx",
        "point_id": "OMDB-ESSA:042",
        "sequence": 42,
        "waypoint": "RUKET",
        "point_role": "enroute",
        "overfly": false,
        "longitude": 34.847222,
        "latitude": 29.034722
      },
      "geometry": {
        "type": "Point",
        "coordinates": [
          34.847222,
          29.034722
        ]
      }
    },
    {
      "type": "Feature",
      "id": "OMDB-ESSA:043",
      "properties": {
        "route_id": "OMDB-ESSA",
        "route_name": "OMDB-ESSA",
        "origin": "OMDB",
        "destination": "ESSA",
        "point_count": 74,
        "source_file": "OMDB-ESSA.gpx",
        "point_id": "OMDB-ESSA:043",
        "sequence": 43,
        "waypoint": "KITIT",
        "point_role": "enroute",
        "overfly": false,
        "longitude": 34.758056,
        "latitude": 29.033333
      },
      "geometry": {
        "type": "Point",
        "coordinates": [
          34.758056,
          29.033333
        ]
      }
    },
    {
      "type": "Feature",
      "id": "OMDB-ESSA:044",
      "properties": {
        "route_id": "OMDB-ESSA",
        "route_name": "OMDB-ESSA",
        "origin": "OMDB",
        "destination": "ESSA",
        "point_count": 74,
        "source_file": "OMDB-ESSA.gpx",
        "point_id": "OMDB-ESSA:044",
        "sequence": 44,
        "waypoint": "NOVPA",
        "point_role": "enroute",
        "overfly": false,
        "longitude": 34.671111,
        "latitude": 29.032222
      },
      "geometry": {
        "type": "Point",
        "coordinates": [
          34.671111,
          29.032222
        ]
      }
    },
    {
      "type": "Feature",
      "id": "OMDB-ESSA:045",
      "properties": {
        "route_id": "OMDB-ESSA",
        "route_name": "OMDB-ESSA",
        "origin": "OMDB",
        "destination": "ESSA",
        "point_count": 74,
        "source_file": "OMDB-ESSA.gpx",
        "point_id": "OMDB-ESSA:045",
        "sequence": 45,
        "waypoint": "DATOK",
        "point_role": "enroute",
        "overfly": false,
        "longitude": 34.233333,
        "latitude": 29.606667
      },
      "geometry": {
        "type": "Point",
        "coordinates": [
          34.233333,
          29.606667
        ]
      }
    },
    {
      "type": "Feature",
      "id": "OMDB-ESSA:046",
      "properties": {
        "route_id": "OMDB-ESSA",
        "route_name": "OMDB-ESSA",
        "origin": "OMDB",
        "destination": "ESSA",
        "point_count": 74,
        "source_file": "OMDB-ESSA.gpx",
        "point_id": "OMDB-ESSA:046",
        "sequence": 46,
        "waypoint": "SERMA",
        "point_role": "enroute",
        "overfly": false,
        "longitude": 33.142778,
        "latitude": 31.366667
      },
      "geometry": {
        "type": "Point",
        "coordinates": [
          33.142778,
          31.366667
        ]
      }
    },
    {
      "type": "Feature",
      "id": "OMDB-ESSA:047",
      "properties": {
        "route_id": "OMDB-ESSA",
        "route_name": "OMDB-ESSA",
        "origin": "OMDB",
        "destination": "ESSA",
        "point_count": 74,
        "source_file": "OMDB-ESSA.gpx",
        "point_id": "OMDB-ESSA:047",
        "sequence": 47,
        "waypoint": "GENIV",
        "point_role": "enroute",
        "overfly": false,
        "longitude": 33.120556,
        "latitude": 31.808611
      },
      "geometry": {
        "type": "Point",
        "coordinates": [
          33.120556,
          31.808611
        ]
      }
    },
    {
      "type": "Feature",
      "id": "OMDB-ESSA:048",
      "properties": {
        "route_id": "OMDB-ESSA",
        "route_name": "OMDB-ESSA",
        "origin": "OMDB",
        "destination": "ESSA",
        "point_count": 74,
        "source_file": "OMDB-ESSA.gpx",
        "point_id": "OMDB-ESSA:048",
        "sequence": 48,
        "waypoint": "PASOS",
        "point_role": "enroute",
        "overfly": false,
        "longitude": 33.1,
        "latitude": 32.216667
      },
      "geometry": {
        "type": "Point",
        "coordinates": [
          33.1,
          32.216667
        ]
      }
    },
    {
      "type": "Feature",
      "id": "OMDB-ESSA:049",
      "properties": {
        "route_id": "OMDB-ESSA",
        "route_name": "OMDB-ESSA",
        "origin": "OMDB",
        "destination": "ESSA",
        "point_count": 74,
        "source_file": "OMDB-ESSA.gpx",
        "point_id": "OMDB-ESSA:049",
        "sequence": 49,
        "waypoint": "TEZAK",
        "point_role": "enroute",
        "overfly": false,
        "longitude": 31.786389,
        "latitude": 33.463889
      },
      "geometry": {
        "type": "Point",
        "coordinates": [
          31.786389,
          33.463889
        ]
      }
    },
    {
      "type": "Feature",
      "id": "OMDB-ESSA:050",
      "properties": {
        "route_id": "OMDB-ESSA",
        "route_name": "OMDB-ESSA",
        "origin": "OMDB",
        "destination": "ESSA",
        "point_count": 74,
        "source_file": "OMDB-ESSA.gpx",
        "point_id": "OMDB-ESSA:050",
        "sequence": 50,
        "waypoint": "SAFTA",
        "point_role": "enroute",
        "overfly": false,
        "longitude": 31.666111,
        "latitude": 33.795556
      },
      "geometry": {
        "type": "Point",
        "coordinates": [
          31.666111,
          33.795556
        ]
      }
    },
    {
      "type": "Feature",
      "id": "OMDB-ESSA:051",
      "properties": {
        "route_id": "OMDB-ESSA",
        "route_name": "OMDB-ESSA",
        "origin": "OMDB",
        "destination": "ESSA",
        "point_count": 74,
        "source_file": "OMDB-ESSA.gpx",
        "point_id": "OMDB-ESSA:051",
        "sequence": 51,
        "waypoint": "TOMBI",
        "point_role": "enroute",
        "overfly": false,
        "longitude": 30.824444,
        "latitude": 36.040556
      },
      "geometry": {
        "type": "Point",
        "coordinates": [
          30.824444,
          36.040556
        ]
      }
    },
    {
      "type": "Feature",
      "id": "OMDB-ESSA:052",
      "properties": {
        "route_id": "OMDB-ESSA",
        "route_name": "OMDB-ESSA",
        "origin": "OMDB",
        "destination": "ESSA",
        "point_count": 74,
        "source_file": "OMDB-ESSA.gpx",
        "point_id": "OMDB-ESSA:052",
        "sequence": 52,
        "waypoint": "DERYA",
        "point_role": "enroute",
        "overfly": false,
        "longitude": 30.811944,
        "latitude": 36.415556
      },
      "geometry": {
        "type": "Point",
        "coordinates": [
          30.811944,
          36.415556
        ]
      }
    },
    {
      "type": "Feature",
      "id": "OMDB-ESSA:053",
      "properties": {
        "route_id": "OMDB-ESSA",
        "route_name": "OMDB-ESSA",
        "origin": "OMDB",
        "destination": "ESSA",
        "point_count": 74,
        "source_file": "OMDB-ESSA.gpx",
        "point_id": "OMDB-ESSA:053",
        "sequence": 53,
        "waypoint": "AYT",
        "point_role": "enroute",
        "overfly": false,
        "longitude": 30.794472,
        "latitude": 36.920806
      },
      "geometry": {
        "type": "Point",
        "coordinates": [
          30.794472,
          36.920806
        ]
      }
    },
    {
      "type": "Feature",
      "id": "OMDB-ESSA:054",
      "properties": {
        "route_id": "OMDB-ESSA",
        "route_name": "OMDB-ESSA",
        "origin": "OMDB",
        "destination": "ESSA",
        "point_count": 74,
        "source_file": "OMDB-ESSA.gpx",
        "point_id": "OMDB-ESSA:054",
        "sequence": 54,
        "waypoint": "OSVEL",
        "point_role": "enroute",
        "overfly": false,
        "longitude": 31.018611,
        "latitude": 38.481944
      },
      "geometry": {
        "type": "Point",
        "coordinates": [
          31.018611,
          38.481944
        ]
      }
    },
    {
      "type": "Feature",
      "id": "OMDB-ESSA:055",
      "properties": {
        "route_id": "OMDB-ESSA",
        "route_name": "OMDB-ESSA",
        "origin": "OMDB",
        "destination": "ESSA",
        "point_count": 74,
        "source_file": "OMDB-ESSA.gpx",
        "point_id": "OMDB-ESSA:055",
        "sequence": 55,
        "waypoint": "RAVGO",
        "point_role": "enroute",
        "overfly": false,
        "longitude": 30.500833,
        "latitude": 39.546944
      },
      "geometry": {
        "type": "Point",
        "coordinates": [
          30.500833,
          39.546944
        ]
      }
    },
    {
      "type": "Feature",
      "id": "OMDB-ESSA:056",
      "properties": {
        "route_id": "OMDB-ESSA",
        "route_name": "OMDB-ESSA",
        "origin": "OMDB",
        "destination": "ESSA",
        "point_count": 74,
        "source_file": "OMDB-ESSA.gpx",
        "point_id": "OMDB-ESSA:056",
        "sequence": 56,
        "waypoint": "YASEN",
        "point_role": "enroute",
        "overfly": false,
        "longitude": 29.516111,
        "latitude": 41.198889
      },
      "geometry": {
        "type": "Point",
        "coordinates": [
          29.516111,
          41.198889
        ]
      }
    },
    {
      "type": "Feature",
      "id": "OMDB-ESSA:057",
      "properties": {
        "route_id": "OMDB-ESSA",
        "route_name": "OMDB-ESSA",
        "origin": "OMDB",
        "destination": "ESSA",
        "point_count": 74,
        "source_file": "OMDB-ESSA.gpx",
        "point_id": "OMDB-ESSA:057",
        "sequence": 57,
        "waypoint": "MAKOL",
        "point_role": "enroute",
        "overfly": false,
        "longitude": 29.142778,
        "latitude": 42.170556
      },
      "geometry": {
        "type": "Point",
        "coordinates": [
          29.142778,
          42.170556
        ]
      }
    },
    {
      "type": "Feature",
      "id": "OMDB-ESSA:058",
      "properties": {
        "route_id": "OMDB-ESSA",
        "route_name": "OMDB-ESSA",
        "origin": "OMDB",
        "destination": "ESSA",
        "point_count": 74,
        "source_file": "OMDB-ESSA.gpx",
        "point_id": "OMDB-ESSA:058",
        "sequence": 58,
        "waypoint": "TGM",
        "point_role": "enroute",
        "overfly": false,
        "longitude": 24.306583,
        "latitude": 46.446917
      },
      "geometry": {
        "type": "Point",
        "coordinates": [
          24.306583,
          46.446917
        ]
      }
    },
    {
      "type": "Feature",
      "id": "OMDB-ESSA:059",
      "properties": {
        "route_id": "OMDB-ESSA",
        "route_name": "OMDB-ESSA",
        "origin": "OMDB",
        "destination": "ESSA",
        "point_count": 74,
        "source_file": "OMDB-ESSA.gpx",
        "point_id": "OMDB-ESSA:059",
        "sequence": 59,
        "waypoint": "ANAVU",
        "point_role": "enroute",
        "overfly": false,
        "longitude": 23.3225,
        "latitude": 47.260833
      },
      "geometry": {
        "type": "Point",
        "coordinates": [
          23.3225,
          47.260833
        ]
      }
    },
    {
      "type": "Feature",
      "id": "OMDB-ESSA:060",
      "properties": {
        "route_id": "OMDB-ESSA",
        "route_name": "OMDB-ESSA",
        "origin": "OMDB",
        "destination": "ESSA",
        "point_count": 74,
        "source_file": "OMDB-ESSA.gpx",
        "point_id": "OMDB-ESSA:060",
        "sequence": 60,
        "waypoint": "KENIN",
        "point_role": "enroute",
        "overfly": false,
        "longitude": 21.927222,
        "latitude": 48.361667
      },
      "geometry": {
        "type": "Point",
        "coordinates": [
          21.927222,
          48.361667
        ]
      }
    },
    {
      "type": "Feature",
      "id": "OMDB-ESSA:061",
      "properties": {
        "route_id": "OMDB-ESSA",
        "route_name": "OMDB-ESSA",
        "origin": "OMDB",
        "destination": "ESSA",
        "point_count": 74,
        "source_file": "OMDB-ESSA.gpx",
        "point_id": "OMDB-ESSA:061",
        "sequence": 61,
        "waypoint": "LENOV",
        "point_role": "enroute",
        "overfly": false,
        "longitude": 21.010278,
        "latitude": 49.336389
      },
      "geometry": {
        "type": "Point",
        "coordinates": [
          21.010278,
          49.336389
        ]
      }
    },
    {
      "type": "Feature",
      "id": "OMDB-ESSA:062",
      "properties": {
        "route_id": "OMDB-ESSA",
        "route_name": "OMDB-ESSA",
        "origin": "OMDB",
        "destination": "ESSA",
        "point_count": 74,
        "source_file": "OMDB-ESSA.gpx",
        "point_id": "OMDB-ESSA:062",
        "sequence": 62,
        "waypoint": "ORTEB",
        "point_role": "enroute",
        "overfly": false,
        "longitude": 20.569722,
        "latitude": 50.102222
      },
      "geometry": {
        "type": "Point",
        "coordinates": [
          20.569722,
          50.102222
        ]
      }
    },
    {
      "type": "Feature",
      "id": "OMDB-ESSA:063",
      "properties": {
        "route_id": "OMDB-ESSA",
        "route_name": "OMDB-ESSA",
        "origin": "OMDB",
        "destination": "ESSA",
        "point_count": 74,
        "source_file": "OMDB-ESSA.gpx",
        "point_id": "OMDB-ESSA:063",
        "sequence": 63,
        "waypoint": "NUBLI",
        "point_role": "enroute",
        "overfly": false,
        "longitude": 19.887778,
        "latitude": 51.358611
      },
      "geometry": {
        "type": "Point",
        "coordinates": [
          19.887778,
          51.358611
        ]
      }
    },
    {
      "type": "Feature",
      "id": "OMDB-ESSA:064",
      "properties": {
        "route_id": "OMDB-ESSA",
        "route_name": "OMDB-ESSA",
        "origin": "OMDB",
        "destination": "ESSA",
        "point_count": 74,
        "source_file": "OMDB-ESSA.gpx",
        "point_id": "OMDB-ESSA:064",
        "sequence": 64,
        "waypoint": "PENEX",
        "point_role": "enroute",
        "overfly": false,
        "longitude": 19.277222,
        "latitude": 52.563056
      },
      "geometry": {
        "type": "Point",
        "coordinates": [
          19.277222,
          52.563056
        ]
      }
    },
    {
      "type": "Feature",
      "id": "OMDB-ESSA:065",
      "properties": {
        "route_id": "OMDB-ESSA",
        "route_name": "OMDB-ESSA",
        "origin": "OMDB",
        "destination": "ESSA",
        "point_count": 74,
        "source_file": "OMDB-ESSA.gpx",
        "point_id": "OMDB-ESSA:065",
        "sequence": 65,
        "waypoint": "IRLUN",
        "point_role": "enroute",
        "overfly": false,
        "longitude": 18.614861,
        "latitude": 53.750583
      },
      "geometry": {
        "type": "Point",
        "coordinates": [
          18.614861,
          53.750583
        ]
      }
    },
    {
      "type": "Feature",
      "id": "OMDB-ESSA:066",
      "properties": {
        "route_id": "OMDB-ESSA",
        "route_name": "OMDB-ESSA",
        "origin": "OMDB",
        "destination": "ESSA",
        "point_count": 74,
        "source_file": "OMDB-ESSA.gpx",
        "point_id": "OMDB-ESSA:066",
        "sequence": 66,
        "waypoint": "KARTI",
        "point_role": "enroute",
        "overfly": false,
        "longitude": 18.208056,
        "latitude": 54.299722
      },
      "geometry": {
        "type": "Point",
        "coordinates": [
          18.208056,
          54.299722
        ]
      }
    },
    {
      "type": "Feature",
      "id": "OMDB-ESSA:067",
      "properties": {
        "route_id": "OMDB-ESSA",
        "route_name": "OMDB-ESSA",
        "origin": "OMDB",
        "destination": "ESSA",
        "point_count": 74,
        "source_file": "OMDB-ESSA.gpx",
        "point_id": "OMDB-ESSA:067",
        "sequence": 67,
        "waypoint": "VAPOS",
        "point_role": "enroute",
        "overfly": false,
        "longitude": 17.826667,
        "latitude": 54.795278
      },
      "geometry": {
        "type": "Point",
        "coordinates": [
          17.826667,
          54.795278
        ]
      }
    },
    {
      "type": "Feature",
      "id": "OMDB-ESSA:068",
      "properties": {
        "route_id": "OMDB-ESSA",
        "route_name": "OMDB-ESSA",
        "origin": "OMDB",
        "destination": "ESSA",
        "point_count": 74,
        "source_file": "OMDB-ESSA.gpx",
        "point_id": "OMDB-ESSA:068",
        "sequence": 68,
        "waypoint": "DOMAG",
        "point_role": "enroute",
        "overfly": false,
        "longitude": 17.685556,
        "latitude": 54.974444
      },
      "geometry": {
        "type": "Point",
        "coordinates": [
          17.685556,
          54.974444
        ]
      }
    },
    {
      "type": "Feature",
      "id": "OMDB-ESSA:069",
      "properties": {
        "route_id": "OMDB-ESSA",
        "route_name": "OMDB-ESSA",
        "origin": "OMDB",
        "destination": "ESSA",
        "point_count": 74,
        "source_file": "OMDB-ESSA.gpx",
        "point_id": "OMDB-ESSA:069",
        "sequence": 69,
        "waypoint": "MOTAD",
        "point_role": "enroute",
        "overfly": false,
        "longitude": 17.505556,
        "latitude": 55.209444
      },
      "geometry": {
        "type": "Point",
        "coordinates": [
          17.505556,
          55.209444
        ]
      }
    },
    {
      "type": "Feature",
      "id": "OMDB-ESSA:070",
      "properties": {
        "route_id": "OMDB-ESSA",
        "route_name": "OMDB-ESSA",
        "origin": "OMDB",
        "destination": "ESSA",
        "point_count": 74,
        "source_file": "OMDB-ESSA.gpx",
        "point_id": "OMDB-ESSA:070",
        "sequence": 70,
        "waypoint": "PENOR",
        "point_role": "enroute",
        "overfly": false,
        "longitude": 17.161389,
        "latitude": 55.638611
      },
      "geometry": {
        "type": "Point",
        "coordinates": [
          17.161389,
          55.638611
        ]
      }
    },
    {
      "type": "Feature",
      "id": "OMDB-ESSA:071",
      "properties": {
        "route_id": "OMDB-ESSA",
        "route_name": "OMDB-ESSA",
        "origin": "OMDB",
        "destination": "ESSA",
        "point_count": 74,
        "source_file": "OMDB-ESSA.gpx",
        "point_id": "OMDB-ESSA:071",
        "sequence": 71,
        "waypoint": "OLANU",
        "point_role": "enroute",
        "overfly": false,
        "longitude": 17.718611,
        "latitude": 57.468889
      },
      "geometry": {
        "type": "Point",
        "coordinates": [
          17.718611,
          57.468889
        ]
      }
    },
    {
      "type": "Feature",
      "id": "OMDB-ESSA:072",
      "properties": {
        "route_id": "OMDB-ESSA",
        "route_name": "OMDB-ESSA",
        "origin": "OMDB",
        "destination": "ESSA",
        "point_count": 74,
        "source_file": "OMDB-ESSA.gpx",
        "point_id": "OMDB-ESSA:072",
        "sequence": 72,
        "waypoint": "ROGMI",
        "point_role": "enroute",
        "overfly": false,
        "longitude": 18.001667,
        "latitude": 58.193889
      },
      "geometry": {
        "type": "Point",
        "coordinates": [
          18.001667,
          58.193889
        ]
      }
    },
    {
      "type": "Feature",
      "id": "OMDB-ESSA:073",
      "properties": {
        "route_id": "OMDB-ESSA",
        "route_name": "OMDB-ESSA",
        "origin": "OMDB",
        "destination": "ESSA",
        "point_count": 74,
        "source_file": "OMDB-ESSA.gpx",
        "point_id": "OMDB-ESSA:073",
        "sequence": 73,
        "waypoint": "NILUG",
        "point_role": "enroute",
        "overfly": false,
        "longitude": 17.884722,
        "latitude": 58.815833
      },
      "geometry": {
        "type": "Point",
        "coordinates": [
          17.884722,
          58.815833
        ]
      }
    },
    {
      "type": "Feature",
      "id": "OMDB-ESSA:074",
      "properties": {
        "route_id": "OMDB-ESSA",
        "route_name": "OMDB-ESSA",
        "origin": "OMDB",
        "destination": "ESSA",
        "point_count": 74,
        "source_file": "OMDB-ESSA.gpx",
        "point_id": "OMDB-ESSA:074",
        "sequence": 74,
        "waypoint": "ESSA",
        "point_role": "destination",
        "overfly": false,
        "longitude": 17.918611,
        "latitude": 59.651944
      },
      "geometry": {
        "type": "Point",
        "coordinates": [
          17.918611,
          59.651944
        ]
      }
    },
    {
      "type": "Feature",
      "id": "OMDB-LGAV:001",
      "properties": {
        "route_id": "OMDB-LGAV",
        "route_name": "OMDB-LGAV",
        "origin": "OMDB",
        "destination": "LGAV",
        "point_count": 53,
        "source_file": "OMDB-LGAV.gpx",
        "point_id": "OMDB-LGAV:001",
        "sequence": 1,
        "waypoint": "OMDB",
        "point_role": "origin",
        "overfly": false,
        "longitude": 55.364444,
        "latitude": 25.252778
      },
      "geometry": {
        "type": "Point",
        "coordinates": [
          55.364444,
          25.252778
        ]
      }
    },
    {
      "type": "Feature",
      "id": "OMDB-LGAV:002",
      "properties": {
        "route_id": "OMDB-LGAV",
        "route_name": "OMDB-LGAV",
        "origin": "OMDB",
        "destination": "LGAV",
        "point_count": 53,
        "source_file": "OMDB-LGAV.gpx",
        "point_id": "OMDB-LGAV:002",
        "sequence": 2,
        "waypoint": "KUTLI",
        "point_role": "enroute",
        "overfly": false,
        "longitude": 54.938333,
        "latitude": 24.86425
      },
      "geometry": {
        "type": "Point",
        "coordinates": [
          54.938333,
          24.86425
        ]
      }
    },
    {
      "type": "Feature",
      "id": "OMDB-LGAV:003",
      "properties": {
        "route_id": "OMDB-LGAV",
        "route_name": "OMDB-LGAV",
        "origin": "OMDB",
        "destination": "LGAV",
        "point_count": 53,
        "source_file": "OMDB-LGAV.gpx",
        "point_id": "OMDB-LGAV:003",
        "sequence": 3,
        "waypoint": "GEVIV",
        "point_role": "enroute",
        "overfly": false,
        "longitude": 54.833333,
        "latitude": 24.688333
      },
      "geometry": {
        "type": "Point",
        "coordinates": [
          54.833333,
          24.688333
        ]
      }
    },
    {
      "type": "Feature",
      "id": "OMDB-LGAV:004",
      "properties": {
        "route_id": "OMDB-LGAV",
        "route_name": "OMDB-LGAV",
        "origin": "OMDB",
        "destination": "LGAV",
        "point_count": 53,
        "source_file": "OMDB-LGAV.gpx",
        "point_id": "OMDB-LGAV:004",
        "sequence": 4,
        "waypoint": "ELEPO",
        "point_role": "enroute",
        "overfly": false,
        "longitude": 54.736111,
        "latitude": 24.536389
      },
      "geometry": {
        "type": "Point",
        "coordinates": [
          54.736111,
          24.536389
        ]
      }
    },
    {
      "type": "Feature",
      "id": "OMDB-LGAV:005",
      "properties": {
        "route_id": "OMDB-LGAV",
        "route_name": "OMDB-LGAV",
        "origin": "OMDB",
        "destination": "LGAV",
        "point_count": 53,
        "source_file": "OMDB-LGAV.gpx",
        "point_id": "OMDB-LGAV:005",
        "sequence": 5,
        "waypoint": "ODKUN",
        "point_role": "enroute",
        "overfly": false,
        "longitude": 54.671389,
        "latitude": 24.435556
      },
      "geometry": {
        "type": "Point",
        "coordinates": [
          54.671389,
          24.435556
        ]
      }
    },
    {
      "type": "Feature",
      "id": "OMDB-LGAV:006",
      "properties": {
        "route_id": "OMDB-LGAV",
        "route_name": "OMDB-LGAV",
        "origin": "OMDB",
        "destination": "LGAV",
        "point_count": 53,
        "source_file": "OMDB-LGAV.gpx",
        "point_id": "OMDB-LGAV:006",
        "sequence": 6,
        "waypoint": "VUXOD",
        "point_role": "enroute",
        "overfly": false,
        "longitude": 54.606944,
        "latitude": 24.334722
      },
      "geometry": {
        "type": "Point",
        "coordinates": [
          54.606944,
          24.334722
        ]
      }
    },
    {
      "type": "Feature",
      "id": "OMDB-LGAV:007",
      "properties": {
        "route_id": "OMDB-LGAV",
        "route_name": "OMDB-LGAV",
        "origin": "OMDB",
        "destination": "LGAV",
        "point_count": 53,
        "source_file": "OMDB-LGAV.gpx",
        "point_id": "OMDB-LGAV:007",
        "sequence": 7,
        "waypoint": "ATUDO",
        "point_role": "enroute",
        "overfly": false,
        "longitude": 54.575556,
        "latitude": 24.285556
      },
      "geometry": {
        "type": "Point",
        "coordinates": [
          54.575556,
          24.285556
        ]
      }
    },
    {
      "type": "Feature",
      "id": "OMDB-LGAV:008",
      "properties": {
        "route_id": "OMDB-LGAV",
        "route_name": "OMDB-LGAV",
        "origin": "OMDB",
        "destination": "LGAV",
        "point_count": 53,
        "source_file": "OMDB-LGAV.gpx",
        "point_id": "OMDB-LGAV:008",
        "sequence": 8,
        "waypoint": "MUSEN",
        "point_role": "enroute",
        "overfly": false,
        "longitude": 54.543333,
        "latitude": 24.241389
      },
      "geometry": {
        "type": "Point",
        "coordinates": [
          54.543333,
          24.241389
        ]
      }
    },
    {
      "type": "Feature",
      "id": "OMDB-LGAV:009",
      "properties": {
        "route_id": "OMDB-LGAV",
        "route_name": "OMDB-LGAV",
        "origin": "OMDB",
        "destination": "LGAV",
        "point_count": 53,
        "source_file": "OMDB-LGAV.gpx",
        "point_id": "OMDB-LGAV:009",
        "sequence": 9,
        "waypoint": "BOPIT",
        "point_role": "enroute",
        "overfly": false,
        "longitude": 54.067778,
        "latitude": 23.996389
      },
      "geometry": {
        "type": "Point",
        "coordinates": [
          54.067778,
          23.996389
        ]
      }
    },
    {
      "type": "Feature",
      "id": "OMDB-LGAV:010",
      "properties": {
        "route_id": "OMDB-LGAV",
        "route_name": "OMDB-LGAV",
        "origin": "OMDB",
        "destination": "LGAV",
        "point_count": 53,
        "source_file": "OMDB-LGAV.gpx",
        "point_id": "OMDB-LGAV:010",
        "sequence": 10,
        "waypoint": "DANOK",
        "point_role": "enroute",
        "overfly": false,
        "longitude": 53.519722,
        "latitude": 23.705556
      },
      "geometry": {
        "type": "Point",
        "coordinates": [
          53.519722,
          23.705556
        ]
      }
    },
    {
      "type": "Feature",
      "id": "OMDB-LGAV:011",
      "properties": {
        "route_id": "OMDB-LGAV",
        "route_name": "OMDB-LGAV",
        "origin": "OMDB",
        "destination": "LGAV",
        "point_count": 53,
        "source_file": "OMDB-LGAV.gpx",
        "point_id": "OMDB-LGAV:011",
        "sequence": 11,
        "waypoint": "ESROM",
        "point_role": "enroute",
        "overfly": false,
        "longitude": 52.958056,
        "latitude": 23.406667
      },
      "geometry": {
        "type": "Point",
        "coordinates": [
          52.958056,
          23.406667
        ]
      }
    },
    {
      "type": "Feature",
      "id": "OMDB-LGAV:012",
      "properties": {
        "route_id": "OMDB-LGAV",
        "route_name": "OMDB-LGAV",
        "origin": "OMDB",
        "destination": "LGAV",
        "point_count": 53,
        "source_file": "OMDB-LGAV.gpx",
        "point_id": "OMDB-LGAV:012",
        "sequence": 12,
        "waypoint": "GOLGU",
        "point_role": "enroute",
        "overfly": false,
        "longitude": 52.519167,
        "latitude": 23.180833
      },
      "geometry": {
        "type": "Point",
        "coordinates": [
          52.519167,
          23.180833
        ]
      }
    },
    {
      "type": "Feature",
      "id": "OMDB-LGAV:013",
      "properties": {
        "route_id": "OMDB-LGAV",
        "route_name": "OMDB-LGAV",
        "origin": "OMDB",
        "destination": "LGAV",
        "point_count": 53,
        "source_file": "OMDB-LGAV.gpx",
        "point_id": "OMDB-LGAV:013",
        "sequence": 13,
        "waypoint": "RIBOT",
        "point_role": "enroute",
        "overfly": false,
        "longitude": 52.407778,
        "latitude": 23.145556
      },
      "geometry": {
        "type": "Point",
        "coordinates": [
          52.407778,
          23.145556
        ]
      }
    },
    {
      "type": "Feature",
      "id": "OMDB-LGAV:014",
      "properties": {
        "route_id": "OMDB-LGAV",
        "route_name": "OMDB-LGAV",
        "origin": "OMDB",
        "destination": "LGAV",
        "point_count": 53,
        "source_file": "OMDB-LGAV.gpx",
        "point_id": "OMDB-LGAV:014",
        "sequence": 14,
        "waypoint": "MIGMA",
        "point_role": "enroute",
        "overfly": false,
        "longitude": 51.463611,
        "latitude": 22.843056
      },
      "geometry": {
        "type": "Point",
        "coordinates": [
          51.463611,
          22.843056
        ]
      }
    },
    {
      "type": "Feature",
      "id": "OMDB-LGAV:015",
      "properties": {
        "route_id": "OMDB-LGAV",
        "route_name": "OMDB-LGAV",
        "origin": "OMDB",
        "destination": "LGAV",
        "point_count": 53,
        "source_file": "OMDB-LGAV.gpx",
        "point_id": "OMDB-LGAV:015",
        "sequence": 15,
        "waypoint": "ITRUX",
        "point_role": "enroute",
        "overfly": false,
        "longitude": 47.176667,
        "latitude": 22.762222
      },
      "geometry": {
        "type": "Point",
        "coordinates": [
          47.176667,
          22.762222
        ]
      }
    },
    {
      "type": "Feature",
      "id": "OMDB-LGAV:016",
      "properties": {
        "route_id": "OMDB-LGAV",
        "route_name": "OMDB-LGAV",
        "origin": "OMDB",
        "destination": "LGAV",
        "point_count": 53,
        "source_file": "OMDB-LGAV.gpx",
        "point_id": "OMDB-LGAV:016",
        "sequence": 16,
        "waypoint": "KITUB",
        "point_role": "enroute",
        "overfly": false,
        "longitude": 46.395,
        "latitude": 22.822778
      },
      "geometry": {
        "type": "Point",
        "coordinates": [
          46.395,
          22.822778
        ]
      }
    },
    {
      "type": "Feature",
      "id": "OMDB-LGAV:017",
      "properties": {
        "route_id": "OMDB-LGAV",
        "route_name": "OMDB-LGAV",
        "origin": "OMDB",
        "destination": "LGAV",
        "point_count": 53,
        "source_file": "OMDB-LGAV.gpx",
        "point_id": "OMDB-LGAV:017",
        "sequence": 17,
        "waypoint": "DANOM",
        "point_role": "enroute",
        "overfly": false,
        "longitude": 45.085833,
        "latitude": 22.915
      },
      "geometry": {
        "type": "Point",
        "coordinates": [
          45.085833,
          22.915
        ]
      }
    },
    {
      "type": "Feature",
      "id": "OMDB-LGAV:018",
      "properties": {
        "route_id": "OMDB-LGAV",
        "route_name": "OMDB-LGAV",
        "origin": "OMDB",
        "destination": "LGAV",
        "point_count": 53,
        "source_file": "OMDB-LGAV.gpx",
        "point_id": "OMDB-LGAV:018",
        "sequence": 18,
        "waypoint": "ASMIS",
        "point_role": "enroute",
        "overfly": false,
        "longitude": 44.670556,
        "latitude": 22.941944
      },
      "geometry": {
        "type": "Point",
        "coordinates": [
          44.670556,
          22.941944
        ]
      }
    },
    {
      "type": "Feature",
      "id": "OMDB-LGAV:019",
      "properties": {
        "route_id": "OMDB-LGAV",
        "route_name": "OMDB-LGAV",
        "origin": "OMDB",
        "destination": "LGAV",
        "point_count": 53,
        "source_file": "OMDB-LGAV.gpx",
        "point_id": "OMDB-LGAV:019",
        "sequence": 19,
        "waypoint": "NALBA",
        "point_role": "enroute",
        "overfly": false,
        "longitude": 43.571944,
        "latitude": 23.2775
      },
      "geometry": {
        "type": "Point",
        "coordinates": [
          43.571944,
          23.2775
        ]
      }
    },
    {
      "type": "Feature",
      "id": "OMDB-LGAV:020",
      "properties": {
        "route_id": "OMDB-LGAV",
        "route_name": "OMDB-LGAV",
        "origin": "OMDB",
        "destination": "LGAV",
        "point_count": 53,
        "source_file": "OMDB-LGAV.gpx",
        "point_id": "OMDB-LGAV:020",
        "sequence": 20,
        "waypoint": "LAKMI",
        "point_role": "enroute",
        "overfly": false,
        "longitude": 43.140833,
        "latitude": 23.406667
      },
      "geometry": {
        "type": "Point",
        "coordinates": [
          43.140833,
          23.406667
        ]
      }
    },
    {
      "type": "Feature",
      "id": "OMDB-LGAV:021",
      "properties": {
        "route_id": "OMDB-LGAV",
        "route_name": "OMDB-LGAV",
        "origin": "OMDB",
        "destination": "LGAV",
        "point_count": 53,
        "source_file": "OMDB-LGAV.gpx",
        "point_id": "OMDB-LGAV:021",
        "sequence": 21,
        "waypoint": "ASMUN",
        "point_role": "enroute",
        "overfly": false,
        "longitude": 42.753889,
        "latitude": 23.521111
      },
      "geometry": {
        "type": "Point",
        "coordinates": [
          42.753889,
          23.521111
        ]
      }
    },
    {
      "type": "Feature",
      "id": "OMDB-LGAV:022",
      "properties": {
        "route_id": "OMDB-LGAV",
        "route_name": "OMDB-LGAV",
        "origin": "OMDB",
        "destination": "LGAV",
        "point_count": 53,
        "source_file": "OMDB-LGAV.gpx",
        "point_id": "OMDB-LGAV:022",
        "sequence": 22,
        "waypoint": "AMRAH",
        "point_role": "enroute",
        "overfly": false,
        "longitude": 42.287778,
        "latitude": 23.657778
      },
      "geometry": {
        "type": "Point",
        "coordinates": [
          42.287778,
          23.657778
        ]
      }
    },
    {
      "type": "Feature",
      "id": "OMDB-LGAV:023",
      "properties": {
        "route_id": "OMDB-LGAV",
        "route_name": "OMDB-LGAV",
        "origin": "OMDB",
        "destination": "LGAV",
        "point_count": 53,
        "source_file": "OMDB-LGAV.gpx",
        "point_id": "OMDB-LGAV:023",
        "sequence": 23,
        "waypoint": "BOXEB",
        "point_role": "enroute",
        "overfly": false,
        "longitude": 41.989167,
        "latitude": 23.744167
      },
      "geometry": {
        "type": "Point",
        "coordinates": [
          41.989167,
          23.744167
        ]
      }
    },
    {
      "type": "Feature",
      "id": "OMDB-LGAV:024",
      "properties": {
        "route_id": "OMDB-LGAV",
        "route_name": "OMDB-LGAV",
        "origin": "OMDB",
        "destination": "LGAV",
        "point_count": 53,
        "source_file": "OMDB-LGAV.gpx",
        "point_id": "OMDB-LGAV:024",
        "sequence": 24,
        "waypoint": "ALVIR",
        "point_role": "enroute",
        "overfly": false,
        "longitude": 41.771667,
        "latitude": 23.806944
      },
      "geometry": {
        "type": "Point",
        "coordinates": [
          41.771667,
          23.806944
        ]
      }
    },
    {
      "type": "Feature",
      "id": "OMDB-LGAV:025",
      "properties": {
        "route_id": "OMDB-LGAV",
        "route_name": "OMDB-LGAV",
        "origin": "OMDB",
        "destination": "LGAV",
        "point_count": 53,
        "source_file": "OMDB-LGAV.gpx",
        "point_id": "OMDB-LGAV:025",
        "sequence": 25,
        "waypoint": "ALKAV",
        "point_role": "enroute",
        "overfly": false,
        "longitude": 41.563333,
        "latitude": 23.866667
      },
      "geometry": {
        "type": "Point",
        "coordinates": [
          41.563333,
          23.866667
        ]
      }
    },
    {
      "type": "Feature",
      "id": "OMDB-LGAV:026",
      "properties": {
        "route_id": "OMDB-LGAV",
        "route_name": "OMDB-LGAV",
        "origin": "OMDB",
        "destination": "LGAV",
        "point_count": 53,
        "source_file": "OMDB-LGAV.gpx",
        "point_id": "OMDB-LGAV:026",
        "sequence": 26,
        "waypoint": "ASVIV",
        "point_role": "enroute",
        "overfly": false,
        "longitude": 41.355833,
        "latitude": 23.925556
      },
      "geometry": {
        "type": "Point",
        "coordinates": [
          41.355833,
          23.925556
        ]
      }
    },
    {
      "type": "Feature",
      "id": "OMDB-LGAV:027",
      "properties": {
        "route_id": "OMDB-LGAV",
        "route_name": "OMDB-LGAV",
        "origin": "OMDB",
        "destination": "LGAV",
        "point_count": 53,
        "source_file": "OMDB-LGAV.gpx",
        "point_id": "OMDB-LGAV:027",
        "sequence": 27,
        "waypoint": "NAGBO",
        "point_role": "enroute",
        "overfly": false,
        "longitude": 40.955556,
        "latitude": 24.038611
      },
      "geometry": {
        "type": "Point",
        "coordinates": [
          40.955556,
          24.038611
        ]
      }
    },
    {
      "type": "Feature",
      "id": "OMDB-LGAV:028",
      "properties": {
        "route_id": "OMDB-LGAV",
        "route_name": "OMDB-LGAV",
        "origin": "OMDB",
        "destination": "LGAV",
        "point_count": 53,
        "source_file": "OMDB-LGAV.gpx",
        "point_id": "OMDB-LGAV:028",
        "sequence": 28,
        "waypoint": "ELONU",
        "point_role": "enroute",
        "overfly": false,
        "longitude": 40.514806,
        "latitude": 24.161694
      },
      "geometry": {
        "type": "Point",
        "coordinates": [
          40.514806,
          24.161694
        ]
      }
    },
    {
      "type": "Feature",
      "id": "OMDB-LGAV:029",
      "properties": {
        "route_id": "OMDB-LGAV",
        "route_name": "OMDB-LGAV",
        "origin": "OMDB",
        "destination": "LGAV",
        "point_count": 53,
        "source_file": "OMDB-LGAV.gpx",
        "point_id": "OMDB-LGAV:029",
        "sequence": 29,
        "waypoint": "PMA",
        "point_role": "enroute",
        "overfly": false,
        "longitude": 39.705278,
        "latitude": 24.547472
      },
      "geometry": {
        "type": "Point",
        "coordinates": [
          39.705278,
          24.547472
        ]
      }
    },
    {
      "type": "Feature",
      "id": "OMDB-LGAV:030",
      "properties": {
        "route_id": "OMDB-LGAV",
        "route_name": "OMDB-LGAV",
        "origin": "OMDB",
        "destination": "LGAV",
        "point_count": 53,
        "source_file": "OMDB-LGAV.gpx",
        "point_id": "OMDB-LGAV:030",
        "sequence": 30,
        "waypoint": "PEGUR",
        "point_role": "enroute",
        "overfly": false,
        "longitude": 39.164028,
        "latitude": 25.222194
      },
      "geometry": {
        "type": "Point",
        "coordinates": [
          39.164028,
          25.222194
        ]
      }
    },
    {
      "type": "Feature",
      "id": "OMDB-LGAV:031",
      "properties": {
        "route_id": "OMDB-LGAV",
        "route_name": "OMDB-LGAV",
        "origin": "OMDB",
        "destination": "LGAV",
        "point_count": 53,
        "source_file": "OMDB-LGAV.gpx",
        "point_id": "OMDB-LGAV:031",
        "sequence": 31,
        "waypoint": "SIGRO",
        "point_role": "enroute",
        "overfly": false,
        "longitude": 37.810856,
        "latitude": 26.004833
      },
      "geometry": {
        "type": "Point",
        "coordinates": [
          37.810856,
          26.004833
        ]
      }
    },
    {
      "type": "Feature",
      "id": "OMDB-LGAV:032",
      "properties": {
        "route_id": "OMDB-LGAV",
        "route_name": "OMDB-LGAV",
        "origin": "OMDB",
        "destination": "LGAV",
        "point_count": 53,
        "source_file": "OMDB-LGAV.gpx",
        "point_id": "OMDB-LGAV:032",
        "sequence": 32,
        "waypoint": "IVUDA",
        "point_role": "enroute",
        "overfly": false,
        "longitude": 37.5025,
        "latitude": 26.046667
      },
      "geometry": {
        "type": "Point",
        "coordinates": [
          37.5025,
          26.046667
        ]
      }
    },
    {
      "type": "Feature",
      "id": "OMDB-LGAV:033",
      "properties": {
        "route_id": "OMDB-LGAV",
        "route_name": "OMDB-LGAV",
        "origin": "OMDB",
        "destination": "LGAV",
        "point_count": 53,
        "source_file": "OMDB-LGAV.gpx",
        "point_id": "OMDB-LGAV:033",
        "sequence": 33,
        "waypoint": "WEJ",
        "point_role": "enroute",
        "overfly": false,
        "longitude": 36.488111,
        "latitude": 26.179333
      },
      "geometry": {
        "type": "Point",
        "coordinates": [
          36.488111,
          26.179333
        ]
      }
    },
    {
      "type": "Feature",
      "id": "OMDB-LGAV:034",
      "properties": {
        "route_id": "OMDB-LGAV",
        "route_name": "OMDB-LGAV",
        "origin": "OMDB",
        "destination": "LGAV",
        "point_count": 53,
        "source_file": "OMDB-LGAV.gpx",
        "point_id": "OMDB-LGAV:034",
        "sequence": 34,
        "waypoint": "DARAX",
        "point_role": "enroute",
        "overfly": false,
        "longitude": 35.784167,
        "latitude": 26.786944
      },
      "geometry": {
        "type": "Point",
        "coordinates": [
          35.784167,
          26.786944
        ]
      }
    },
    {
      "type": "Feature",
      "id": "OMDB-LGAV:035",
      "properties": {
        "route_id": "OMDB-LGAV",
        "route_name": "OMDB-LGAV",
        "origin": "OMDB",
        "destination": "LGAV",
        "point_count": 53,
        "source_file": "OMDB-LGAV.gpx",
        "point_id": "OMDB-LGAV:035",
        "sequence": 35,
        "waypoint": "SEPSA",
        "point_role": "enroute",
        "overfly": false,
        "longitude": 34.649444,
        "latitude": 27.431111
      },
      "geometry": {
        "type": "Point",
        "coordinates": [
          34.649444,
          27.431111
        ]
      }
    },
    {
      "type": "Feature",
      "id": "OMDB-LGAV:036",
      "properties": {
        "route_id": "OMDB-LGAV",
        "route_name": "OMDB-LGAV",
        "origin": "OMDB",
        "destination": "LGAV",
        "point_count": 53,
        "source_file": "OMDB-LGAV.gpx",
        "point_id": "OMDB-LGAV:036",
        "sequence": 36,
        "waypoint": "NAGAR",
        "point_role": "enroute",
        "overfly": false,
        "longitude": 34.163686,
        "latitude": 27.667997
      },
      "geometry": {
        "type": "Point",
        "coordinates": [
          34.163686,
          27.667997
        ]
      }
    },
    {
      "type": "Feature",
      "id": "OMDB-LGAV:037",
      "properties": {
        "route_id": "OMDB-LGAV",
        "route_name": "OMDB-LGAV",
        "origin": "OMDB",
        "destination": "LGAV",
        "point_count": 53,
        "source_file": "OMDB-LGAV.gpx",
        "point_id": "OMDB-LGAV:037",
        "sequence": 37,
        "waypoint": "KUVRI",
        "point_role": "enroute",
        "overfly": false,
        "longitude": 31.818514,
        "latitude": 28.7735
      },
      "geometry": {
        "type": "Point",
        "coordinates": [
          31.818514,
          28.7735
        ]
      }
    },
    {
      "type": "Feature",
      "id": "OMDB-LGAV:038",
      "properties": {
        "route_id": "OMDB-LGAV",
        "route_name": "OMDB-LGAV",
        "origin": "OMDB",
        "destination": "LGAV",
        "point_count": 53,
        "source_file": "OMDB-LGAV.gpx",
        "point_id": "OMDB-LGAV:038",
        "sequence": 38,
        "waypoint": "ALSEN",
        "point_role": "enroute",
        "overfly": false,
        "longitude": 31.258019,
        "latitude": 29.028317
      },
      "geometry": {
        "type": "Point",
        "coordinates": [
          31.258019,
          29.028317
        ]
      }
    },
    {
      "type": "Feature",
      "id": "OMDB-LGAV:039",
      "properties": {
        "route_id": "OMDB-LGAV",
        "route_name": "OMDB-LGAV",
        "origin": "OMDB",
        "destination": "LGAV",
        "point_count": 53,
        "source_file": "OMDB-LGAV.gpx",
        "point_id": "OMDB-LGAV:039",
        "sequence": 39,
        "waypoint": "EMESO",
        "point_role": "enroute",
        "overfly": false,
        "longitude": 30.572944,
        "latitude": 29.524292
      },
      "geometry": {
        "type": "Point",
        "coordinates": [
          30.572944,
          29.524292
        ]
      }
    },
    {
      "type": "Feature",
      "id": "OMDB-LGAV:040",
      "properties": {
        "route_id": "OMDB-LGAV",
        "route_name": "OMDB-LGAV",
        "origin": "OMDB",
        "destination": "LGAV",
        "point_count": 53,
        "source_file": "OMDB-LGAV.gpx",
        "point_id": "OMDB-LGAV:040",
        "sequence": 40,
        "waypoint": "KARAM",
        "point_role": "enroute",
        "overfly": false,
        "longitude": 29.318722,
        "latitude": 30.623542
      },
      "geometry": {
        "type": "Point",
        "coordinates": [
          29.318722,
          30.623542
        ]
      }
    },
    {
      "type": "Feature",
      "id": "OMDB-LGAV:041",
      "properties": {
        "route_id": "OMDB-LGAV",
        "route_name": "OMDB-LGAV",
        "origin": "OMDB",
        "destination": "LGAV",
        "point_count": 53,
        "source_file": "OMDB-LGAV.gpx",
        "point_id": "OMDB-LGAV:041",
        "sequence": 41,
        "waypoint": "MODID",
        "point_role": "enroute",
        "overfly": false,
        "longitude": 29.198169,
        "latitude": 30.727169
      },
      "geometry": {
        "type": "Point",
        "coordinates": [
          29.198169,
          30.727169
        ]
      }
    },
    {
      "type": "Feature",
      "id": "OMDB-LGAV:042",
      "properties": {
        "route_id": "OMDB-LGAV",
        "route_name": "OMDB-LGAV",
        "origin": "OMDB",
        "destination": "LGAV",
        "point_count": 53,
        "source_file": "OMDB-LGAV.gpx",
        "point_id": "OMDB-LGAV:042",
        "sequence": 42,
        "waypoint": "NOKLO",
        "point_role": "enroute",
        "overfly": false,
        "longitude": 29.084433,
        "latitude": 30.824611
      },
      "geometry": {
        "type": "Point",
        "coordinates": [
          29.084433,
          30.824611
        ]
      }
    },
    {
      "type": "Feature",
      "id": "OMDB-LGAV:043",
      "properties": {
        "route_id": "OMDB-LGAV",
        "route_name": "OMDB-LGAV",
        "origin": "OMDB",
        "destination": "LGAV",
        "point_count": 53,
        "source_file": "OMDB-LGAV.gpx",
        "point_id": "OMDB-LGAV:043",
        "sequence": 43,
        "waypoint": "HAZEM",
        "point_role": "enroute",
        "overfly": false,
        "longitude": 28.228947,
        "latitude": 31.547356
      },
      "geometry": {
        "type": "Point",
        "coordinates": [
          28.228947,
          31.547356
        ]
      }
    },
    {
      "type": "Feature",
      "id": "OMDB-LGAV:044",
      "properties": {
        "route_id": "OMDB-LGAV",
        "route_name": "OMDB-LGAV",
        "origin": "OMDB",
        "destination": "LGAV",
        "point_count": 53,
        "source_file": "OMDB-LGAV.gpx",
        "point_id": "OMDB-LGAV:044",
        "sequence": 44,
        "waypoint": "IMSEN",
        "point_role": "enroute",
        "overfly": false,
        "longitude": 27.810833,
        "latitude": 31.894167
      },
      "geometry": {
        "type": "Point",
        "coordinates": [
          27.810833,
          31.894167
        ]
      }
    },
    {
      "type": "Feature",
      "id": "OMDB-LGAV:045",
      "properties": {
        "route_id": "OMDB-LGAV",
        "route_name": "OMDB-LGAV",
        "origin": "OMDB",
        "destination": "LGAV",
        "point_count": 53,
        "source_file": "OMDB-LGAV.gpx",
        "point_id": "OMDB-LGAV:045",
        "sequence": 45,
        "waypoint": "KUPOX",
        "point_role": "enroute",
        "overfly": false,
        "longitude": 27.619444,
        "latitude": 32.309444
      },
      "geometry": {
        "type": "Point",
        "coordinates": [
          27.619444,
          32.309444
        ]
      }
    },
    {
      "type": "Feature",
      "id": "OMDB-LGAV:046",
      "properties": {
        "route_id": "OMDB-LGAV",
        "route_name": "OMDB-LGAV",
        "origin": "OMDB",
        "destination": "LGAV",
        "point_count": 53,
        "source_file": "OMDB-LGAV.gpx",
        "point_id": "OMDB-LGAV:046",
        "sequence": 46,
        "waypoint": "LAKBA",
        "point_role": "enroute",
        "overfly": false,
        "longitude": 27.432222,
        "latitude": 32.711111
      },
      "geometry": {
        "type": "Point",
        "coordinates": [
          27.432222,
          32.711111
        ]
      }
    },
    {
      "type": "Feature",
      "id": "OMDB-LGAV:047",
      "properties": {
        "route_id": "OMDB-LGAV",
        "route_name": "OMDB-LGAV",
        "origin": "OMDB",
        "destination": "LGAV",
        "point_count": 53,
        "source_file": "OMDB-LGAV.gpx",
        "point_id": "OMDB-LGAV:047",
        "sequence": 47,
        "waypoint": "TANSA",
        "point_role": "enroute",
        "overfly": false,
        "longitude": 26.816667,
        "latitude": 34.0
      },
      "geometry": {
        "type": "Point",
        "coordinates": [
          26.816667,
          34.0
        ]
      }
    },
    {
      "type": "Feature",
      "id": "OMDB-LGAV:048",
      "properties": {
        "route_id": "OMDB-LGAV",
        "route_name": "OMDB-LGAV",
        "origin": "OMDB",
        "destination": "LGAV",
        "point_count": 53,
        "source_file": "OMDB-LGAV.gpx",
        "point_id": "OMDB-LGAV:048",
        "sequence": 48,
        "waypoint": "SIT",
        "point_role": "enroute",
        "overfly": false,
        "longitude": 26.189064,
        "latitude": 35.068422
      },
      "geometry": {
        "type": "Point",
        "coordinates": [
          26.189064,
          35.068422
        ]
      }
    },
    {
      "type": "Feature",
      "id": "OMDB-LGAV:049",
      "properties": {
        "route_id": "OMDB-LGAV",
        "route_name": "OMDB-LGAV",
        "origin": "OMDB",
        "destination": "LGAV",
        "point_count": 53,
        "source_file": "OMDB-LGAV.gpx",
        "point_id": "OMDB-LGAV:049",
        "sequence": 49,
        "waypoint": "XAVIS",
        "point_role": "enroute",
        "overfly": false,
        "longitude": 25.576944,
        "latitude": 35.694722
      },
      "geometry": {
        "type": "Point",
        "coordinates": [
          25.576944,
          35.694722
        ]
      }
    },
    {
      "type": "Feature",
      "id": "OMDB-LGAV:050",
      "properties": {
        "route_id": "OMDB-LGAV",
        "route_name": "OMDB-LGAV",
        "origin": "OMDB",
        "destination": "LGAV",
        "point_count": 53,
        "source_file": "OMDB-LGAV.gpx",
        "point_id": "OMDB-LGAV:050",
        "sequence": 50,
        "waypoint": "ALIKI",
        "point_role": "enroute",
        "overfly": false,
        "longitude": 25.348889,
        "latitude": 35.925
      },
      "geometry": {
        "type": "Point",
        "coordinates": [
          25.348889,
          35.925
        ]
      }
    },
    {
      "type": "Feature",
      "id": "OMDB-LGAV:051",
      "properties": {
        "route_id": "OMDB-LGAV",
        "route_name": "OMDB-LGAV",
        "origin": "OMDB",
        "destination": "LGAV",
        "point_count": 53,
        "source_file": "OMDB-LGAV.gpx",
        "point_id": "OMDB-LGAV:051",
        "sequence": 51,
        "waypoint": "MIL",
        "point_role": "enroute",
        "overfly": false,
        "longitude": 24.519456,
        "latitude": 36.747508
      },
      "geometry": {
        "type": "Point",
        "coordinates": [
          24.519456,
          36.747508
        ]
      }
    },
    {
      "type": "Feature",
      "id": "OMDB-LGAV:052",
      "properties": {
        "route_id": "OMDB-LGAV",
        "route_name": "OMDB-LGAV",
        "origin": "OMDB",
        "destination": "LGAV",
        "point_count": 53,
        "source_file": "OMDB-LGAV.gpx",
        "point_id": "OMDB-LGAV:052",
        "sequence": 52,
        "waypoint": "BADEL",
        "point_role": "enroute",
        "overfly": false,
        "longitude": 24.073889,
        "latitude": 37.000556
      },
      "geometry": {
        "type": "Point",
        "coordinates": [
          24.073889,
          37.000556
        ]
      }
    },
    {
      "type": "Feature",
      "id": "OMDB-LGAV:053",
      "properties": {
        "route_id": "OMDB-LGAV",
        "route_name": "OMDB-LGAV",
        "origin": "OMDB",
        "destination": "LGAV",
        "point_count": 53,
        "source_file": "OMDB-LGAV.gpx",
        "point_id": "OMDB-LGAV:053",
        "sequence": 53,
        "waypoint": "LGAV",
        "point_role": "destination",
        "overfly": false,
        "longitude": 23.9445,
        "latitude": 37.9367
      },
      "geometry": {
        "type": "Point",
        "coordinates": [
          23.9445,
          37.9367
        ]
      }
    },
    {
      "type": "Feature",
      "id": "OMDB-LHBP:001",
      "properties": {
        "route_id": "OMDB-LHBP",
        "route_name": "OMDB-LHBP",
        "origin": "OMDB",
        "destination": "LHBP",
        "point_count": 57,
        "source_file": "OMDB-LHBP.gpx",
        "point_id": "OMDB-LHBP:001",
        "sequence": 1,
        "waypoint": "OMDB",
        "point_role": "origin",
        "overfly": false,
        "longitude": 55.364444,
        "latitude": 25.252778
      },
      "geometry": {
        "type": "Point",
        "coordinates": [
          55.364444,
          25.252778
        ]
      }
    },
    {
      "type": "Feature",
      "id": "OMDB-LHBP:002",
      "properties": {
        "route_id": "OMDB-LHBP",
        "route_name": "OMDB-LHBP",
        "origin": "OMDB",
        "destination": "LHBP",
        "point_count": 57,
        "source_file": "OMDB-LHBP.gpx",
        "point_id": "OMDB-LHBP:002",
        "sequence": 2,
        "waypoint": "SENPA",
        "point_role": "enroute",
        "overfly": false,
        "longitude": 54.53625,
        "latitude": 25.333222
      },
      "geometry": {
        "type": "Point",
        "coordinates": [
          54.53625,
          25.333222
        ]
      }
    },
    {
      "type": "Feature",
      "id": "OMDB-LHBP:003",
      "properties": {
        "route_id": "OMDB-LHBP",
        "route_name": "OMDB-LHBP",
        "origin": "OMDB",
        "destination": "LHBP",
        "point_count": 57,
        "source_file": "OMDB-LHBP.gpx",
        "point_id": "OMDB-LHBP:003",
        "sequence": 3,
        "waypoint": "RUDUK",
        "point_role": "enroute",
        "overfly": false,
        "longitude": 54.280556,
        "latitude": 25.402222
      },
      "geometry": {
        "type": "Point",
        "coordinates": [
          54.280556,
          25.402222
        ]
      }
    },
    {
      "type": "Feature",
      "id": "OMDB-LHBP:004",
      "properties": {
        "route_id": "OMDB-LHBP",
        "route_name": "OMDB-LHBP",
        "origin": "OMDB",
        "destination": "LHBP",
        "point_count": 57,
        "source_file": "OMDB-LHBP.gpx",
        "point_id": "OMDB-LHBP:004",
        "sequence": 4,
        "waypoint": "ULIVA",
        "point_role": "enroute",
        "overfly": false,
        "longitude": 54.103056,
        "latitude": 25.446389
      },
      "geometry": {
        "type": "Point",
        "coordinates": [
          54.103056,
          25.446389
        ]
      }
    },
    {
      "type": "Feature",
      "id": "OMDB-LHBP:005",
      "properties": {
        "route_id": "OMDB-LHBP",
        "route_name": "OMDB-LHBP",
        "origin": "OMDB",
        "destination": "LHBP",
        "point_count": 57,
        "source_file": "OMDB-LHBP.gpx",
        "point_id": "OMDB-LHBP:005",
        "sequence": 5,
        "waypoint": "SISOB",
        "point_role": "enroute",
        "overfly": false,
        "longitude": 53.7525,
        "latitude": 25.530556
      },
      "geometry": {
        "type": "Point",
        "coordinates": [
          53.7525,
          25.530556
        ]
      }
    },
    {
      "type": "Feature",
      "id": "OMDB-LHBP:006",
      "properties": {
        "route_id": "OMDB-LHBP",
        "route_name": "OMDB-LHBP",
        "origin": "OMDB",
        "destination": "LHBP",
        "point_count": 57,
        "source_file": "OMDB-LHBP.gpx",
        "point_id": "OMDB-LHBP:006",
        "sequence": 6,
        "waypoint": "PURLI",
        "point_role": "enroute",
        "overfly": false,
        "longitude": 53.41,
        "latitude": 25.612222
      },
      "geometry": {
        "type": "Point",
        "coordinates": [
          53.41,
          25.612222
        ]
      }
    },
    {
      "type": "Feature",
      "id": "OMDB-LHBP:007",
      "properties": {
        "route_id": "OMDB-LHBP",
        "route_name": "OMDB-LHBP",
        "origin": "OMDB",
        "destination": "LHBP",
        "point_count": 57,
        "source_file": "OMDB-LHBP.gpx",
        "point_id": "OMDB-LHBP:007",
        "sequence": 7,
        "waypoint": "ALPOB",
        "point_role": "enroute",
        "overfly": false,
        "longitude": 53.015278,
        "latitude": 25.705
      },
      "geometry": {
        "type": "Point",
        "coordinates": [
          53.015278,
          25.705
        ]
      }
    },
    {
      "type": "Feature",
      "id": "OMDB-LHBP:008",
      "properties": {
        "route_id": "OMDB-LHBP",
        "route_name": "OMDB-LHBP",
        "origin": "OMDB",
        "destination": "LHBP",
        "point_count": 57,
        "source_file": "OMDB-LHBP.gpx",
        "point_id": "OMDB-LHBP:008",
        "sequence": 8,
        "waypoint": "ROTAG",
        "point_role": "enroute",
        "overfly": false,
        "longitude": 52.605833,
        "latitude": 25.898056
      },
      "geometry": {
        "type": "Point",
        "coordinates": [
          52.605833,
          25.898056
        ]
      }
    },
    {
      "type": "Feature",
      "id": "OMDB-LHBP:009",
      "properties": {
        "route_id": "OMDB-LHBP",
        "route_name": "OMDB-LHBP",
        "origin": "OMDB",
        "destination": "LHBP",
        "point_count": 57,
        "source_file": "OMDB-LHBP.gpx",
        "point_id": "OMDB-LHBP:009",
        "sequence": 9,
        "waypoint": "ITMUB",
        "point_role": "enroute",
        "overfly": false,
        "longitude": 52.400556,
        "latitude": 25.988611
      },
      "geometry": {
        "type": "Point",
        "coordinates": [
          52.400556,
          25.988611
        ]
      }
    },
    {
      "type": "Feature",
      "id": "OMDB-LHBP:010",
      "properties": {
        "route_id": "OMDB-LHBP",
        "route_name": "OMDB-LHBP",
        "origin": "OMDB",
        "destination": "LHBP",
        "point_count": 57,
        "source_file": "OMDB-LHBP.gpx",
        "point_id": "OMDB-LHBP:010",
        "sequence": 10,
        "waypoint": "MODOG",
        "point_role": "enroute",
        "overfly": false,
        "longitude": 51.993056,
        "latitude": 26.17
      },
      "geometry": {
        "type": "Point",
        "coordinates": [
          51.993056,
          26.17
        ]
      }
    },
    {
      "type": "Feature",
      "id": "OMDB-LHBP:011",
      "properties": {
        "route_id": "OMDB-LHBP",
        "route_name": "OMDB-LHBP",
        "origin": "OMDB",
        "destination": "LHBP",
        "point_count": 57,
        "source_file": "OMDB-LHBP.gpx",
        "point_id": "OMDB-LHBP:011",
        "sequence": 11,
        "waypoint": "RAMKI",
        "point_role": "enroute",
        "overfly": false,
        "longitude": 51.940294,
        "latitude": 26.193889
      },
      "geometry": {
        "type": "Point",
        "coordinates": [
          51.940294,
          26.193889
        ]
      }
    },
    {
      "type": "Feature",
      "id": "OMDB-LHBP:012",
      "properties": {
        "route_id": "OMDB-LHBP",
        "route_name": "OMDB-LHBP",
        "origin": "OMDB",
        "destination": "LHBP",
        "point_count": 57,
        "source_file": "OMDB-LHBP.gpx",
        "point_id": "OMDB-LHBP:012",
        "sequence": 12,
        "waypoint": "RABLA",
        "point_role": "enroute",
        "overfly": false,
        "longitude": 51.809356,
        "latitude": 26.251592
      },
      "geometry": {
        "type": "Point",
        "coordinates": [
          51.809356,
          26.251592
        ]
      }
    },
    {
      "type": "Feature",
      "id": "OMDB-LHBP:013",
      "properties": {
        "route_id": "OMDB-LHBP",
        "route_name": "OMDB-LHBP",
        "origin": "OMDB",
        "destination": "LHBP",
        "point_count": 57,
        "source_file": "OMDB-LHBP.gpx",
        "point_id": "OMDB-LHBP:013",
        "sequence": 13,
        "waypoint": "OBROS",
        "point_role": "enroute",
        "overfly": false,
        "longitude": 51.661244,
        "latitude": 26.3176
      },
      "geometry": {
        "type": "Point",
        "coordinates": [
          51.661244,
          26.3176
        ]
      }
    },
    {
      "type": "Feature",
      "id": "OMDB-LHBP:014",
      "properties": {
        "route_id": "OMDB-LHBP",
        "route_name": "OMDB-LHBP",
        "origin": "OMDB",
        "destination": "LHBP",
        "point_count": 57,
        "source_file": "OMDB-LHBP.gpx",
        "point_id": "OMDB-LHBP:014",
        "sequence": 14,
        "waypoint": "SOLOB",
        "point_role": "enroute",
        "overfly": false,
        "longitude": 51.525556,
        "latitude": 26.378056
      },
      "geometry": {
        "type": "Point",
        "coordinates": [
          51.525556,
          26.378056
        ]
      }
    },
    {
      "type": "Feature",
      "id": "OMDB-LHBP:015",
      "properties": {
        "route_id": "OMDB-LHBP",
        "route_name": "OMDB-LHBP",
        "origin": "OMDB",
        "destination": "LHBP",
        "point_count": 57,
        "source_file": "OMDB-LHBP.gpx",
        "point_id": "OMDB-LHBP:015",
        "sequence": 15,
        "waypoint": "ALREP",
        "point_role": "enroute",
        "overfly": false,
        "longitude": 51.369167,
        "latitude": 26.428056
      },
      "geometry": {
        "type": "Point",
        "coordinates": [
          51.369167,
          26.428056
        ]
      }
    },
    {
      "type": "Feature",
      "id": "OMDB-LHBP:016",
      "properties": {
        "route_id": "OMDB-LHBP",
        "route_name": "OMDB-LHBP",
        "origin": "OMDB",
        "destination": "LHBP",
        "point_count": 57,
        "source_file": "OMDB-LHBP.gpx",
        "point_id": "OMDB-LHBP:016",
        "sequence": 16,
        "waypoint": "ORDIG",
        "point_role": "enroute",
        "overfly": false,
        "longitude": 51.2675,
        "latitude": 26.460556
      },
      "geometry": {
        "type": "Point",
        "coordinates": [
          51.2675,
          26.460556
        ]
      }
    },
    {
      "type": "Feature",
      "id": "OMDB-LHBP:017",
      "properties": {
        "route_id": "OMDB-LHBP",
        "route_name": "OMDB-LHBP",
        "origin": "OMDB",
        "destination": "LHBP",
        "point_count": 57,
        "source_file": "OMDB-LHBP.gpx",
        "point_id": "OMDB-LHBP:017",
        "sequence": 17,
        "waypoint": "MEDMA",
        "point_role": "enroute",
        "overfly": false,
        "longitude": 50.915006,
        "latitude": 26.572594
      },
      "geometry": {
        "type": "Point",
        "coordinates": [
          50.915006,
          26.572594
        ]
      }
    },
    {
      "type": "Feature",
      "id": "OMDB-LHBP:018",
      "properties": {
        "route_id": "OMDB-LHBP",
        "route_name": "OMDB-LHBP",
        "origin": "OMDB",
        "destination": "LHBP",
        "point_count": 57,
        "source_file": "OMDB-LHBP.gpx",
        "point_id": "OMDB-LHBP:018",
        "sequence": 18,
        "waypoint": "OBMON",
        "point_role": "enroute",
        "overfly": false,
        "longitude": 50.690278,
        "latitude": 26.642222
      },
      "geometry": {
        "type": "Point",
        "coordinates": [
          50.690278,
          26.642222
        ]
      }
    },
    {
      "type": "Feature",
      "id": "OMDB-LHBP:019",
      "properties": {
        "route_id": "OMDB-LHBP",
        "route_name": "OMDB-LHBP",
        "origin": "OMDB",
        "destination": "LHBP",
        "point_count": 57,
        "source_file": "OMDB-LHBP.gpx",
        "point_id": "OMDB-LHBP:019",
        "sequence": 19,
        "waypoint": "EGMOR",
        "point_role": "enroute",
        "overfly": false,
        "longitude": 50.485203,
        "latitude": 26.703003
      },
      "geometry": {
        "type": "Point",
        "coordinates": [
          50.485203,
          26.703003
        ]
      }
    },
    {
      "type": "Feature",
      "id": "OMDB-LHBP:020",
      "properties": {
        "route_id": "OMDB-LHBP",
        "route_name": "OMDB-LHBP",
        "origin": "OMDB",
        "destination": "LHBP",
        "point_count": 57,
        "source_file": "OMDB-LHBP.gpx",
        "point_id": "OMDB-LHBP:020",
        "sequence": 20,
        "waypoint": "ULADA",
        "point_role": "enroute",
        "overfly": false,
        "longitude": 50.273333,
        "latitude": 26.7575
      },
      "geometry": {
        "type": "Point",
        "coordinates": [
          50.273333,
          26.7575
        ]
      }
    },
    {
      "type": "Feature",
      "id": "OMDB-LHBP:021",
      "properties": {
        "route_id": "OMDB-LHBP",
        "route_name": "OMDB-LHBP",
        "origin": "OMDB",
        "destination": "LHBP",
        "point_count": 57,
        "source_file": "OMDB-LHBP.gpx",
        "point_id": "OMDB-LHBP:021",
        "sequence": 21,
        "waypoint": "KASES",
        "point_role": "enroute",
        "overfly": false,
        "longitude": 49.9525,
        "latitude": 26.760556
      },
      "geometry": {
        "type": "Point",
        "coordinates": [
          49.9525,
          26.760556
        ]
      }
    },
    {
      "type": "Feature",
      "id": "OMDB-LHBP:022",
      "properties": {
        "route_id": "OMDB-LHBP",
        "route_name": "OMDB-LHBP",
        "origin": "OMDB",
        "destination": "LHBP",
        "point_count": 57,
        "source_file": "OMDB-LHBP.gpx",
        "point_id": "OMDB-LHBP:022",
        "sequence": 22,
        "waypoint": "ALVAP",
        "point_role": "enroute",
        "overfly": false,
        "longitude": 49.59,
        "latitude": 26.763056
      },
      "geometry": {
        "type": "Point",
        "coordinates": [
          49.59,
          26.763056
        ]
      }
    },
    {
      "type": "Feature",
      "id": "OMDB-LHBP:023",
      "properties": {
        "route_id": "OMDB-LHBP",
        "route_name": "OMDB-LHBP",
        "origin": "OMDB",
        "destination": "LHBP",
        "point_count": 57,
        "source_file": "OMDB-LHBP.gpx",
        "point_id": "OMDB-LHBP:023",
        "sequence": 23,
        "waypoint": "DASVA",
        "point_role": "enroute",
        "overfly": false,
        "longitude": 49.383611,
        "latitude": 26.764167
      },
      "geometry": {
        "type": "Point",
        "coordinates": [
          49.383611,
          26.764167
        ]
      }
    },
    {
      "type": "Feature",
      "id": "OMDB-LHBP:024",
      "properties": {
        "route_id": "OMDB-LHBP",
        "route_name": "OMDB-LHBP",
        "origin": "OMDB",
        "destination": "LHBP",
        "point_count": 57,
        "source_file": "OMDB-LHBP.gpx",
        "point_id": "OMDB-LHBP:024",
        "sequence": 24,
        "waypoint": "TAYMA",
        "point_role": "enroute",
        "overfly": false,
        "longitude": 48.703333,
        "latitude": 26.765556
      },
      "geometry": {
        "type": "Point",
        "coordinates": [
          48.703333,
          26.765556
        ]
      }
    },
    {
      "type": "Feature",
      "id": "OMDB-LHBP:025",
      "properties": {
        "route_id": "OMDB-LHBP",
        "route_name": "OMDB-LHBP",
        "origin": "OMDB",
        "destination": "LHBP",
        "point_count": 57,
        "source_file": "OMDB-LHBP.gpx",
        "point_id": "OMDB-LHBP:025",
        "sequence": 25,
        "waypoint": "LABLI",
        "point_role": "enroute",
        "overfly": false,
        "longitude": 48.35,
        "latitude": 26.756111
      },
      "geometry": {
        "type": "Point",
        "coordinates": [
          48.35,
          26.756111
        ]
      }
    },
    {
      "type": "Feature",
      "id": "OMDB-LHBP:026",
      "properties": {
        "route_id": "OMDB-LHBP",
        "route_name": "OMDB-LHBP",
        "origin": "OMDB",
        "destination": "LHBP",
        "point_count": 57,
        "source_file": "OMDB-LHBP.gpx",
        "point_id": "OMDB-LHBP:026",
        "sequence": 26,
        "waypoint": "MEDGO",
        "point_role": "enroute",
        "overfly": false,
        "longitude": 47.8825,
        "latitude": 26.7425
      },
      "geometry": {
        "type": "Point",
        "coordinates": [
          47.8825,
          26.7425
        ]
      }
    },
    {
      "type": "Feature",
      "id": "OMDB-LHBP:027",
      "properties": {
        "route_id": "OMDB-LHBP",
        "route_name": "OMDB-LHBP",
        "origin": "OMDB",
        "destination": "LHBP",
        "point_count": 57,
        "source_file": "OMDB-LHBP.gpx",
        "point_id": "OMDB-LHBP:027",
        "sequence": 27,
        "waypoint": "LUGAL",
        "point_role": "enroute",
        "overfly": false,
        "longitude": 47.376389,
        "latitude": 26.7675
      },
      "geometry": {
        "type": "Point",
        "coordinates": [
          47.376389,
          26.7675
        ]
      }
    },
    {
      "type": "Feature",
      "id": "OMDB-LHBP:028",
      "properties": {
        "route_id": "OMDB-LHBP",
        "route_name": "OMDB-LHBP",
        "origin": "OMDB",
        "destination": "LHBP",
        "point_count": 57,
        "source_file": "OMDB-LHBP.gpx",
        "point_id": "OMDB-LHBP:028",
        "sequence": 28,
        "waypoint": "SIBLI",
        "point_role": "enroute",
        "overfly": false,
        "longitude": 46.392778,
        "latitude": 26.916389
      },
      "geometry": {
        "type": "Point",
        "coordinates": [
          46.392778,
          26.916389
        ]
      }
    },
    {
      "type": "Feature",
      "id": "OMDB-LHBP:029",
      "properties": {
        "route_id": "OMDB-LHBP",
        "route_name": "OMDB-LHBP",
        "origin": "OMDB",
        "destination": "LHBP",
        "point_count": 57,
        "source_file": "OMDB-LHBP.gpx",
        "point_id": "OMDB-LHBP:029",
        "sequence": 29,
        "waypoint": "ANTER",
        "point_role": "enroute",
        "overfly": false,
        "longitude": 45.566389,
        "latitude": 27.036667
      },
      "geometry": {
        "type": "Point",
        "coordinates": [
          45.566389,
          27.036667
        ]
      }
    },
    {
      "type": "Feature",
      "id": "OMDB-LHBP:030",
      "properties": {
        "route_id": "OMDB-LHBP",
        "route_name": "OMDB-LHBP",
        "origin": "OMDB",
        "destination": "LHBP",
        "point_count": 57,
        "source_file": "OMDB-LHBP.gpx",
        "point_id": "OMDB-LHBP:030",
        "sequence": 30,
        "waypoint": "BPN",
        "point_role": "enroute",
        "overfly": false,
        "longitude": 45.445278,
        "latitude": 27.053889
      },
      "geometry": {
        "type": "Point",
        "coordinates": [
          45.445278,
          27.053889
        ]
      }
    },
    {
      "type": "Feature",
      "id": "OMDB-LHBP:031",
      "properties": {
        "route_id": "OMDB-LHBP",
        "route_name": "OMDB-LHBP",
        "origin": "OMDB",
        "destination": "LHBP",
        "point_count": 57,
        "source_file": "OMDB-LHBP.gpx",
        "point_id": "OMDB-LHBP:031",
        "sequence": 31,
        "waypoint": "ALKIR",
        "point_role": "enroute",
        "overfly": false,
        "longitude": 44.728611,
        "latitude": 27.132778
      },
      "geometry": {
        "type": "Point",
        "coordinates": [
          44.728611,
          27.132778
        ]
      }
    },
    {
      "type": "Feature",
      "id": "OMDB-LHBP:032",
      "properties": {
        "route_id": "OMDB-LHBP",
        "route_name": "OMDB-LHBP",
        "origin": "OMDB",
        "destination": "LHBP",
        "point_count": 57,
        "source_file": "OMDB-LHBP.gpx",
        "point_id": "OMDB-LHBP:032",
        "sequence": 32,
        "waypoint": "PASIT",
        "point_role": "enroute",
        "overfly": false,
        "longitude": 44.381389,
        "latitude": 27.169722
      },
      "geometry": {
        "type": "Point",
        "coordinates": [
          44.381389,
          27.169722
        ]
      }
    },
    {
      "type": "Feature",
      "id": "OMDB-LHBP:033",
      "properties": {
        "route_id": "OMDB-LHBP",
        "route_name": "OMDB-LHBP",
        "origin": "OMDB",
        "destination": "LHBP",
        "point_count": 57,
        "source_file": "OMDB-LHBP.gpx",
        "point_id": "OMDB-LHBP:033",
        "sequence": 33,
        "waypoint": "TOTAD",
        "point_role": "enroute",
        "overfly": false,
        "longitude": 43.651111,
        "latitude": 27.845278
      },
      "geometry": {
        "type": "Point",
        "coordinates": [
          43.651111,
          27.845278
        ]
      }
    },
    {
      "type": "Feature",
      "id": "OMDB-LHBP:034",
      "properties": {
        "route_id": "OMDB-LHBP",
        "route_name": "OMDB-LHBP",
        "origin": "OMDB",
        "destination": "LHBP",
        "point_count": 57,
        "source_file": "OMDB-LHBP.gpx",
        "point_id": "OMDB-LHBP:034",
        "sequence": 34,
        "waypoint": "TAMRO",
        "point_role": "enroute",
        "overfly": false,
        "longitude": 42.679722,
        "latitude": 28.643889
      },
      "geometry": {
        "type": "Point",
        "coordinates": [
          42.679722,
          28.643889
        ]
      }
    },
    {
      "type": "Feature",
      "id": "OMDB-LHBP:035",
      "properties": {
        "route_id": "OMDB-LHBP",
        "route_name": "OMDB-LHBP",
        "origin": "OMDB",
        "destination": "LHBP",
        "point_count": 57,
        "source_file": "OMDB-LHBP.gpx",
        "point_id": "OMDB-LHBP:035",
        "sequence": 35,
        "waypoint": "ORSAL",
        "point_role": "enroute",
        "overfly": false,
        "longitude": 42.185278,
        "latitude": 29.043056
      },
      "geometry": {
        "type": "Point",
        "coordinates": [
          42.185278,
          29.043056
        ]
      }
    },
    {
      "type": "Feature",
      "id": "OMDB-LHBP:036",
      "properties": {
        "route_id": "OMDB-LHBP",
        "route_name": "OMDB-LHBP",
        "origin": "OMDB",
        "destination": "LHBP",
        "point_count": 57,
        "source_file": "OMDB-LHBP.gpx",
        "point_id": "OMDB-LHBP:036",
        "sequence": 36,
        "waypoint": "PAXAN",
        "point_role": "enroute",
        "overfly": false,
        "longitude": 41.309167,
        "latitude": 29.738333
      },
      "geometry": {
        "type": "Point",
        "coordinates": [
          41.309167,
          29.738333
        ]
      }
    },
    {
      "type": "Feature",
      "id": "OMDB-LHBP:037",
      "properties": {
        "route_id": "OMDB-LHBP",
        "route_name": "OMDB-LHBP",
        "origin": "OMDB",
        "destination": "LHBP",
        "point_count": 57,
        "source_file": "OMDB-LHBP.gpx",
        "point_id": "OMDB-LHBP:037",
        "sequence": 37,
        "waypoint": "GADLI",
        "point_role": "enroute",
        "overfly": false,
        "longitude": 40.639167,
        "latitude": 30.386667
      },
      "geometry": {
        "type": "Point",
        "coordinates": [
          40.639167,
          30.386667
        ]
      }
    },
    {
      "type": "Feature",
      "id": "OMDB-LHBP:038",
      "properties": {
        "route_id": "OMDB-LHBP",
        "route_name": "OMDB-LHBP",
        "origin": "OMDB",
        "destination": "LHBP",
        "point_count": 57,
        "source_file": "OMDB-LHBP.gpx",
        "point_id": "OMDB-LHBP:038",
        "sequence": 38,
        "waypoint": "BONIS",
        "point_role": "enroute",
        "overfly": false,
        "longitude": 39.553611,
        "latitude": 31.432778
      },
      "geometry": {
        "type": "Point",
        "coordinates": [
          39.553611,
          31.432778
        ]
      }
    },
    {
      "type": "Feature",
      "id": "OMDB-LHBP:039",
      "properties": {
        "route_id": "OMDB-LHBP",
        "route_name": "OMDB-LHBP",
        "origin": "OMDB",
        "destination": "LHBP",
        "point_count": 57,
        "source_file": "OMDB-LHBP.gpx",
        "point_id": "OMDB-LHBP:039",
        "sequence": 39,
        "waypoint": "OVANO",
        "point_role": "enroute",
        "overfly": false,
        "longitude": 39.164167,
        "latitude": 31.800278
      },
      "geometry": {
        "type": "Point",
        "coordinates": [
          39.164167,
          31.800278
        ]
      }
    },
    {
      "type": "Feature",
      "id": "OMDB-LHBP:040",
      "properties": {
        "route_id": "OMDB-LHBP",
        "route_name": "OMDB-LHBP",
        "origin": "OMDB",
        "destination": "LHBP",
        "point_count": 57,
        "source_file": "OMDB-LHBP.gpx",
        "point_id": "OMDB-LHBP:040",
        "sequence": 40,
        "waypoint": "OTILA",
        "point_role": "enroute",
        "overfly": false,
        "longitude": 39.031344,
        "latitude": 32.025278
      },
      "geometry": {
        "type": "Point",
        "coordinates": [
          39.031344,
          32.025278
        ]
      }
    },
    {
      "type": "Feature",
      "id": "OMDB-LHBP:041",
      "properties": {
        "route_id": "OMDB-LHBP",
        "route_name": "OMDB-LHBP",
        "origin": "OMDB",
        "destination": "LHBP",
        "point_count": 57,
        "source_file": "OMDB-LHBP.gpx",
        "point_id": "OMDB-LHBP:041",
        "sequence": 41,
        "waypoint": "MODAD",
        "point_role": "enroute",
        "overfly": false,
        "longitude": 38.693928,
        "latitude": 32.594411
      },
      "geometry": {
        "type": "Point",
        "coordinates": [
          38.693928,
          32.594411
        ]
      }
    },
    {
      "type": "Feature",
      "id": "OMDB-LHBP:042",
      "properties": {
        "route_id": "OMDB-LHBP",
        "route_name": "OMDB-LHBP",
        "origin": "OMDB",
        "destination": "LHBP",
        "point_count": 57,
        "source_file": "OMDB-LHBP.gpx",
        "point_id": "OMDB-LHBP:042",
        "sequence": 42,
        "waypoint": "KUMLO",
        "point_role": "enroute",
        "overfly": false,
        "longitude": 38.468797,
        "latitude": 32.96995
      },
      "geometry": {
        "type": "Point",
        "coordinates": [
          38.468797,
          32.96995
        ]
      }
    },
    {
      "type": "Feature",
      "id": "OMDB-LHBP:043",
      "properties": {
        "route_id": "OMDB-LHBP",
        "route_name": "OMDB-LHBP",
        "origin": "OMDB",
        "destination": "LHBP",
        "point_count": 57,
        "source_file": "OMDB-LHBP.gpx",
        "point_id": "OMDB-LHBP:043",
        "sequence": 43,
        "waypoint": "SOKAN",
        "point_role": "enroute",
        "overfly": false,
        "longitude": 38.368611,
        "latitude": 33.135833
      },
      "geometry": {
        "type": "Point",
        "coordinates": [
          38.368611,
          33.135833
        ]
      }
    },
    {
      "type": "Feature",
      "id": "OMDB-LHBP:044",
      "properties": {
        "route_id": "OMDB-LHBP",
        "route_name": "OMDB-LHBP",
        "origin": "OMDB",
        "destination": "LHBP",
        "point_count": 57,
        "source_file": "OMDB-LHBP.gpx",
        "point_id": "OMDB-LHBP:044",
        "sequence": 44,
        "waypoint": "FIRAS",
        "point_role": "enroute",
        "overfly": false,
        "longitude": 37.92,
        "latitude": 33.871944
      },
      "geometry": {
        "type": "Point",
        "coordinates": [
          37.92,
          33.871944
        ]
      }
    },
    {
      "type": "Feature",
      "id": "OMDB-LHBP:045",
      "properties": {
        "route_id": "OMDB-LHBP",
        "route_name": "OMDB-LHBP",
        "origin": "OMDB",
        "destination": "LHBP",
        "point_count": 57,
        "source_file": "OMDB-LHBP.gpx",
        "point_id": "OMDB-LHBP:045",
        "sequence": 45,
        "waypoint": "NISAP",
        "point_role": "enroute",
        "overfly": false,
        "longitude": 36.641389,
        "latitude": 36.784444
      },
      "geometry": {
        "type": "Point",
        "coordinates": [
          36.641389,
          36.784444
        ]
      }
    },
    {
      "type": "Feature",
      "id": "OMDB-LHBP:046",
      "properties": {
        "route_id": "OMDB-LHBP",
        "route_name": "OMDB-LHBP",
        "origin": "OMDB",
        "destination": "LHBP",
        "point_count": 57,
        "source_file": "OMDB-LHBP.gpx",
        "point_id": "OMDB-LHBP:046",
        "sequence": 46,
        "waypoint": "MILBA",
        "point_role": "enroute",
        "overfly": false,
        "longitude": 36.479444,
        "latitude": 36.951389
      },
      "geometry": {
        "type": "Point",
        "coordinates": [
          36.479444,
          36.951389
        ]
      }
    },
    {
      "type": "Feature",
      "id": "OMDB-LHBP:047",
      "properties": {
        "route_id": "OMDB-LHBP",
        "route_name": "OMDB-LHBP",
        "origin": "OMDB",
        "destination": "LHBP",
        "point_count": 57,
        "source_file": "OMDB-LHBP.gpx",
        "point_id": "OMDB-LHBP:047",
        "sequence": 47,
        "waypoint": "TEVDA",
        "point_role": "enroute",
        "overfly": false,
        "longitude": 35.066667,
        "latitude": 38.372778
      },
      "geometry": {
        "type": "Point",
        "coordinates": [
          35.066667,
          38.372778
        ]
      }
    },
    {
      "type": "Feature",
      "id": "OMDB-LHBP:048",
      "properties": {
        "route_id": "OMDB-LHBP",
        "route_name": "OMDB-LHBP",
        "origin": "OMDB",
        "destination": "LHBP",
        "point_count": 57,
        "source_file": "OMDB-LHBP.gpx",
        "point_id": "OMDB-LHBP:048",
        "sequence": 48,
        "waypoint": "BELSU",
        "point_role": "enroute",
        "overfly": false,
        "longitude": 34.286389,
        "latitude": 39.130833
      },
      "geometry": {
        "type": "Point",
        "coordinates": [
          34.286389,
          39.130833
        ]
      }
    },
    {
      "type": "Feature",
      "id": "OMDB-LHBP:049",
      "properties": {
        "route_id": "OMDB-LHBP",
        "route_name": "OMDB-LHBP",
        "origin": "OMDB",
        "destination": "LHBP",
        "point_count": 57,
        "source_file": "OMDB-LHBP.gpx",
        "point_id": "OMDB-LHBP:049",
        "sequence": 49,
        "waypoint": "BUK",
        "point_role": "enroute",
        "overfly": false,
        "longitude": 33.104917,
        "latitude": 40.241861
      },
      "geometry": {
        "type": "Point",
        "coordinates": [
          33.104917,
          40.241861
        ]
      }
    },
    {
      "type": "Feature",
      "id": "OMDB-LHBP:050",
      "properties": {
        "route_id": "OMDB-LHBP",
        "route_name": "OMDB-LHBP",
        "origin": "OMDB",
        "destination": "LHBP",
        "point_count": 57,
        "source_file": "OMDB-LHBP.gpx",
        "point_id": "OMDB-LHBP:050",
        "sequence": 50,
        "waypoint": "DEREL",
        "point_role": "enroute",
        "overfly": false,
        "longitude": 32.193333,
        "latitude": 40.713889
      },
      "geometry": {
        "type": "Point",
        "coordinates": [
          32.193333,
          40.713889
        ]
      }
    },
    {
      "type": "Feature",
      "id": "OMDB-LHBP:051",
      "properties": {
        "route_id": "OMDB-LHBP",
        "route_name": "OMDB-LHBP",
        "origin": "OMDB",
        "destination": "LHBP",
        "point_count": 57,
        "source_file": "OMDB-LHBP.gpx",
        "point_id": "OMDB-LHBP:051",
        "sequence": 51,
        "waypoint": "AKCAK",
        "point_role": "enroute",
        "overfly": false,
        "longitude": 30.724722,
        "latitude": 41.428889
      },
      "geometry": {
        "type": "Point",
        "coordinates": [
          30.724722,
          41.428889
        ]
      }
    },
    {
      "type": "Feature",
      "id": "OMDB-LHBP:052",
      "properties": {
        "route_id": "OMDB-LHBP",
        "route_name": "OMDB-LHBP",
        "origin": "OMDB",
        "destination": "LHBP",
        "point_count": 57,
        "source_file": "OMDB-LHBP.gpx",
        "point_id": "OMDB-LHBP:052",
        "sequence": 52,
        "waypoint": "MAKOL",
        "point_role": "enroute",
        "overfly": false,
        "longitude": 29.142778,
        "latitude": 42.170556
      },
      "geometry": {
        "type": "Point",
        "coordinates": [
          29.142778,
          42.170556
        ]
      }
    },
    {
      "type": "Feature",
      "id": "OMDB-LHBP:053",
      "properties": {
        "route_id": "OMDB-LHBP",
        "route_name": "OMDB-LHBP",
        "origin": "OMDB",
        "destination": "LHBP",
        "point_count": 57,
        "source_file": "OMDB-LHBP.gpx",
        "point_id": "OMDB-LHBP:053",
        "sequence": 53,
        "waypoint": "IBINU",
        "point_role": "enroute",
        "overfly": false,
        "longitude": 23.278756,
        "latitude": 45.918039
      },
      "geometry": {
        "type": "Point",
        "coordinates": [
          23.278756,
          45.918039
        ]
      }
    },
    {
      "type": "Feature",
      "id": "OMDB-LHBP:054",
      "properties": {
        "route_id": "OMDB-LHBP",
        "route_name": "OMDB-LHBP",
        "origin": "OMDB",
        "destination": "LHBP",
        "point_count": 57,
        "source_file": "OMDB-LHBP.gpx",
        "point_id": "OMDB-LHBP:054",
        "sequence": 54,
        "waypoint": "BUXLE",
        "point_role": "enroute",
        "overfly": false,
        "longitude": 22.195278,
        "latitude": 46.463889
      },
      "geometry": {
        "type": "Point",
        "coordinates": [
          22.195278,
          46.463889
        ]
      }
    },
    {
      "type": "Feature",
      "id": "OMDB-LHBP:055",
      "properties": {
        "route_id": "OMDB-LHBP",
        "route_name": "OMDB-LHBP",
        "origin": "OMDB",
        "destination": "LHBP",
        "point_count": 57,
        "source_file": "OMDB-LHBP.gpx",
        "point_id": "OMDB-LHBP:055",
        "sequence": 55,
        "waypoint": "BUDOP",
        "point_role": "enroute",
        "overfly": false,
        "longitude": 21.496667,
        "latitude": 46.6875
      },
      "geometry": {
        "type": "Point",
        "coordinates": [
          21.496667,
          46.6875
        ]
      }
    },
    {
      "type": "Feature",
      "id": "OMDB-LHBP:056",
      "properties": {
        "route_id": "OMDB-LHBP",
        "route_name": "OMDB-LHBP",
        "origin": "OMDB",
        "destination": "LHBP",
        "point_count": 57,
        "source_file": "OMDB-LHBP.gpx",
        "point_id": "OMDB-LHBP:056",
        "sequence": 56,
        "waypoint": "KEZAL",
        "point_role": "enroute",
        "overfly": false,
        "longitude": 20.231389,
        "latitude": 47.153611
      },
      "geometry": {
        "type": "Point",
        "coordinates": [
          20.231389,
          47.153611
        ]
      }
    },
    {
      "type": "Feature",
      "id": "OMDB-LHBP:057",
      "properties": {
        "route_id": "OMDB-LHBP",
        "route_name": "OMDB-LHBP",
        "origin": "OMDB",
        "destination": "LHBP",
        "point_count": 57,
        "source_file": "OMDB-LHBP.gpx",
        "point_id": "OMDB-LHBP:057",
        "sequence": 57,
        "waypoint": "LHBP",
        "point_role": "destination",
        "overfly": false,
        "longitude": 19.261944,
        "latitude": 47.439444
      },
      "geometry": {
        "type": "Point",
        "coordinates": [
          19.261944,
          47.439444
        ]
      }
    },
    {
      "type": "Feature",
      "id": "OMDB-LIRF:001",
      "properties": {
        "route_id": "OMDB-LIRF",
        "route_name": "OMDB-LIRF",
        "origin": "OMDB",
        "destination": "LIRF",
        "point_count": 52,
        "source_file": "OMDB-LIRF.gpx",
        "point_id": "OMDB-LIRF:001",
        "sequence": 1,
        "waypoint": "OMDB",
        "point_role": "origin",
        "overfly": false,
        "longitude": 55.364444,
        "latitude": 25.252778
      },
      "geometry": {
        "type": "Point",
        "coordinates": [
          55.364444,
          25.252778
        ]
      }
    },
    {
      "type": "Feature",
      "id": "OMDB-LIRF:002",
      "properties": {
        "route_id": "OMDB-LIRF",
        "route_name": "OMDB-LIRF",
        "origin": "OMDB",
        "destination": "LIRF",
        "point_count": 52,
        "source_file": "OMDB-LIRF.gpx",
        "point_id": "OMDB-LIRF:002",
        "sequence": 2,
        "waypoint": "KUTLI",
        "point_role": "enroute",
        "overfly": false,
        "longitude": 54.938333,
        "latitude": 24.86425
      },
      "geometry": {
        "type": "Point",
        "coordinates": [
          54.938333,
          24.86425
        ]
      }
    },
    {
      "type": "Feature",
      "id": "OMDB-LIRF:003",
      "properties": {
        "route_id": "OMDB-LIRF",
        "route_name": "OMDB-LIRF",
        "origin": "OMDB",
        "destination": "LIRF",
        "point_count": 52,
        "source_file": "OMDB-LIRF.gpx",
        "point_id": "OMDB-LIRF:003",
        "sequence": 3,
        "waypoint": "GEVIV",
        "point_role": "enroute",
        "overfly": false,
        "longitude": 54.833333,
        "latitude": 24.688333
      },
      "geometry": {
        "type": "Point",
        "coordinates": [
          54.833333,
          24.688333
        ]
      }
    },
    {
      "type": "Feature",
      "id": "OMDB-LIRF:004",
      "properties": {
        "route_id": "OMDB-LIRF",
        "route_name": "OMDB-LIRF",
        "origin": "OMDB",
        "destination": "LIRF",
        "point_count": 52,
        "source_file": "OMDB-LIRF.gpx",
        "point_id": "OMDB-LIRF:004",
        "sequence": 4,
        "waypoint": "ELEPO",
        "point_role": "enroute",
        "overfly": false,
        "longitude": 54.736111,
        "latitude": 24.536389
      },
      "geometry": {
        "type": "Point",
        "coordinates": [
          54.736111,
          24.536389
        ]
      }
    },
    {
      "type": "Feature",
      "id": "OMDB-LIRF:005",
      "properties": {
        "route_id": "OMDB-LIRF",
        "route_name": "OMDB-LIRF",
        "origin": "OMDB",
        "destination": "LIRF",
        "point_count": 52,
        "source_file": "OMDB-LIRF.gpx",
        "point_id": "OMDB-LIRF:005",
        "sequence": 5,
        "waypoint": "ODKUN",
        "point_role": "enroute",
        "overfly": false,
        "longitude": 54.671389,
        "latitude": 24.435556
      },
      "geometry": {
        "type": "Point",
        "coordinates": [
          54.671389,
          24.435556
        ]
      }
    },
    {
      "type": "Feature",
      "id": "OMDB-LIRF:006",
      "properties": {
        "route_id": "OMDB-LIRF",
        "route_name": "OMDB-LIRF",
        "origin": "OMDB",
        "destination": "LIRF",
        "point_count": 52,
        "source_file": "OMDB-LIRF.gpx",
        "point_id": "OMDB-LIRF:006",
        "sequence": 6,
        "waypoint": "VUXOD",
        "point_role": "enroute",
        "overfly": false,
        "longitude": 54.606944,
        "latitude": 24.334722
      },
      "geometry": {
        "type": "Point",
        "coordinates": [
          54.606944,
          24.334722
        ]
      }
    },
    {
      "type": "Feature",
      "id": "OMDB-LIRF:007",
      "properties": {
        "route_id": "OMDB-LIRF",
        "route_name": "OMDB-LIRF",
        "origin": "OMDB",
        "destination": "LIRF",
        "point_count": 52,
        "source_file": "OMDB-LIRF.gpx",
        "point_id": "OMDB-LIRF:007",
        "sequence": 7,
        "waypoint": "ATUDO",
        "point_role": "enroute",
        "overfly": false,
        "longitude": 54.575556,
        "latitude": 24.285556
      },
      "geometry": {
        "type": "Point",
        "coordinates": [
          54.575556,
          24.285556
        ]
      }
    },
    {
      "type": "Feature",
      "id": "OMDB-LIRF:008",
      "properties": {
        "route_id": "OMDB-LIRF",
        "route_name": "OMDB-LIRF",
        "origin": "OMDB",
        "destination": "LIRF",
        "point_count": 52,
        "source_file": "OMDB-LIRF.gpx",
        "point_id": "OMDB-LIRF:008",
        "sequence": 8,
        "waypoint": "MUSEN",
        "point_role": "enroute",
        "overfly": false,
        "longitude": 54.543333,
        "latitude": 24.241389
      },
      "geometry": {
        "type": "Point",
        "coordinates": [
          54.543333,
          24.241389
        ]
      }
    },
    {
      "type": "Feature",
      "id": "OMDB-LIRF:009",
      "properties": {
        "route_id": "OMDB-LIRF",
        "route_name": "OMDB-LIRF",
        "origin": "OMDB",
        "destination": "LIRF",
        "point_count": 52,
        "source_file": "OMDB-LIRF.gpx",
        "point_id": "OMDB-LIRF:009",
        "sequence": 9,
        "waypoint": "BOPIT",
        "point_role": "enroute",
        "overfly": false,
        "longitude": 54.067778,
        "latitude": 23.996389
      },
      "geometry": {
        "type": "Point",
        "coordinates": [
          54.067778,
          23.996389
        ]
      }
    },
    {
      "type": "Feature",
      "id": "OMDB-LIRF:010",
      "properties": {
        "route_id": "OMDB-LIRF",
        "route_name": "OMDB-LIRF",
        "origin": "OMDB",
        "destination": "LIRF",
        "point_count": 52,
        "source_file": "OMDB-LIRF.gpx",
        "point_id": "OMDB-LIRF:010",
        "sequence": 10,
        "waypoint": "DANOK",
        "point_role": "enroute",
        "overfly": false,
        "longitude": 53.519722,
        "latitude": 23.705556
      },
      "geometry": {
        "type": "Point",
        "coordinates": [
          53.519722,
          23.705556
        ]
      }
    },
    {
      "type": "Feature",
      "id": "OMDB-LIRF:011",
      "properties": {
        "route_id": "OMDB-LIRF",
        "route_name": "OMDB-LIRF",
        "origin": "OMDB",
        "destination": "LIRF",
        "point_count": 52,
        "source_file": "OMDB-LIRF.gpx",
        "point_id": "OMDB-LIRF:011",
        "sequence": 11,
        "waypoint": "ESROM",
        "point_role": "enroute",
        "overfly": false,
        "longitude": 52.958056,
        "latitude": 23.406667
      },
      "geometry": {
        "type": "Point",
        "coordinates": [
          52.958056,
          23.406667
        ]
      }
    },
    {
      "type": "Feature",
      "id": "OMDB-LIRF:012",
      "properties": {
        "route_id": "OMDB-LIRF",
        "route_name": "OMDB-LIRF",
        "origin": "OMDB",
        "destination": "LIRF",
        "point_count": 52,
        "source_file": "OMDB-LIRF.gpx",
        "point_id": "OMDB-LIRF:012",
        "sequence": 12,
        "waypoint": "GOLGU",
        "point_role": "enroute",
        "overfly": false,
        "longitude": 52.519167,
        "latitude": 23.180833
      },
      "geometry": {
        "type": "Point",
        "coordinates": [
          52.519167,
          23.180833
        ]
      }
    },
    {
      "type": "Feature",
      "id": "OMDB-LIRF:013",
      "properties": {
        "route_id": "OMDB-LIRF",
        "route_name": "OMDB-LIRF",
        "origin": "OMDB",
        "destination": "LIRF",
        "point_count": 52,
        "source_file": "OMDB-LIRF.gpx",
        "point_id": "OMDB-LIRF:013",
        "sequence": 13,
        "waypoint": "RIBOT",
        "point_role": "enroute",
        "overfly": false,
        "longitude": 52.407778,
        "latitude": 23.145556
      },
      "geometry": {
        "type": "Point",
        "coordinates": [
          52.407778,
          23.145556
        ]
      }
    },
    {
      "type": "Feature",
      "id": "OMDB-LIRF:014",
      "properties": {
        "route_id": "OMDB-LIRF",
        "route_name": "OMDB-LIRF",
        "origin": "OMDB",
        "destination": "LIRF",
        "point_count": 52,
        "source_file": "OMDB-LIRF.gpx",
        "point_id": "OMDB-LIRF:014",
        "sequence": 14,
        "waypoint": "MIGMA",
        "point_role": "enroute",
        "overfly": false,
        "longitude": 51.463611,
        "latitude": 22.843056
      },
      "geometry": {
        "type": "Point",
        "coordinates": [
          51.463611,
          22.843056
        ]
      }
    },
    {
      "type": "Feature",
      "id": "OMDB-LIRF:015",
      "properties": {
        "route_id": "OMDB-LIRF",
        "route_name": "OMDB-LIRF",
        "origin": "OMDB",
        "destination": "LIRF",
        "point_count": 52,
        "source_file": "OMDB-LIRF.gpx",
        "point_id": "OMDB-LIRF:015",
        "sequence": 15,
        "waypoint": "ITRUX",
        "point_role": "enroute",
        "overfly": false,
        "longitude": 47.176667,
        "latitude": 22.762222
      },
      "geometry": {
        "type": "Point",
        "coordinates": [
          47.176667,
          22.762222
        ]
      }
    },
    {
      "type": "Feature",
      "id": "OMDB-LIRF:016",
      "properties": {
        "route_id": "OMDB-LIRF",
        "route_name": "OMDB-LIRF",
        "origin": "OMDB",
        "destination": "LIRF",
        "point_count": 52,
        "source_file": "OMDB-LIRF.gpx",
        "point_id": "OMDB-LIRF:016",
        "sequence": 16,
        "waypoint": "KITUB",
        "point_role": "enroute",
        "overfly": false,
        "longitude": 46.395,
        "latitude": 22.822778
      },
      "geometry": {
        "type": "Point",
        "coordinates": [
          46.395,
          22.822778
        ]
      }
    },
    {
      "type": "Feature",
      "id": "OMDB-LIRF:017",
      "properties": {
        "route_id": "OMDB-LIRF",
        "route_name": "OMDB-LIRF",
        "origin": "OMDB",
        "destination": "LIRF",
        "point_count": 52,
        "source_file": "OMDB-LIRF.gpx",
        "point_id": "OMDB-LIRF:017",
        "sequence": 17,
        "waypoint": "DANOM",
        "point_role": "enroute",
        "overfly": false,
        "longitude": 45.085833,
        "latitude": 22.915
      },
      "geometry": {
        "type": "Point",
        "coordinates": [
          45.085833,
          22.915
        ]
      }
    },
    {
      "type": "Feature",
      "id": "OMDB-LIRF:018",
      "properties": {
        "route_id": "OMDB-LIRF",
        "route_name": "OMDB-LIRF",
        "origin": "OMDB",
        "destination": "LIRF",
        "point_count": 52,
        "source_file": "OMDB-LIRF.gpx",
        "point_id": "OMDB-LIRF:018",
        "sequence": 18,
        "waypoint": "ASMIS",
        "point_role": "enroute",
        "overfly": false,
        "longitude": 44.670556,
        "latitude": 22.941944
      },
      "geometry": {
        "type": "Point",
        "coordinates": [
          44.670556,
          22.941944
        ]
      }
    },
    {
      "type": "Feature",
      "id": "OMDB-LIRF:019",
      "properties": {
        "route_id": "OMDB-LIRF",
        "route_name": "OMDB-LIRF",
        "origin": "OMDB",
        "destination": "LIRF",
        "point_count": 52,
        "source_file": "OMDB-LIRF.gpx",
        "point_id": "OMDB-LIRF:019",
        "sequence": 19,
        "waypoint": "NALBA",
        "point_role": "enroute",
        "overfly": false,
        "longitude": 43.571944,
        "latitude": 23.2775
      },
      "geometry": {
        "type": "Point",
        "coordinates": [
          43.571944,
          23.2775
        ]
      }
    },
    {
      "type": "Feature",
      "id": "OMDB-LIRF:020",
      "properties": {
        "route_id": "OMDB-LIRF",
        "route_name": "OMDB-LIRF",
        "origin": "OMDB",
        "destination": "LIRF",
        "point_count": 52,
        "source_file": "OMDB-LIRF.gpx",
        "point_id": "OMDB-LIRF:020",
        "sequence": 20,
        "waypoint": "LAKMI",
        "point_role": "enroute",
        "overfly": false,
        "longitude": 43.140833,
        "latitude": 23.406667
      },
      "geometry": {
        "type": "Point",
        "coordinates": [
          43.140833,
          23.406667
        ]
      }
    },
    {
      "type": "Feature",
      "id": "OMDB-LIRF:021",
      "properties": {
        "route_id": "OMDB-LIRF",
        "route_name": "OMDB-LIRF",
        "origin": "OMDB",
        "destination": "LIRF",
        "point_count": 52,
        "source_file": "OMDB-LIRF.gpx",
        "point_id": "OMDB-LIRF:021",
        "sequence": 21,
        "waypoint": "ASMUN",
        "point_role": "enroute",
        "overfly": false,
        "longitude": 42.753889,
        "latitude": 23.521111
      },
      "geometry": {
        "type": "Point",
        "coordinates": [
          42.753889,
          23.521111
        ]
      }
    },
    {
      "type": "Feature",
      "id": "OMDB-LIRF:022",
      "properties": {
        "route_id": "OMDB-LIRF",
        "route_name": "OMDB-LIRF",
        "origin": "OMDB",
        "destination": "LIRF",
        "point_count": 52,
        "source_file": "OMDB-LIRF.gpx",
        "point_id": "OMDB-LIRF:022",
        "sequence": 22,
        "waypoint": "AMRAH",
        "point_role": "enroute",
        "overfly": false,
        "longitude": 42.287778,
        "latitude": 23.657778
      },
      "geometry": {
        "type": "Point",
        "coordinates": [
          42.287778,
          23.657778
        ]
      }
    },
    {
      "type": "Feature",
      "id": "OMDB-LIRF:023",
      "properties": {
        "route_id": "OMDB-LIRF",
        "route_name": "OMDB-LIRF",
        "origin": "OMDB",
        "destination": "LIRF",
        "point_count": 52,
        "source_file": "OMDB-LIRF.gpx",
        "point_id": "OMDB-LIRF:023",
        "sequence": 23,
        "waypoint": "BOXEB",
        "point_role": "enroute",
        "overfly": false,
        "longitude": 41.989167,
        "latitude": 23.744167
      },
      "geometry": {
        "type": "Point",
        "coordinates": [
          41.989167,
          23.744167
        ]
      }
    },
    {
      "type": "Feature",
      "id": "OMDB-LIRF:024",
      "properties": {
        "route_id": "OMDB-LIRF",
        "route_name": "OMDB-LIRF",
        "origin": "OMDB",
        "destination": "LIRF",
        "point_count": 52,
        "source_file": "OMDB-LIRF.gpx",
        "point_id": "OMDB-LIRF:024",
        "sequence": 24,
        "waypoint": "ALVIR",
        "point_role": "enroute",
        "overfly": false,
        "longitude": 41.771667,
        "latitude": 23.806944
      },
      "geometry": {
        "type": "Point",
        "coordinates": [
          41.771667,
          23.806944
        ]
      }
    },
    {
      "type": "Feature",
      "id": "OMDB-LIRF:025",
      "properties": {
        "route_id": "OMDB-LIRF",
        "route_name": "OMDB-LIRF",
        "origin": "OMDB",
        "destination": "LIRF",
        "point_count": 52,
        "source_file": "OMDB-LIRF.gpx",
        "point_id": "OMDB-LIRF:025",
        "sequence": 25,
        "waypoint": "ALKAV",
        "point_role": "enroute",
        "overfly": false,
        "longitude": 41.563333,
        "latitude": 23.866667
      },
      "geometry": {
        "type": "Point",
        "coordinates": [
          41.563333,
          23.866667
        ]
      }
    },
    {
      "type": "Feature",
      "id": "OMDB-LIRF:026",
      "properties": {
        "route_id": "OMDB-LIRF",
        "route_name": "OMDB-LIRF",
        "origin": "OMDB",
        "destination": "LIRF",
        "point_count": 52,
        "source_file": "OMDB-LIRF.gpx",
        "point_id": "OMDB-LIRF:026",
        "sequence": 26,
        "waypoint": "ASVIV",
        "point_role": "enroute",
        "overfly": false,
        "longitude": 41.355833,
        "latitude": 23.925556
      },
      "geometry": {
        "type": "Point",
        "coordinates": [
          41.355833,
          23.925556
        ]
      }
    },
    {
      "type": "Feature",
      "id": "OMDB-LIRF:027",
      "properties": {
        "route_id": "OMDB-LIRF",
        "route_name": "OMDB-LIRF",
        "origin": "OMDB",
        "destination": "LIRF",
        "point_count": 52,
        "source_file": "OMDB-LIRF.gpx",
        "point_id": "OMDB-LIRF:027",
        "sequence": 27,
        "waypoint": "NAGBO",
        "point_role": "enroute",
        "overfly": false,
        "longitude": 40.955556,
        "latitude": 24.038611
      },
      "geometry": {
        "type": "Point",
        "coordinates": [
          40.955556,
          24.038611
        ]
      }
    },
    {
      "type": "Feature",
      "id": "OMDB-LIRF:028",
      "properties": {
        "route_id": "OMDB-LIRF",
        "route_name": "OMDB-LIRF",
        "origin": "OMDB",
        "destination": "LIRF",
        "point_count": 52,
        "source_file": "OMDB-LIRF.gpx",
        "point_id": "OMDB-LIRF:028",
        "sequence": 28,
        "waypoint": "ELONU",
        "point_role": "enroute",
        "overfly": false,
        "longitude": 40.514806,
        "latitude": 24.161694
      },
      "geometry": {
        "type": "Point",
        "coordinates": [
          40.514806,
          24.161694
        ]
      }
    },
    {
      "type": "Feature",
      "id": "OMDB-LIRF:029",
      "properties": {
        "route_id": "OMDB-LIRF",
        "route_name": "OMDB-LIRF",
        "origin": "OMDB",
        "destination": "LIRF",
        "point_count": 52,
        "source_file": "OMDB-LIRF.gpx",
        "point_id": "OMDB-LIRF:029",
        "sequence": 29,
        "waypoint": "PMA",
        "point_role": "enroute",
        "overfly": false,
        "longitude": 39.705278,
        "latitude": 24.547472
      },
      "geometry": {
        "type": "Point",
        "coordinates": [
          39.705278,
          24.547472
        ]
      }
    },
    {
      "type": "Feature",
      "id": "OMDB-LIRF:030",
      "properties": {
        "route_id": "OMDB-LIRF",
        "route_name": "OMDB-LIRF",
        "origin": "OMDB",
        "destination": "LIRF",
        "point_count": 52,
        "source_file": "OMDB-LIRF.gpx",
        "point_id": "OMDB-LIRF:030",
        "sequence": 30,
        "waypoint": "PEGUR",
        "point_role": "enroute",
        "overfly": false,
        "longitude": 39.164028,
        "latitude": 25.222194
      },
      "geometry": {
        "type": "Point",
        "coordinates": [
          39.164028,
          25.222194
        ]
      }
    },
    {
      "type": "Feature",
      "id": "OMDB-LIRF:031",
      "properties": {
        "route_id": "OMDB-LIRF",
        "route_name": "OMDB-LIRF",
        "origin": "OMDB",
        "destination": "LIRF",
        "point_count": 52,
        "source_file": "OMDB-LIRF.gpx",
        "point_id": "OMDB-LIRF:031",
        "sequence": 31,
        "waypoint": "SIGRO",
        "point_role": "enroute",
        "overfly": false,
        "longitude": 37.810856,
        "latitude": 26.004833
      },
      "geometry": {
        "type": "Point",
        "coordinates": [
          37.810856,
          26.004833
        ]
      }
    },
    {
      "type": "Feature",
      "id": "OMDB-LIRF:032",
      "properties": {
        "route_id": "OMDB-LIRF",
        "route_name": "OMDB-LIRF",
        "origin": "OMDB",
        "destination": "LIRF",
        "point_count": 52,
        "source_file": "OMDB-LIRF.gpx",
        "point_id": "OMDB-LIRF:032",
        "sequence": 32,
        "waypoint": "IVUDA",
        "point_role": "enroute",
        "overfly": false,
        "longitude": 37.5025,
        "latitude": 26.046667
      },
      "geometry": {
        "type": "Point",
        "coordinates": [
          37.5025,
          26.046667
        ]
      }
    },
    {
      "type": "Feature",
      "id": "OMDB-LIRF:033",
      "properties": {
        "route_id": "OMDB-LIRF",
        "route_name": "OMDB-LIRF",
        "origin": "OMDB",
        "destination": "LIRF",
        "point_count": 52,
        "source_file": "OMDB-LIRF.gpx",
        "point_id": "OMDB-LIRF:033",
        "sequence": 33,
        "waypoint": "WEJ",
        "point_role": "enroute",
        "overfly": false,
        "longitude": 36.488111,
        "latitude": 26.179333
      },
      "geometry": {
        "type": "Point",
        "coordinates": [
          36.488111,
          26.179333
        ]
      }
    },
    {
      "type": "Feature",
      "id": "OMDB-LIRF:034",
      "properties": {
        "route_id": "OMDB-LIRF",
        "route_name": "OMDB-LIRF",
        "origin": "OMDB",
        "destination": "LIRF",
        "point_count": 52,
        "source_file": "OMDB-LIRF.gpx",
        "point_id": "OMDB-LIRF:034",
        "sequence": 34,
        "waypoint": "DARAX",
        "point_role": "enroute",
        "overfly": false,
        "longitude": 35.784167,
        "latitude": 26.786944
      },
      "geometry": {
        "type": "Point",
        "coordinates": [
          35.784167,
          26.786944
        ]
      }
    },
    {
      "type": "Feature",
      "id": "OMDB-LIRF:035",
      "properties": {
        "route_id": "OMDB-LIRF",
        "route_name": "OMDB-LIRF",
        "origin": "OMDB",
        "destination": "LIRF",
        "point_count": 52,
        "source_file": "OMDB-LIRF.gpx",
        "point_id": "OMDB-LIRF:035",
        "sequence": 35,
        "waypoint": "SEPSA",
        "point_role": "enroute",
        "overfly": false,
        "longitude": 34.649444,
        "latitude": 27.431111
      },
      "geometry": {
        "type": "Point",
        "coordinates": [
          34.649444,
          27.431111
        ]
      }
    },
    {
      "type": "Feature",
      "id": "OMDB-LIRF:036",
      "properties": {
        "route_id": "OMDB-LIRF",
        "route_name": "OMDB-LIRF",
        "origin": "OMDB",
        "destination": "LIRF",
        "point_count": 52,
        "source_file": "OMDB-LIRF.gpx",
        "point_id": "OMDB-LIRF:036",
        "sequence": 36,
        "waypoint": "NAGAR",
        "point_role": "enroute",
        "overfly": false,
        "longitude": 34.163686,
        "latitude": 27.667997
      },
      "geometry": {
        "type": "Point",
        "coordinates": [
          34.163686,
          27.667997
        ]
      }
    },
    {
      "type": "Feature",
      "id": "OMDB-LIRF:037",
      "properties": {
        "route_id": "OMDB-LIRF",
        "route_name": "OMDB-LIRF",
        "origin": "OMDB",
        "destination": "LIRF",
        "point_count": 52,
        "source_file": "OMDB-LIRF.gpx",
        "point_id": "OMDB-LIRF:037",
        "sequence": 37,
        "waypoint": "KUVRI",
        "point_role": "enroute",
        "overfly": false,
        "longitude": 31.818514,
        "latitude": 28.7735
      },
      "geometry": {
        "type": "Point",
        "coordinates": [
          31.818514,
          28.7735
        ]
      }
    },
    {
      "type": "Feature",
      "id": "OMDB-LIRF:038",
      "properties": {
        "route_id": "OMDB-LIRF",
        "route_name": "OMDB-LIRF",
        "origin": "OMDB",
        "destination": "LIRF",
        "point_count": 52,
        "source_file": "OMDB-LIRF.gpx",
        "point_id": "OMDB-LIRF:038",
        "sequence": 38,
        "waypoint": "ALSEN",
        "point_role": "enroute",
        "overfly": false,
        "longitude": 31.258019,
        "latitude": 29.028317
      },
      "geometry": {
        "type": "Point",
        "coordinates": [
          31.258019,
          29.028317
        ]
      }
    },
    {
      "type": "Feature",
      "id": "OMDB-LIRF:039",
      "properties": {
        "route_id": "OMDB-LIRF",
        "route_name": "OMDB-LIRF",
        "origin": "OMDB",
        "destination": "LIRF",
        "point_count": 52,
        "source_file": "OMDB-LIRF.gpx",
        "point_id": "OMDB-LIRF:039",
        "sequence": 39,
        "waypoint": "EMESO",
        "point_role": "enroute",
        "overfly": false,
        "longitude": 30.572944,
        "latitude": 29.524292
      },
      "geometry": {
        "type": "Point",
        "coordinates": [
          30.572944,
          29.524292
        ]
      }
    },
    {
      "type": "Feature",
      "id": "OMDB-LIRF:040",
      "properties": {
        "route_id": "OMDB-LIRF",
        "route_name": "OMDB-LIRF",
        "origin": "OMDB",
        "destination": "LIRF",
        "point_count": 52,
        "source_file": "OMDB-LIRF.gpx",
        "point_id": "OMDB-LIRF:040",
        "sequence": 40,
        "waypoint": "KARAM",
        "point_role": "enroute",
        "overfly": false,
        "longitude": 29.318722,
        "latitude": 30.623542
      },
      "geometry": {
        "type": "Point",
        "coordinates": [
          29.318722,
          30.623542
        ]
      }
    },
    {
      "type": "Feature",
      "id": "OMDB-LIRF:041",
      "properties": {
        "route_id": "OMDB-LIRF",
        "route_name": "OMDB-LIRF",
        "origin": "OMDB",
        "destination": "LIRF",
        "point_count": 52,
        "source_file": "OMDB-LIRF.gpx",
        "point_id": "OMDB-LIRF:041",
        "sequence": 41,
        "waypoint": "MODID",
        "point_role": "enroute",
        "overfly": false,
        "longitude": 29.198169,
        "latitude": 30.727169
      },
      "geometry": {
        "type": "Point",
        "coordinates": [
          29.198169,
          30.727169
        ]
      }
    },
    {
      "type": "Feature",
      "id": "OMDB-LIRF:042",
      "properties": {
        "route_id": "OMDB-LIRF",
        "route_name": "OMDB-LIRF",
        "origin": "OMDB",
        "destination": "LIRF",
        "point_count": 52,
        "source_file": "OMDB-LIRF.gpx",
        "point_id": "OMDB-LIRF:042",
        "sequence": 42,
        "waypoint": "NOKLO",
        "point_role": "enroute",
        "overfly": false,
        "longitude": 29.084433,
        "latitude": 30.824611
      },
      "geometry": {
        "type": "Point",
        "coordinates": [
          29.084433,
          30.824611
        ]
      }
    },
    {
      "type": "Feature",
      "id": "OMDB-LIRF:043",
      "properties": {
        "route_id": "OMDB-LIRF",
        "route_name": "OMDB-LIRF",
        "origin": "OMDB",
        "destination": "LIRF",
        "point_count": 52,
        "source_file": "OMDB-LIRF.gpx",
        "point_id": "OMDB-LIRF:043",
        "sequence": 43,
        "waypoint": "HAZEM",
        "point_role": "enroute",
        "overfly": false,
        "longitude": 28.228947,
        "latitude": 31.547356
      },
      "geometry": {
        "type": "Point",
        "coordinates": [
          28.228947,
          31.547356
        ]
      }
    },
    {
      "type": "Feature",
      "id": "OMDB-LIRF:044",
      "properties": {
        "route_id": "OMDB-LIRF",
        "route_name": "OMDB-LIRF",
        "origin": "OMDB",
        "destination": "LIRF",
        "point_count": 52,
        "source_file": "OMDB-LIRF.gpx",
        "point_id": "OMDB-LIRF:044",
        "sequence": 44,
        "waypoint": "IMSEN",
        "point_role": "enroute",
        "overfly": false,
        "longitude": 27.810833,
        "latitude": 31.894167
      },
      "geometry": {
        "type": "Point",
        "coordinates": [
          27.810833,
          31.894167
        ]
      }
    },
    {
      "type": "Feature",
      "id": "OMDB-LIRF:045",
      "properties": {
        "route_id": "OMDB-LIRF",
        "route_name": "OMDB-LIRF",
        "origin": "OMDB",
        "destination": "LIRF",
        "point_count": 52,
        "source_file": "OMDB-LIRF.gpx",
        "point_id": "OMDB-LIRF:045",
        "sequence": 45,
        "waypoint": "ALKIT",
        "point_role": "enroute",
        "overfly": false,
        "longitude": 27.045747,
        "latitude": 32.517331
      },
      "geometry": {
        "type": "Point",
        "coordinates": [
          27.045747,
          32.517331
        ]
      }
    },
    {
      "type": "Feature",
      "id": "OMDB-LIRF:046",
      "properties": {
        "route_id": "OMDB-LIRF",
        "route_name": "OMDB-LIRF",
        "origin": "OMDB",
        "destination": "LIRF",
        "point_count": 52,
        "source_file": "OMDB-LIRF.gpx",
        "point_id": "OMDB-LIRF:046",
        "sequence": 46,
        "waypoint": "METRU",
        "point_role": "enroute",
        "overfly": false,
        "longitude": 25.15,
        "latitude": 34.0
      },
      "geometry": {
        "type": "Point",
        "coordinates": [
          25.15,
          34.0
        ]
      }
    },
    {
      "type": "Feature",
      "id": "OMDB-LIRF:047",
      "properties": {
        "route_id": "OMDB-LIRF",
        "route_name": "OMDB-LIRF",
        "origin": "OMDB",
        "destination": "LIRF",
        "point_count": 52,
        "source_file": "OMDB-LIRF.gpx",
        "point_id": "OMDB-LIRF:047",
        "sequence": 47,
        "waypoint": "RUTOM",
        "point_role": "enroute",
        "overfly": false,
        "longitude": 19.0,
        "latitude": 38.518333
      },
      "geometry": {
        "type": "Point",
        "coordinates": [
          19.0,
          38.518333
        ]
      }
    },
    {
      "type": "Feature",
      "id": "OMDB-LIRF:048",
      "properties": {
        "route_id": "OMDB-LIRF",
        "route_name": "OMDB-LIRF",
        "origin": "OMDB",
        "destination": "LIRF",
        "point_count": 52,
        "source_file": "OMDB-LIRF.gpx",
        "point_id": "OMDB-LIRF:048",
        "sequence": 48,
        "waypoint": "SOR",
        "point_role": "enroute",
        "overfly": false,
        "longitude": 14.335028,
        "latitude": 40.582444
      },
      "geometry": {
        "type": "Point",
        "coordinates": [
          14.335028,
          40.582444
        ]
      }
    },
    {
      "type": "Feature",
      "id": "OMDB-LIRF:049",
      "properties": {
        "route_id": "OMDB-LIRF",
        "route_name": "OMDB-LIRF",
        "origin": "OMDB",
        "destination": "LIRF",
        "point_count": 52,
        "source_file": "OMDB-LIRF.gpx",
        "point_id": "OMDB-LIRF:049",
        "sequence": 49,
        "waypoint": "TEA",
        "point_role": "enroute",
        "overfly": false,
        "longitude": 13.970667,
        "latitude": 41.296778
      },
      "geometry": {
        "type": "Point",
        "coordinates": [
          13.970667,
          41.296778
        ]
      }
    },
    {
      "type": "Feature",
      "id": "OMDB-LIRF:050",
      "properties": {
        "route_id": "OMDB-LIRF",
        "route_name": "OMDB-LIRF",
        "origin": "OMDB",
        "destination": "LIRF",
        "point_count": 52,
        "source_file": "OMDB-LIRF.gpx",
        "point_id": "OMDB-LIRF:050",
        "sequence": 50,
        "waypoint": "SIPRO",
        "point_role": "enroute",
        "overfly": false,
        "longitude": 13.680528,
        "latitude": 41.446019
      },
      "geometry": {
        "type": "Point",
        "coordinates": [
          13.680528,
          41.446019
        ]
      }
    },
    {
      "type": "Feature",
      "id": "OMDB-LIRF:051",
      "properties": {
        "route_id": "OMDB-LIRF",
        "route_name": "OMDB-LIRF",
        "origin": "OMDB",
        "destination": "LIRF",
        "point_count": 52,
        "source_file": "OMDB-LIRF.gpx",
        "point_id": "OMDB-LIRF:051",
        "sequence": 51,
        "waypoint": "LAT",
        "point_role": "enroute",
        "overfly": false,
        "longitude": 12.918056,
        "latitude": 41.541111
      },
      "geometry": {
        "type": "Point",
        "coordinates": [
          12.918056,
          41.541111
        ]
      }
    },
    {
      "type": "Feature",
      "id": "OMDB-LIRF:052",
      "properties": {
        "route_id": "OMDB-LIRF",
        "route_name": "OMDB-LIRF",
        "origin": "OMDB",
        "destination": "LIRF",
        "point_count": 52,
        "source_file": "OMDB-LIRF.gpx",
        "point_id": "OMDB-LIRF:052",
        "sequence": 52,
        "waypoint": "LIRF",
        "point_role": "destination",
        "overfly": false,
        "longitude": 12.238889,
        "latitude": 41.800278
      },
      "geometry": {
        "type": "Point",
        "coordinates": [
          12.238889,
          41.800278
        ]
      }
    },
    {
      "type": "Feature",
      "id": "OMDB-LKPR:001",
      "properties": {
        "route_id": "OMDB-LKPR",
        "route_name": "OMDB-LKPR",
        "origin": "OMDB",
        "destination": "LKPR",
        "point_count": 69,
        "source_file": "OMDB-LKPR.gpx",
        "point_id": "OMDB-LKPR:001",
        "sequence": 1,
        "waypoint": "OMDB",
        "point_role": "origin",
        "overfly": false,
        "longitude": 55.364444,
        "latitude": 25.252778
      },
      "geometry": {
        "type": "Point",
        "coordinates": [
          55.364444,
          25.252778
        ]
      }
    },
    {
      "type": "Feature",
      "id": "OMDB-LKPR:002",
      "properties": {
        "route_id": "OMDB-LKPR",
        "route_name": "OMDB-LKPR",
        "origin": "OMDB",
        "destination": "LKPR",
        "point_count": 69,
        "source_file": "OMDB-LKPR.gpx",
        "point_id": "OMDB-LKPR:002",
        "sequence": 2,
        "waypoint": "RIDAP",
        "point_role": "enroute",
        "overfly": false,
        "longitude": 54.617,
        "latitude": 25.431583
      },
      "geometry": {
        "type": "Point",
        "coordinates": [
          54.617,
          25.431583
        ]
      }
    },
    {
      "type": "Feature",
      "id": "OMDB-LKPR:003",
      "properties": {
        "route_id": "OMDB-LKPR",
        "route_name": "OMDB-LKPR",
        "origin": "OMDB",
        "destination": "LKPR",
        "point_count": 69,
        "source_file": "OMDB-LKPR.gpx",
        "point_id": "OMDB-LKPR:003",
        "sequence": 3,
        "waypoint": "OTIKI",
        "point_role": "enroute",
        "overfly": false,
        "longitude": 54.244722,
        "latitude": 25.541389
      },
      "geometry": {
        "type": "Point",
        "coordinates": [
          54.244722,
          25.541389
        ]
      }
    },
    {
      "type": "Feature",
      "id": "OMDB-LKPR:004",
      "properties": {
        "route_id": "OMDB-LKPR",
        "route_name": "OMDB-LKPR",
        "origin": "OMDB",
        "destination": "LKPR",
        "point_count": 69,
        "source_file": "OMDB-LKPR.gpx",
        "point_id": "OMDB-LKPR:004",
        "sequence": 4,
        "waypoint": "TOTKU",
        "point_role": "enroute",
        "overfly": false,
        "longitude": 54.069444,
        "latitude": 25.592778
      },
      "geometry": {
        "type": "Point",
        "coordinates": [
          54.069444,
          25.592778
        ]
      }
    },
    {
      "type": "Feature",
      "id": "OMDB-LKPR:005",
      "properties": {
        "route_id": "OMDB-LKPR",
        "route_name": "OMDB-LKPR",
        "origin": "OMDB",
        "destination": "LKPR",
        "point_count": 69,
        "source_file": "OMDB-LKPR.gpx",
        "point_id": "OMDB-LKPR:005",
        "sequence": 5,
        "waypoint": "GODKI",
        "point_role": "enroute",
        "overfly": false,
        "longitude": 53.729722,
        "latitude": 25.689444
      },
      "geometry": {
        "type": "Point",
        "coordinates": [
          53.729722,
          25.689444
        ]
      }
    },
    {
      "type": "Feature",
      "id": "OMDB-LKPR:006",
      "properties": {
        "route_id": "OMDB-LKPR",
        "route_name": "OMDB-LKPR",
        "origin": "OMDB",
        "destination": "LKPR",
        "point_count": 69,
        "source_file": "OMDB-LKPR.gpx",
        "point_id": "OMDB-LKPR:006",
        "sequence": 6,
        "waypoint": "RALMI",
        "point_role": "enroute",
        "overfly": false,
        "longitude": 53.509167,
        "latitude": 25.751389
      },
      "geometry": {
        "type": "Point",
        "coordinates": [
          53.509167,
          25.751389
        ]
      }
    },
    {
      "type": "Feature",
      "id": "OMDB-LKPR:007",
      "properties": {
        "route_id": "OMDB-LKPR",
        "route_name": "OMDB-LKPR",
        "origin": "OMDB",
        "destination": "LKPR",
        "point_count": 69,
        "source_file": "OMDB-LKPR.gpx",
        "point_id": "OMDB-LKPR:007",
        "sequence": 7,
        "waypoint": "TUMAK",
        "point_role": "enroute",
        "overfly": false,
        "longitude": 53.185556,
        "latitude": 25.841944
      },
      "geometry": {
        "type": "Point",
        "coordinates": [
          53.185556,
          25.841944
        ]
      }
    },
    {
      "type": "Feature",
      "id": "OMDB-LKPR:008",
      "properties": {
        "route_id": "OMDB-LKPR",
        "route_name": "OMDB-LKPR",
        "origin": "OMDB",
        "destination": "LKPR",
        "point_count": 69,
        "source_file": "OMDB-LKPR.gpx",
        "point_id": "OMDB-LKPR:008",
        "sequence": 8,
        "waypoint": "VEDOM",
        "point_role": "enroute",
        "overfly": false,
        "longitude": 52.748889,
        "latitude": 26.019167
      },
      "geometry": {
        "type": "Point",
        "coordinates": [
          52.748889,
          26.019167
        ]
      }
    },
    {
      "type": "Feature",
      "id": "OMDB-LKPR:009",
      "properties": {
        "route_id": "OMDB-LKPR",
        "route_name": "OMDB-LKPR",
        "origin": "OMDB",
        "destination": "LKPR",
        "point_count": 69,
        "source_file": "OMDB-LKPR.gpx",
        "point_id": "OMDB-LKPR:009",
        "sequence": 9,
        "waypoint": "ORLUP",
        "point_role": "enroute",
        "overfly": false,
        "longitude": 52.537778,
        "latitude": 26.114167
      },
      "geometry": {
        "type": "Point",
        "coordinates": [
          52.537778,
          26.114167
        ]
      }
    },
    {
      "type": "Feature",
      "id": "OMDB-LKPR:010",
      "properties": {
        "route_id": "OMDB-LKPR",
        "route_name": "OMDB-LKPR",
        "origin": "OMDB",
        "destination": "LKPR",
        "point_count": 69,
        "source_file": "OMDB-LKPR.gpx",
        "point_id": "OMDB-LKPR:010",
        "sequence": 10,
        "waypoint": "VELAK",
        "point_role": "enroute",
        "overfly": false,
        "longitude": 52.305833,
        "latitude": 26.218611
      },
      "geometry": {
        "type": "Point",
        "coordinates": [
          52.305833,
          26.218611
        ]
      }
    },
    {
      "type": "Feature",
      "id": "OMDB-LKPR:011",
      "properties": {
        "route_id": "OMDB-LKPR",
        "route_name": "OMDB-LKPR",
        "origin": "OMDB",
        "destination": "LKPR",
        "point_count": 69,
        "source_file": "OMDB-LKPR.gpx",
        "point_id": "OMDB-LKPR:011",
        "sequence": 11,
        "waypoint": "LABOP",
        "point_role": "enroute",
        "overfly": false,
        "longitude": 52.074722,
        "latitude": 26.318611
      },
      "geometry": {
        "type": "Point",
        "coordinates": [
          52.074722,
          26.318611
        ]
      }
    },
    {
      "type": "Feature",
      "id": "OMDB-LKPR:012",
      "properties": {
        "route_id": "OMDB-LKPR",
        "route_name": "OMDB-LKPR",
        "origin": "OMDB",
        "destination": "LKPR",
        "point_count": 69,
        "source_file": "OMDB-LKPR.gpx",
        "point_id": "OMDB-LKPR:012",
        "sequence": 12,
        "waypoint": "ALTOM",
        "point_role": "enroute",
        "overfly": false,
        "longitude": 51.944167,
        "latitude": 26.375
      },
      "geometry": {
        "type": "Point",
        "coordinates": [
          51.944167,
          26.375
        ]
      }
    },
    {
      "type": "Feature",
      "id": "OMDB-LKPR:013",
      "properties": {
        "route_id": "OMDB-LKPR",
        "route_name": "OMDB-LKPR",
        "origin": "OMDB",
        "destination": "LKPR",
        "point_count": 69,
        "source_file": "OMDB-LKPR.gpx",
        "point_id": "OMDB-LKPR:013",
        "sequence": 13,
        "waypoint": "BOPOV",
        "point_role": "enroute",
        "overfly": false,
        "longitude": 51.845325,
        "latitude": 26.408247
      },
      "geometry": {
        "type": "Point",
        "coordinates": [
          51.845325,
          26.408247
        ]
      }
    },
    {
      "type": "Feature",
      "id": "OMDB-LKPR:014",
      "properties": {
        "route_id": "OMDB-LKPR",
        "route_name": "OMDB-LKPR",
        "origin": "OMDB",
        "destination": "LKPR",
        "point_count": 69,
        "source_file": "OMDB-LKPR.gpx",
        "point_id": "OMDB-LKPR:014",
        "sequence": 14,
        "waypoint": "EGNIM",
        "point_role": "enroute",
        "overfly": false,
        "longitude": 51.68545,
        "latitude": 26.461844
      },
      "geometry": {
        "type": "Point",
        "coordinates": [
          51.68545,
          26.461844
        ]
      }
    },
    {
      "type": "Feature",
      "id": "OMDB-LKPR:015",
      "properties": {
        "route_id": "OMDB-LKPR",
        "route_name": "OMDB-LKPR",
        "origin": "OMDB",
        "destination": "LKPR",
        "point_count": 69,
        "source_file": "OMDB-LKPR.gpx",
        "point_id": "OMDB-LKPR:015",
        "sequence": 15,
        "waypoint": "ALMOK",
        "point_role": "enroute",
        "overfly": false,
        "longitude": 51.644444,
        "latitude": 26.475556
      },
      "geometry": {
        "type": "Point",
        "coordinates": [
          51.644444,
          26.475556
        ]
      }
    },
    {
      "type": "Feature",
      "id": "OMDB-LKPR:016",
      "properties": {
        "route_id": "OMDB-LKPR",
        "route_name": "OMDB-LKPR",
        "origin": "OMDB",
        "destination": "LKPR",
        "point_count": 69,
        "source_file": "OMDB-LKPR.gpx",
        "point_id": "OMDB-LKPR:016",
        "sequence": 16,
        "waypoint": "GITBO",
        "point_role": "enroute",
        "overfly": false,
        "longitude": 51.297222,
        "latitude": 26.590833
      },
      "geometry": {
        "type": "Point",
        "coordinates": [
          51.297222,
          26.590833
        ]
      }
    },
    {
      "type": "Feature",
      "id": "OMDB-LKPR:017",
      "properties": {
        "route_id": "OMDB-LKPR",
        "route_name": "OMDB-LKPR",
        "origin": "OMDB",
        "destination": "LKPR",
        "point_count": 69,
        "source_file": "OMDB-LKPR.gpx",
        "point_id": "OMDB-LKPR:017",
        "sequence": 17,
        "waypoint": "VEDOS",
        "point_role": "enroute",
        "overfly": false,
        "longitude": 51.012414,
        "latitude": 26.684958
      },
      "geometry": {
        "type": "Point",
        "coordinates": [
          51.012414,
          26.684958
        ]
      }
    },
    {
      "type": "Feature",
      "id": "OMDB-LKPR:018",
      "properties": {
        "route_id": "OMDB-LKPR",
        "route_name": "OMDB-LKPR",
        "origin": "OMDB",
        "destination": "LKPR",
        "point_count": 69,
        "source_file": "OMDB-LKPR.gpx",
        "point_id": "OMDB-LKPR:018",
        "sequence": 18,
        "waypoint": "MOGAS",
        "point_role": "enroute",
        "overfly": false,
        "longitude": 50.652517,
        "latitude": 26.799892
      },
      "geometry": {
        "type": "Point",
        "coordinates": [
          50.652517,
          26.799892
        ]
      }
    },
    {
      "type": "Feature",
      "id": "OMDB-LKPR:019",
      "properties": {
        "route_id": "OMDB-LKPR",
        "route_name": "OMDB-LKPR",
        "origin": "OMDB",
        "destination": "LKPR",
        "point_count": 69,
        "source_file": "OMDB-LKPR.gpx",
        "point_id": "OMDB-LKPR:019",
        "sequence": 19,
        "waypoint": "TOLMO",
        "point_role": "enroute",
        "overfly": false,
        "longitude": 50.490833,
        "latitude": 26.917778
      },
      "geometry": {
        "type": "Point",
        "coordinates": [
          50.490833,
          26.917778
        ]
      }
    },
    {
      "type": "Feature",
      "id": "OMDB-LKPR:020",
      "properties": {
        "route_id": "OMDB-LKPR",
        "route_name": "OMDB-LKPR",
        "origin": "OMDB",
        "destination": "LKPR",
        "point_count": 69,
        "source_file": "OMDB-LKPR.gpx",
        "point_id": "OMDB-LKPR:020",
        "sequence": 20,
        "waypoint": "EGLIT",
        "point_role": "enroute",
        "overfly": false,
        "longitude": 50.334944,
        "latitude": 27.048875
      },
      "geometry": {
        "type": "Point",
        "coordinates": [
          50.334944,
          27.048875
        ]
      }
    },
    {
      "type": "Feature",
      "id": "OMDB-LKPR:021",
      "properties": {
        "route_id": "OMDB-LKPR",
        "route_name": "OMDB-LKPR",
        "origin": "OMDB",
        "destination": "LKPR",
        "point_count": 69,
        "source_file": "OMDB-LKPR.gpx",
        "point_id": "OMDB-LKPR:021",
        "sequence": 21,
        "waypoint": "TOKMA",
        "point_role": "enroute",
        "overfly": false,
        "longitude": 50.199728,
        "latitude": 27.160828
      },
      "geometry": {
        "type": "Point",
        "coordinates": [
          50.199728,
          27.160828
        ]
      }
    },
    {
      "type": "Feature",
      "id": "OMDB-LKPR:022",
      "properties": {
        "route_id": "OMDB-LKPR",
        "route_name": "OMDB-LKPR",
        "origin": "OMDB",
        "destination": "LKPR",
        "point_count": 69,
        "source_file": "OMDB-LKPR.gpx",
        "point_id": "OMDB-LKPR:022",
        "sequence": 22,
        "waypoint": "ORSOL",
        "point_role": "enroute",
        "overfly": false,
        "longitude": 50.035492,
        "latitude": 27.359731
      },
      "geometry": {
        "type": "Point",
        "coordinates": [
          50.035492,
          27.359731
        ]
      }
    },
    {
      "type": "Feature",
      "id": "OMDB-LKPR:023",
      "properties": {
        "route_id": "OMDB-LKPR",
        "route_name": "OMDB-LKPR",
        "origin": "OMDB",
        "destination": "LKPR",
        "point_count": 69,
        "source_file": "OMDB-LKPR.gpx",
        "point_id": "OMDB-LKPR:023",
        "sequence": 23,
        "waypoint": "ITNAS",
        "point_role": "enroute",
        "overfly": false,
        "longitude": 49.665839,
        "latitude": 27.778806
      },
      "geometry": {
        "type": "Point",
        "coordinates": [
          49.665839,
          27.778806
        ]
      }
    },
    {
      "type": "Feature",
      "id": "OMDB-LKPR:024",
      "properties": {
        "route_id": "OMDB-LKPR",
        "route_name": "OMDB-LKPR",
        "origin": "OMDB",
        "destination": "LKPR",
        "point_count": 69,
        "source_file": "OMDB-LKPR.gpx",
        "point_id": "OMDB-LKPR:024",
        "sequence": 24,
        "waypoint": "DAMUR",
        "point_role": "enroute",
        "overfly": false,
        "longitude": 49.443875,
        "latitude": 28.027072
      },
      "geometry": {
        "type": "Point",
        "coordinates": [
          49.443875,
          28.027072
        ]
      }
    },
    {
      "type": "Feature",
      "id": "OMDB-LKPR:025",
      "properties": {
        "route_id": "OMDB-LKPR",
        "route_name": "OMDB-LKPR",
        "origin": "OMDB",
        "destination": "LKPR",
        "point_count": 69,
        "source_file": "OMDB-LKPR.gpx",
        "point_id": "OMDB-LKPR:025",
        "sequence": 25,
        "waypoint": "ITEVO",
        "point_role": "enroute",
        "overfly": false,
        "longitude": 49.225633,
        "latitude": 28.265997
      },
      "geometry": {
        "type": "Point",
        "coordinates": [
          49.225633,
          28.265997
        ]
      }
    },
    {
      "type": "Feature",
      "id": "OMDB-LKPR:026",
      "properties": {
        "route_id": "OMDB-LKPR",
        "route_name": "OMDB-LKPR",
        "origin": "OMDB",
        "destination": "LKPR",
        "point_count": 69,
        "source_file": "OMDB-LKPR.gpx",
        "point_id": "OMDB-LKPR:026",
        "sequence": 26,
        "waypoint": "DAVUS",
        "point_role": "enroute",
        "overfly": false,
        "longitude": 49.106189,
        "latitude": 28.396189
      },
      "geometry": {
        "type": "Point",
        "coordinates": [
          49.106189,
          28.396189
        ]
      }
    },
    {
      "type": "Feature",
      "id": "OMDB-LKPR:027",
      "properties": {
        "route_id": "OMDB-LKPR",
        "route_name": "OMDB-LKPR",
        "origin": "OMDB",
        "destination": "LKPR",
        "point_count": 69,
        "source_file": "OMDB-LKPR.gpx",
        "point_id": "OMDB-LKPR:027",
        "sequence": 27,
        "waypoint": "BOXIK",
        "point_role": "enroute",
        "overfly": false,
        "longitude": 48.792778,
        "latitude": 28.803889
      },
      "geometry": {
        "type": "Point",
        "coordinates": [
          48.792778,
          28.803889
        ]
      }
    },
    {
      "type": "Feature",
      "id": "OMDB-LKPR:028",
      "properties": {
        "route_id": "OMDB-LKPR",
        "route_name": "OMDB-LKPR",
        "origin": "OMDB",
        "destination": "LKPR",
        "point_count": 69,
        "source_file": "OMDB-LKPR.gpx",
        "point_id": "OMDB-LKPR:028",
        "sequence": 28,
        "waypoint": "RALKA",
        "point_role": "enroute",
        "overfly": false,
        "longitude": 48.305278,
        "latitude": 29.436389
      },
      "geometry": {
        "type": "Point",
        "coordinates": [
          48.305278,
          29.436389
        ]
      }
    },
    {
      "type": "Feature",
      "id": "OMDB-LKPR:029",
      "properties": {
        "route_id": "OMDB-LKPR",
        "route_name": "OMDB-LKPR",
        "origin": "OMDB",
        "destination": "LKPR",
        "point_count": 69,
        "source_file": "OMDB-LKPR.gpx",
        "point_id": "OMDB-LKPR:029",
        "sequence": 29,
        "waypoint": "TASMI",
        "point_role": "enroute",
        "overfly": false,
        "longitude": 47.918056,
        "latitude": 30.022222
      },
      "geometry": {
        "type": "Point",
        "coordinates": [
          47.918056,
          30.022222
        ]
      }
    },
    {
      "type": "Feature",
      "id": "OMDB-LKPR:030",
      "properties": {
        "route_id": "OMDB-LKPR",
        "route_name": "OMDB-LKPR",
        "origin": "OMDB",
        "destination": "LKPR",
        "point_count": 69,
        "source_file": "OMDB-LKPR.gpx",
        "point_id": "OMDB-LKPR:030",
        "sequence": 30,
        "waypoint": "GADSI",
        "point_role": "enroute",
        "overfly": false,
        "longitude": 47.187778,
        "latitude": 30.566111
      },
      "geometry": {
        "type": "Point",
        "coordinates": [
          47.187778,
          30.566111
        ]
      }
    },
    {
      "type": "Feature",
      "id": "OMDB-LKPR:031",
      "properties": {
        "route_id": "OMDB-LKPR",
        "route_name": "OMDB-LKPR",
        "origin": "OMDB",
        "destination": "LKPR",
        "point_count": 69,
        "source_file": "OMDB-LKPR.gpx",
        "point_id": "OMDB-LKPR:031",
        "sequence": 31,
        "waypoint": "KODAV",
        "point_role": "enroute",
        "overfly": false,
        "longitude": 46.066667,
        "latitude": 31.75
      },
      "geometry": {
        "type": "Point",
        "coordinates": [
          46.066667,
          31.75
        ]
      }
    },
    {
      "type": "Feature",
      "id": "OMDB-LKPR:032",
      "properties": {
        "route_id": "OMDB-LKPR",
        "route_name": "OMDB-LKPR",
        "origin": "OMDB",
        "destination": "LKPR",
        "point_count": 69,
        "source_file": "OMDB-LKPR.gpx",
        "point_id": "OMDB-LKPR:032",
        "sequence": 32,
        "waypoint": "RESAK",
        "point_role": "enroute",
        "overfly": false,
        "longitude": 45.264444,
        "latitude": 32.551389
      },
      "geometry": {
        "type": "Point",
        "coordinates": [
          45.264444,
          32.551389
        ]
      }
    },
    {
      "type": "Feature",
      "id": "OMDB-LKPR:033",
      "properties": {
        "route_id": "OMDB-LKPR",
        "route_name": "OMDB-LKPR",
        "origin": "OMDB",
        "destination": "LKPR",
        "point_count": 69,
        "source_file": "OMDB-LKPR.gpx",
        "point_id": "OMDB-LKPR:033",
        "sequence": 33,
        "waypoint": "SEPTU",
        "point_role": "enroute",
        "overfly": false,
        "longitude": 44.733333,
        "latitude": 33.216667
      },
      "geometry": {
        "type": "Point",
        "coordinates": [
          44.733333,
          33.216667
        ]
      }
    },
    {
      "type": "Feature",
      "id": "OMDB-LKPR:034",
      "properties": {
        "route_id": "OMDB-LKPR",
        "route_name": "OMDB-LKPR",
        "origin": "OMDB",
        "destination": "LKPR",
        "point_count": 69,
        "source_file": "OMDB-LKPR.gpx",
        "point_id": "OMDB-LKPR:034",
        "sequence": 34,
        "waypoint": "NAMDI",
        "point_role": "enroute",
        "overfly": false,
        "longitude": 44.6925,
        "latitude": 34.5075
      },
      "geometry": {
        "type": "Point",
        "coordinates": [
          44.6925,
          34.5075
        ]
      }
    },
    {
      "type": "Feature",
      "id": "OMDB-LKPR:035",
      "properties": {
        "route_id": "OMDB-LKPR",
        "route_name": "OMDB-LKPR",
        "origin": "OMDB",
        "destination": "LKPR",
        "point_count": 69,
        "source_file": "OMDB-LKPR.gpx",
        "point_id": "OMDB-LKPR:035",
        "sequence": 35,
        "waypoint": "OTALO",
        "point_role": "enroute",
        "overfly": false,
        "longitude": 44.316667,
        "latitude": 35.283333
      },
      "geometry": {
        "type": "Point",
        "coordinates": [
          44.316667,
          35.283333
        ]
      }
    },
    {
      "type": "Feature",
      "id": "OMDB-LKPR:036",
      "properties": {
        "route_id": "OMDB-LKPR",
        "route_name": "OMDB-LKPR",
        "origin": "OMDB",
        "destination": "LKPR",
        "point_count": 69,
        "source_file": "OMDB-LKPR.gpx",
        "point_id": "OMDB-LKPR:036",
        "sequence": 36,
        "waypoint": "TOMSI",
        "point_role": "enroute",
        "overfly": false,
        "longitude": 44.041389,
        "latitude": 35.816111
      },
      "geometry": {
        "type": "Point",
        "coordinates": [
          44.041389,
          35.816111
        ]
      }
    },
    {
      "type": "Feature",
      "id": "OMDB-LKPR:037",
      "properties": {
        "route_id": "OMDB-LKPR",
        "route_name": "OMDB-LKPR",
        "origin": "OMDB",
        "destination": "LKPR",
        "point_count": 69,
        "source_file": "OMDB-LKPR.gpx",
        "point_id": "OMDB-LKPR:037",
        "sequence": 37,
        "waypoint": "VUSEB",
        "point_role": "enroute",
        "overfly": false,
        "longitude": 43.8,
        "latitude": 36.276944
      },
      "geometry": {
        "type": "Point",
        "coordinates": [
          43.8,
          36.276944
        ]
      }
    },
    {
      "type": "Feature",
      "id": "OMDB-LKPR:038",
      "properties": {
        "route_id": "OMDB-LKPR",
        "route_name": "OMDB-LKPR",
        "origin": "OMDB",
        "destination": "LKPR",
        "point_count": 69,
        "source_file": "OMDB-LKPR.gpx",
        "point_id": "OMDB-LKPR:038",
        "sequence": 38,
        "waypoint": "ROXOP",
        "point_role": "enroute",
        "overfly": false,
        "longitude": 43.556111,
        "latitude": 36.745833
      },
      "geometry": {
        "type": "Point",
        "coordinates": [
          43.556111,
          36.745833
        ]
      }
    },
    {
      "type": "Feature",
      "id": "OMDB-LKPR:039",
      "properties": {
        "route_id": "OMDB-LKPR",
        "route_name": "OMDB-LKPR",
        "origin": "OMDB",
        "destination": "LKPR",
        "point_count": 69,
        "source_file": "OMDB-LKPR.gpx",
        "point_id": "OMDB-LKPR:039",
        "sequence": 39,
        "waypoint": "NINVA",
        "point_role": "enroute",
        "overfly": false,
        "longitude": 43.216667,
        "latitude": 37.35
      },
      "geometry": {
        "type": "Point",
        "coordinates": [
          43.216667,
          37.35
        ]
      }
    },
    {
      "type": "Feature",
      "id": "OMDB-LKPR:040",
      "properties": {
        "route_id": "OMDB-LKPR",
        "route_name": "OMDB-LKPR",
        "origin": "OMDB",
        "destination": "LKPR",
        "point_count": 69,
        "source_file": "OMDB-LKPR.gpx",
        "point_id": "OMDB-LKPR:040",
        "sequence": 40,
        "waypoint": "EFFEZ",
        "point_role": "enroute",
        "overfly": false,
        "longitude": 42.655278,
        "latitude": 37.588333
      },
      "geometry": {
        "type": "Point",
        "coordinates": [
          42.655278,
          37.588333
        ]
      }
    },
    {
      "type": "Feature",
      "id": "OMDB-LKPR:041",
      "properties": {
        "route_id": "OMDB-LKPR",
        "route_name": "OMDB-LKPR",
        "origin": "OMDB",
        "destination": "LKPR",
        "point_count": 69,
        "source_file": "OMDB-LKPR.gpx",
        "point_id": "OMDB-LKPR:041",
        "sequence": 41,
        "waypoint": "SRT",
        "point_role": "enroute",
        "overfly": false,
        "longitude": 41.881972,
        "latitude": 37.910667
      },
      "geometry": {
        "type": "Point",
        "coordinates": [
          41.881972,
          37.910667
        ]
      }
    },
    {
      "type": "Feature",
      "id": "OMDB-LKPR:042",
      "properties": {
        "route_id": "OMDB-LKPR",
        "route_name": "OMDB-LKPR",
        "origin": "OMDB",
        "destination": "LKPR",
        "point_count": 69,
        "source_file": "OMDB-LKPR.gpx",
        "point_id": "OMDB-LKPR:042",
        "sequence": 42,
        "waypoint": "RENGI",
        "point_role": "enroute",
        "overfly": false,
        "longitude": 41.08,
        "latitude": 38.463889
      },
      "geometry": {
        "type": "Point",
        "coordinates": [
          41.08,
          38.463889
        ]
      }
    },
    {
      "type": "Feature",
      "id": "OMDB-LKPR:043",
      "properties": {
        "route_id": "OMDB-LKPR",
        "route_name": "OMDB-LKPR",
        "origin": "OMDB",
        "destination": "LKPR",
        "point_count": 69,
        "source_file": "OMDB-LKPR.gpx",
        "point_id": "OMDB-LKPR:043",
        "sequence": 43,
        "waypoint": "NAREN",
        "point_role": "enroute",
        "overfly": false,
        "longitude": 40.825,
        "latitude": 38.630556
      },
      "geometry": {
        "type": "Point",
        "coordinates": [
          40.825,
          38.630556
        ]
      }
    },
    {
      "type": "Feature",
      "id": "OMDB-LKPR:044",
      "properties": {
        "route_id": "OMDB-LKPR",
        "route_name": "OMDB-LKPR",
        "origin": "OMDB",
        "destination": "LKPR",
        "point_count": 69,
        "source_file": "OMDB-LKPR.gpx",
        "point_id": "OMDB-LKPR:044",
        "sequence": 44,
        "waypoint": "TALIL",
        "point_role": "enroute",
        "overfly": false,
        "longitude": 39.972222,
        "latitude": 39.188889
      },
      "geometry": {
        "type": "Point",
        "coordinates": [
          39.972222,
          39.188889
        ]
      }
    },
    {
      "type": "Feature",
      "id": "OMDB-LKPR:045",
      "properties": {
        "route_id": "OMDB-LKPR",
        "route_name": "OMDB-LKPR",
        "origin": "OMDB",
        "destination": "LKPR",
        "point_count": 69,
        "source_file": "OMDB-LKPR.gpx",
        "point_id": "OMDB-LKPR:045",
        "sequence": 45,
        "waypoint": "KONUK",
        "point_role": "enroute",
        "overfly": false,
        "longitude": 39.468056,
        "latitude": 39.511667
      },
      "geometry": {
        "type": "Point",
        "coordinates": [
          39.468056,
          39.511667
        ]
      }
    },
    {
      "type": "Feature",
      "id": "OMDB-LKPR:046",
      "properties": {
        "route_id": "OMDB-LKPR",
        "route_name": "OMDB-LKPR",
        "origin": "OMDB",
        "destination": "LKPR",
        "point_count": 69,
        "source_file": "OMDB-LKPR.gpx",
        "point_id": "OMDB-LKPR:046",
        "sequence": 46,
        "waypoint": "EBEDI",
        "point_role": "enroute",
        "overfly": false,
        "longitude": 39.123611,
        "latitude": 39.725
      },
      "geometry": {
        "type": "Point",
        "coordinates": [
          39.123611,
          39.725
        ]
      }
    },
    {
      "type": "Feature",
      "id": "OMDB-LKPR:047",
      "properties": {
        "route_id": "OMDB-LKPR",
        "route_name": "OMDB-LKPR",
        "origin": "OMDB",
        "destination": "LKPR",
        "point_count": 69,
        "source_file": "OMDB-LKPR.gpx",
        "point_id": "OMDB-LKPR:047",
        "sequence": 47,
        "waypoint": "ODALI",
        "point_role": "enroute",
        "overfly": false,
        "longitude": 38.15,
        "latitude": 40.327778
      },
      "geometry": {
        "type": "Point",
        "coordinates": [
          38.15,
          40.327778
        ]
      }
    },
    {
      "type": "Feature",
      "id": "OMDB-LKPR:048",
      "properties": {
        "route_id": "OMDB-LKPR",
        "route_name": "OMDB-LKPR",
        "origin": "OMDB",
        "destination": "LKPR",
        "point_count": 69,
        "source_file": "OMDB-LKPR.gpx",
        "point_id": "OMDB-LKPR:048",
        "sequence": 48,
        "waypoint": "NELPO",
        "point_role": "enroute",
        "overfly": false,
        "longitude": 37.675833,
        "latitude": 40.47
      },
      "geometry": {
        "type": "Point",
        "coordinates": [
          37.675833,
          40.47
        ]
      }
    },
    {
      "type": "Feature",
      "id": "OMDB-LKPR:049",
      "properties": {
        "route_id": "OMDB-LKPR",
        "route_name": "OMDB-LKPR",
        "origin": "OMDB",
        "destination": "LKPR",
        "point_count": 69,
        "source_file": "OMDB-LKPR.gpx",
        "point_id": "OMDB-LKPR:049",
        "sequence": 49,
        "waypoint": "APVAS",
        "point_role": "enroute",
        "overfly": false,
        "longitude": 36.668056,
        "latitude": 40.764167
      },
      "geometry": {
        "type": "Point",
        "coordinates": [
          36.668056,
          40.764167
        ]
      }
    },
    {
      "type": "Feature",
      "id": "OMDB-LKPR:050",
      "properties": {
        "route_id": "OMDB-LKPR",
        "route_name": "OMDB-LKPR",
        "origin": "OMDB",
        "destination": "LKPR",
        "point_count": 69,
        "source_file": "OMDB-LKPR.gpx",
        "point_id": "OMDB-LKPR:050",
        "sequence": 50,
        "waypoint": "USANU",
        "point_role": "enroute",
        "overfly": false,
        "longitude": 36.0625,
        "latitude": 40.935556
      },
      "geometry": {
        "type": "Point",
        "coordinates": [
          36.0625,
          40.935556
        ]
      }
    },
    {
      "type": "Feature",
      "id": "OMDB-LKPR:051",
      "properties": {
        "route_id": "OMDB-LKPR",
        "route_name": "OMDB-LKPR",
        "origin": "OMDB",
        "destination": "LKPR",
        "point_count": 69,
        "source_file": "OMDB-LKPR.gpx",
        "point_id": "OMDB-LKPR:051",
        "sequence": 51,
        "waypoint": "ODPOT",
        "point_role": "enroute",
        "overfly": false,
        "longitude": 35.866111,
        "latitude": 40.990278
      },
      "geometry": {
        "type": "Point",
        "coordinates": [
          35.866111,
          40.990278
        ]
      }
    },
    {
      "type": "Feature",
      "id": "OMDB-LKPR:052",
      "properties": {
        "route_id": "OMDB-LKPR",
        "route_name": "OMDB-LKPR",
        "origin": "OMDB",
        "destination": "LKPR",
        "point_count": 69,
        "source_file": "OMDB-LKPR.gpx",
        "point_id": "OMDB-LKPR:052",
        "sequence": 52,
        "waypoint": "RUXEV",
        "point_role": "enroute",
        "overfly": false,
        "longitude": 34.862222,
        "latitude": 41.263611
      },
      "geometry": {
        "type": "Point",
        "coordinates": [
          34.862222,
          41.263611
        ]
      }
    },
    {
      "type": "Feature",
      "id": "OMDB-LKPR:053",
      "properties": {
        "route_id": "OMDB-LKPR",
        "route_name": "OMDB-LKPR",
        "origin": "OMDB",
        "destination": "LKPR",
        "point_count": 69,
        "source_file": "OMDB-LKPR.gpx",
        "point_id": "OMDB-LKPR:053",
        "sequence": 53,
        "waypoint": "EKSUK",
        "point_role": "enroute",
        "overfly": false,
        "longitude": 34.337222,
        "latitude": 41.4025
      },
      "geometry": {
        "type": "Point",
        "coordinates": [
          34.337222,
          41.4025
        ]
      }
    },
    {
      "type": "Feature",
      "id": "OMDB-LKPR:054",
      "properties": {
        "route_id": "OMDB-LKPR",
        "route_name": "OMDB-LKPR",
        "origin": "OMDB",
        "destination": "LKPR",
        "point_count": 69,
        "source_file": "OMDB-LKPR.gpx",
        "point_id": "OMDB-LKPR:054",
        "sequence": 54,
        "waypoint": "UPKAG",
        "point_role": "enroute",
        "overfly": false,
        "longitude": 34.135278,
        "latitude": 41.454722
      },
      "geometry": {
        "type": "Point",
        "coordinates": [
          34.135278,
          41.454722
        ]
      }
    },
    {
      "type": "Feature",
      "id": "OMDB-LKPR:055",
      "properties": {
        "route_id": "OMDB-LKPR",
        "route_name": "OMDB-LKPR",
        "origin": "OMDB",
        "destination": "LKPR",
        "point_count": 69,
        "source_file": "OMDB-LKPR.gpx",
        "point_id": "OMDB-LKPR:055",
        "sequence": 55,
        "waypoint": "VAXEB",
        "point_role": "enroute",
        "overfly": false,
        "longitude": 33.578611,
        "latitude": 41.596944
      },
      "geometry": {
        "type": "Point",
        "coordinates": [
          33.578611,
          41.596944
        ]
      }
    },
    {
      "type": "Feature",
      "id": "OMDB-LKPR:056",
      "properties": {
        "route_id": "OMDB-LKPR",
        "route_name": "OMDB-LKPR",
        "origin": "OMDB",
        "destination": "LKPR",
        "point_count": 69,
        "source_file": "OMDB-LKPR.gpx",
        "point_id": "OMDB-LKPR:056",
        "sequence": 56,
        "waypoint": "ESOSU",
        "point_role": "enroute",
        "overfly": false,
        "longitude": 33.538056,
        "latitude": 41.607222
      },
      "geometry": {
        "type": "Point",
        "coordinates": [
          33.538056,
          41.607222
        ]
      }
    },
    {
      "type": "Feature",
      "id": "OMDB-LKPR:057",
      "properties": {
        "route_id": "OMDB-LKPR",
        "route_name": "OMDB-LKPR",
        "origin": "OMDB",
        "destination": "LKPR",
        "point_count": 69,
        "source_file": "OMDB-LKPR.gpx",
        "point_id": "OMDB-LKPR:057",
        "sequence": 57,
        "waypoint": "TIVUG",
        "point_role": "enroute",
        "overfly": false,
        "longitude": 33.031111,
        "latitude": 41.733611
      },
      "geometry": {
        "type": "Point",
        "coordinates": [
          33.031111,
          41.733611
        ]
      }
    },
    {
      "type": "Feature",
      "id": "OMDB-LKPR:058",
      "properties": {
        "route_id": "OMDB-LKPR",
        "route_name": "OMDB-LKPR",
        "origin": "OMDB",
        "destination": "LKPR",
        "point_count": 69,
        "source_file": "OMDB-LKPR.gpx",
        "point_id": "OMDB-LKPR:058",
        "sequence": 58,
        "waypoint": "EVPUV",
        "point_role": "enroute",
        "overfly": false,
        "longitude": 32.759444,
        "latitude": 41.800278
      },
      "geometry": {
        "type": "Point",
        "coordinates": [
          32.759444,
          41.800278
        ]
      }
    },
    {
      "type": "Feature",
      "id": "OMDB-LKPR:059",
      "properties": {
        "route_id": "OMDB-LKPR",
        "route_name": "OMDB-LKPR",
        "origin": "OMDB",
        "destination": "LKPR",
        "point_count": 69,
        "source_file": "OMDB-LKPR.gpx",
        "point_id": "OMDB-LKPR:059",
        "sequence": 59,
        "waypoint": "DEVMU",
        "point_role": "enroute",
        "overfly": false,
        "longitude": 32.461111,
        "latitude": 41.8725
      },
      "geometry": {
        "type": "Point",
        "coordinates": [
          32.461111,
          41.8725
        ]
      }
    },
    {
      "type": "Feature",
      "id": "OMDB-LKPR:060",
      "properties": {
        "route_id": "OMDB-LKPR",
        "route_name": "OMDB-LKPR",
        "origin": "OMDB",
        "destination": "LKPR",
        "point_count": 69,
        "source_file": "OMDB-LKPR.gpx",
        "point_id": "OMDB-LKPR:060",
        "sequence": 60,
        "waypoint": "EVPIM",
        "point_role": "enroute",
        "overfly": false,
        "longitude": 32.366667,
        "latitude": 41.895
      },
      "geometry": {
        "type": "Point",
        "coordinates": [
          32.366667,
          41.895
        ]
      }
    },
    {
      "type": "Feature",
      "id": "OMDB-LKPR:061",
      "properties": {
        "route_id": "OMDB-LKPR",
        "route_name": "OMDB-LKPR",
        "origin": "OMDB",
        "destination": "LKPR",
        "point_count": 69,
        "source_file": "OMDB-LKPR.gpx",
        "point_id": "OMDB-LKPR:061",
        "sequence": 61,
        "waypoint": "BEDOP",
        "point_role": "enroute",
        "overfly": false,
        "longitude": 32.232778,
        "latitude": 41.927222
      },
      "geometry": {
        "type": "Point",
        "coordinates": [
          32.232778,
          41.927222
        ]
      }
    },
    {
      "type": "Feature",
      "id": "OMDB-LKPR:062",
      "properties": {
        "route_id": "OMDB-LKPR",
        "route_name": "OMDB-LKPR",
        "origin": "OMDB",
        "destination": "LKPR",
        "point_count": 69,
        "source_file": "OMDB-LKPR.gpx",
        "point_id": "OMDB-LKPR:062",
        "sequence": 62,
        "waypoint": "MODAU",
        "point_role": "enroute",
        "overfly": false,
        "longitude": 31.885833,
        "latitude": 42.009167
      },
      "geometry": {
        "type": "Point",
        "coordinates": [
          31.885833,
          42.009167
        ]
      }
    },
    {
      "type": "Feature",
      "id": "OMDB-LKPR:063",
      "properties": {
        "route_id": "OMDB-LKPR",
        "route_name": "OMDB-LKPR",
        "origin": "OMDB",
        "destination": "LKPR",
        "point_count": 69,
        "source_file": "OMDB-LKPR.gpx",
        "point_id": "OMDB-LKPR:063",
        "sequence": 63,
        "waypoint": "ODMAX",
        "point_role": "enroute",
        "overfly": false,
        "longitude": 31.403056,
        "latitude": 42.121389
      },
      "geometry": {
        "type": "Point",
        "coordinates": [
          31.403056,
          42.121389
        ]
      }
    },
    {
      "type": "Feature",
      "id": "OMDB-LKPR:064",
      "properties": {
        "route_id": "OMDB-LKPR",
        "route_name": "OMDB-LKPR",
        "origin": "OMDB",
        "destination": "LKPR",
        "point_count": 69,
        "source_file": "OMDB-LKPR.gpx",
        "point_id": "OMDB-LKPR:064",
        "sequence": 64,
        "waypoint": "NEGEM",
        "point_role": "enroute",
        "overfly": false,
        "longitude": 29.870278,
        "latitude": 42.461667
      },
      "geometry": {
        "type": "Point",
        "coordinates": [
          29.870278,
          42.461667
        ]
      }
    },
    {
      "type": "Feature",
      "id": "OMDB-LKPR:065",
      "properties": {
        "route_id": "OMDB-LKPR",
        "route_name": "OMDB-LKPR",
        "origin": "OMDB",
        "destination": "LKPR",
        "point_count": 69,
        "source_file": "OMDB-LKPR.gpx",
        "point_id": "OMDB-LKPR:065",
        "sequence": 65,
        "waypoint": "BUDOP",
        "point_role": "enroute",
        "overfly": false,
        "longitude": 21.496667,
        "latitude": 46.6875
      },
      "geometry": {
        "type": "Point",
        "coordinates": [
          21.496667,
          46.6875
        ]
      }
    },
    {
      "type": "Feature",
      "id": "OMDB-LKPR:066",
      "properties": {
        "route_id": "OMDB-LKPR",
        "route_name": "OMDB-LKPR",
        "origin": "OMDB",
        "destination": "LKPR",
        "point_count": 69,
        "source_file": "OMDB-LKPR.gpx",
        "point_id": "OMDB-LKPR:066",
        "sequence": 66,
        "waypoint": "LALES",
        "point_role": "enroute",
        "overfly": false,
        "longitude": 17.709514,
        "latitude": 48.865172
      },
      "geometry": {
        "type": "Point",
        "coordinates": [
          17.709514,
          48.865172
        ]
      }
    },
    {
      "type": "Feature",
      "id": "OMDB-LKPR:067",
      "properties": {
        "route_id": "OMDB-LKPR",
        "route_name": "OMDB-LKPR",
        "origin": "OMDB",
        "destination": "LKPR",
        "point_count": 69,
        "source_file": "OMDB-LKPR.gpx",
        "point_id": "OMDB-LKPR:067",
        "sequence": 67,
        "waypoint": "TUMKA",
        "point_role": "enroute",
        "overfly": false,
        "longitude": 15.947267,
        "latitude": 49.407894
      },
      "geometry": {
        "type": "Point",
        "coordinates": [
          15.947267,
          49.407894
        ]
      }
    },
    {
      "type": "Feature",
      "id": "OMDB-LKPR:068",
      "properties": {
        "route_id": "OMDB-LKPR",
        "route_name": "OMDB-LKPR",
        "origin": "OMDB",
        "destination": "LKPR",
        "point_count": 69,
        "source_file": "OMDB-LKPR.gpx",
        "point_id": "OMDB-LKPR:068",
        "sequence": 68,
        "waypoint": "VLM",
        "point_role": "enroute",
        "overfly": false,
        "longitude": 15.066742,
        "latitude": 49.704272
      },
      "geometry": {
        "type": "Point",
        "coordinates": [
          15.066742,
          49.704272
        ]
      }
    },
    {
      "type": "Feature",
      "id": "OMDB-LKPR:069",
      "properties": {
        "route_id": "OMDB-LKPR",
        "route_name": "OMDB-LKPR",
        "origin": "OMDB",
        "destination": "LKPR",
        "point_count": 69,
        "source_file": "OMDB-LKPR.gpx",
        "point_id": "OMDB-LKPR:069",
        "sequence": 69,
        "waypoint": "LKPR",
        "point_role": "destination",
        "overfly": false,
        "longitude": 14.26,
        "latitude": 50.100833
      },
      "geometry": {
        "type": "Point",
        "coordinates": [
          14.26,
          50.100833
        ]
      }
    },
    {
      "type": "Feature",
      "id": "OMDB-LOWW:001",
      "properties": {
        "route_id": "OMDB-LOWW",
        "route_name": "OMDB-LOWW",
        "origin": "OMDB",
        "destination": "LOWW",
        "point_count": 63,
        "source_file": "OMDB-LOWW.gpx",
        "point_id": "OMDB-LOWW:001",
        "sequence": 1,
        "waypoint": "OMDB",
        "point_role": "origin",
        "overfly": false,
        "longitude": 55.364444,
        "latitude": 25.252778
      },
      "geometry": {
        "type": "Point",
        "coordinates": [
          55.364444,
          25.252778
        ]
      }
    },
    {
      "type": "Feature",
      "id": "OMDB-LOWW:002",
      "properties": {
        "route_id": "OMDB-LOWW",
        "route_name": "OMDB-LOWW",
        "origin": "OMDB",
        "destination": "LOWW",
        "point_count": 63,
        "source_file": "OMDB-LOWW.gpx",
        "point_id": "OMDB-LOWW:002",
        "sequence": 2,
        "waypoint": "SENPA",
        "point_role": "enroute",
        "overfly": false,
        "longitude": 54.53625,
        "latitude": 25.333222
      },
      "geometry": {
        "type": "Point",
        "coordinates": [
          54.53625,
          25.333222
        ]
      }
    },
    {
      "type": "Feature",
      "id": "OMDB-LOWW:003",
      "properties": {
        "route_id": "OMDB-LOWW",
        "route_name": "OMDB-LOWW",
        "origin": "OMDB",
        "destination": "LOWW",
        "point_count": 63,
        "source_file": "OMDB-LOWW.gpx",
        "point_id": "OMDB-LOWW:003",
        "sequence": 3,
        "waypoint": "RUDUK",
        "point_role": "enroute",
        "overfly": false,
        "longitude": 54.280556,
        "latitude": 25.402222
      },
      "geometry": {
        "type": "Point",
        "coordinates": [
          54.280556,
          25.402222
        ]
      }
    },
    {
      "type": "Feature",
      "id": "OMDB-LOWW:004",
      "properties": {
        "route_id": "OMDB-LOWW",
        "route_name": "OMDB-LOWW",
        "origin": "OMDB",
        "destination": "LOWW",
        "point_count": 63,
        "source_file": "OMDB-LOWW.gpx",
        "point_id": "OMDB-LOWW:004",
        "sequence": 4,
        "waypoint": "ULIVA",
        "point_role": "enroute",
        "overfly": false,
        "longitude": 54.103056,
        "latitude": 25.446389
      },
      "geometry": {
        "type": "Point",
        "coordinates": [
          54.103056,
          25.446389
        ]
      }
    },
    {
      "type": "Feature",
      "id": "OMDB-LOWW:005",
      "properties": {
        "route_id": "OMDB-LOWW",
        "route_name": "OMDB-LOWW",
        "origin": "OMDB",
        "destination": "LOWW",
        "point_count": 63,
        "source_file": "OMDB-LOWW.gpx",
        "point_id": "OMDB-LOWW:005",
        "sequence": 5,
        "waypoint": "SISOB",
        "point_role": "enroute",
        "overfly": false,
        "longitude": 53.7525,
        "latitude": 25.530556
      },
      "geometry": {
        "type": "Point",
        "coordinates": [
          53.7525,
          25.530556
        ]
      }
    },
    {
      "type": "Feature",
      "id": "OMDB-LOWW:006",
      "properties": {
        "route_id": "OMDB-LOWW",
        "route_name": "OMDB-LOWW",
        "origin": "OMDB",
        "destination": "LOWW",
        "point_count": 63,
        "source_file": "OMDB-LOWW.gpx",
        "point_id": "OMDB-LOWW:006",
        "sequence": 6,
        "waypoint": "PURLI",
        "point_role": "enroute",
        "overfly": false,
        "longitude": 53.41,
        "latitude": 25.612222
      },
      "geometry": {
        "type": "Point",
        "coordinates": [
          53.41,
          25.612222
        ]
      }
    },
    {
      "type": "Feature",
      "id": "OMDB-LOWW:007",
      "properties": {
        "route_id": "OMDB-LOWW",
        "route_name": "OMDB-LOWW",
        "origin": "OMDB",
        "destination": "LOWW",
        "point_count": 63,
        "source_file": "OMDB-LOWW.gpx",
        "point_id": "OMDB-LOWW:007",
        "sequence": 7,
        "waypoint": "ALPOB",
        "point_role": "enroute",
        "overfly": false,
        "longitude": 53.015278,
        "latitude": 25.705
      },
      "geometry": {
        "type": "Point",
        "coordinates": [
          53.015278,
          25.705
        ]
      }
    },
    {
      "type": "Feature",
      "id": "OMDB-LOWW:008",
      "properties": {
        "route_id": "OMDB-LOWW",
        "route_name": "OMDB-LOWW",
        "origin": "OMDB",
        "destination": "LOWW",
        "point_count": 63,
        "source_file": "OMDB-LOWW.gpx",
        "point_id": "OMDB-LOWW:008",
        "sequence": 8,
        "waypoint": "ROTAG",
        "point_role": "enroute",
        "overfly": false,
        "longitude": 52.605833,
        "latitude": 25.898056
      },
      "geometry": {
        "type": "Point",
        "coordinates": [
          52.605833,
          25.898056
        ]
      }
    },
    {
      "type": "Feature",
      "id": "OMDB-LOWW:009",
      "properties": {
        "route_id": "OMDB-LOWW",
        "route_name": "OMDB-LOWW",
        "origin": "OMDB",
        "destination": "LOWW",
        "point_count": 63,
        "source_file": "OMDB-LOWW.gpx",
        "point_id": "OMDB-LOWW:009",
        "sequence": 9,
        "waypoint": "ITMUB",
        "point_role": "enroute",
        "overfly": false,
        "longitude": 52.400556,
        "latitude": 25.988611
      },
      "geometry": {
        "type": "Point",
        "coordinates": [
          52.400556,
          25.988611
        ]
      }
    },
    {
      "type": "Feature",
      "id": "OMDB-LOWW:010",
      "properties": {
        "route_id": "OMDB-LOWW",
        "route_name": "OMDB-LOWW",
        "origin": "OMDB",
        "destination": "LOWW",
        "point_count": 63,
        "source_file": "OMDB-LOWW.gpx",
        "point_id": "OMDB-LOWW:010",
        "sequence": 10,
        "waypoint": "MODOG",
        "point_role": "enroute",
        "overfly": false,
        "longitude": 51.993056,
        "latitude": 26.17
      },
      "geometry": {
        "type": "Point",
        "coordinates": [
          51.993056,
          26.17
        ]
      }
    },
    {
      "type": "Feature",
      "id": "OMDB-LOWW:011",
      "properties": {
        "route_id": "OMDB-LOWW",
        "route_name": "OMDB-LOWW",
        "origin": "OMDB",
        "destination": "LOWW",
        "point_count": 63,
        "source_file": "OMDB-LOWW.gpx",
        "point_id": "OMDB-LOWW:011",
        "sequence": 11,
        "waypoint": "RAMKI",
        "point_role": "enroute",
        "overfly": false,
        "longitude": 51.940294,
        "latitude": 26.193889
      },
      "geometry": {
        "type": "Point",
        "coordinates": [
          51.940294,
          26.193889
        ]
      }
    },
    {
      "type": "Feature",
      "id": "OMDB-LOWW:012",
      "properties": {
        "route_id": "OMDB-LOWW",
        "route_name": "OMDB-LOWW",
        "origin": "OMDB",
        "destination": "LOWW",
        "point_count": 63,
        "source_file": "OMDB-LOWW.gpx",
        "point_id": "OMDB-LOWW:012",
        "sequence": 12,
        "waypoint": "RABLA",
        "point_role": "enroute",
        "overfly": false,
        "longitude": 51.809356,
        "latitude": 26.251592
      },
      "geometry": {
        "type": "Point",
        "coordinates": [
          51.809356,
          26.251592
        ]
      }
    },
    {
      "type": "Feature",
      "id": "OMDB-LOWW:013",
      "properties": {
        "route_id": "OMDB-LOWW",
        "route_name": "OMDB-LOWW",
        "origin": "OMDB",
        "destination": "LOWW",
        "point_count": 63,
        "source_file": "OMDB-LOWW.gpx",
        "point_id": "OMDB-LOWW:013",
        "sequence": 13,
        "waypoint": "OBROS",
        "point_role": "enroute",
        "overfly": false,
        "longitude": 51.661244,
        "latitude": 26.3176
      },
      "geometry": {
        "type": "Point",
        "coordinates": [
          51.661244,
          26.3176
        ]
      }
    },
    {
      "type": "Feature",
      "id": "OMDB-LOWW:014",
      "properties": {
        "route_id": "OMDB-LOWW",
        "route_name": "OMDB-LOWW",
        "origin": "OMDB",
        "destination": "LOWW",
        "point_count": 63,
        "source_file": "OMDB-LOWW.gpx",
        "point_id": "OMDB-LOWW:014",
        "sequence": 14,
        "waypoint": "SOLOB",
        "point_role": "enroute",
        "overfly": false,
        "longitude": 51.525556,
        "latitude": 26.378056
      },
      "geometry": {
        "type": "Point",
        "coordinates": [
          51.525556,
          26.378056
        ]
      }
    },
    {
      "type": "Feature",
      "id": "OMDB-LOWW:015",
      "properties": {
        "route_id": "OMDB-LOWW",
        "route_name": "OMDB-LOWW",
        "origin": "OMDB",
        "destination": "LOWW",
        "point_count": 63,
        "source_file": "OMDB-LOWW.gpx",
        "point_id": "OMDB-LOWW:015",
        "sequence": 15,
        "waypoint": "ALREP",
        "point_role": "enroute",
        "overfly": false,
        "longitude": 51.369167,
        "latitude": 26.428056
      },
      "geometry": {
        "type": "Point",
        "coordinates": [
          51.369167,
          26.428056
        ]
      }
    },
    {
      "type": "Feature",
      "id": "OMDB-LOWW:016",
      "properties": {
        "route_id": "OMDB-LOWW",
        "route_name": "OMDB-LOWW",
        "origin": "OMDB",
        "destination": "LOWW",
        "point_count": 63,
        "source_file": "OMDB-LOWW.gpx",
        "point_id": "OMDB-LOWW:016",
        "sequence": 16,
        "waypoint": "ORDIG",
        "point_role": "enroute",
        "overfly": false,
        "longitude": 51.2675,
        "latitude": 26.460556
      },
      "geometry": {
        "type": "Point",
        "coordinates": [
          51.2675,
          26.460556
        ]
      }
    },
    {
      "type": "Feature",
      "id": "OMDB-LOWW:017",
      "properties": {
        "route_id": "OMDB-LOWW",
        "route_name": "OMDB-LOWW",
        "origin": "OMDB",
        "destination": "LOWW",
        "point_count": 63,
        "source_file": "OMDB-LOWW.gpx",
        "point_id": "OMDB-LOWW:017",
        "sequence": 17,
        "waypoint": "MEDMA",
        "point_role": "enroute",
        "overfly": false,
        "longitude": 50.915006,
        "latitude": 26.572594
      },
      "geometry": {
        "type": "Point",
        "coordinates": [
          50.915006,
          26.572594
        ]
      }
    },
    {
      "type": "Feature",
      "id": "OMDB-LOWW:018",
      "properties": {
        "route_id": "OMDB-LOWW",
        "route_name": "OMDB-LOWW",
        "origin": "OMDB",
        "destination": "LOWW",
        "point_count": 63,
        "source_file": "OMDB-LOWW.gpx",
        "point_id": "OMDB-LOWW:018",
        "sequence": 18,
        "waypoint": "OBMON",
        "point_role": "enroute",
        "overfly": false,
        "longitude": 50.690278,
        "latitude": 26.642222
      },
      "geometry": {
        "type": "Point",
        "coordinates": [
          50.690278,
          26.642222
        ]
      }
    },
    {
      "type": "Feature",
      "id": "OMDB-LOWW:019",
      "properties": {
        "route_id": "OMDB-LOWW",
        "route_name": "OMDB-LOWW",
        "origin": "OMDB",
        "destination": "LOWW",
        "point_count": 63,
        "source_file": "OMDB-LOWW.gpx",
        "point_id": "OMDB-LOWW:019",
        "sequence": 19,
        "waypoint": "EGMOR",
        "point_role": "enroute",
        "overfly": false,
        "longitude": 50.485203,
        "latitude": 26.703003
      },
      "geometry": {
        "type": "Point",
        "coordinates": [
          50.485203,
          26.703003
        ]
      }
    },
    {
      "type": "Feature",
      "id": "OMDB-LOWW:020",
      "properties": {
        "route_id": "OMDB-LOWW",
        "route_name": "OMDB-LOWW",
        "origin": "OMDB",
        "destination": "LOWW",
        "point_count": 63,
        "source_file": "OMDB-LOWW.gpx",
        "point_id": "OMDB-LOWW:020",
        "sequence": 20,
        "waypoint": "ULADA",
        "point_role": "enroute",
        "overfly": false,
        "longitude": 50.273333,
        "latitude": 26.7575
      },
      "geometry": {
        "type": "Point",
        "coordinates": [
          50.273333,
          26.7575
        ]
      }
    },
    {
      "type": "Feature",
      "id": "OMDB-LOWW:021",
      "properties": {
        "route_id": "OMDB-LOWW",
        "route_name": "OMDB-LOWW",
        "origin": "OMDB",
        "destination": "LOWW",
        "point_count": 63,
        "source_file": "OMDB-LOWW.gpx",
        "point_id": "OMDB-LOWW:021",
        "sequence": 21,
        "waypoint": "KASES",
        "point_role": "enroute",
        "overfly": false,
        "longitude": 49.9525,
        "latitude": 26.760556
      },
      "geometry": {
        "type": "Point",
        "coordinates": [
          49.9525,
          26.760556
        ]
      }
    },
    {
      "type": "Feature",
      "id": "OMDB-LOWW:022",
      "properties": {
        "route_id": "OMDB-LOWW",
        "route_name": "OMDB-LOWW",
        "origin": "OMDB",
        "destination": "LOWW",
        "point_count": 63,
        "source_file": "OMDB-LOWW.gpx",
        "point_id": "OMDB-LOWW:022",
        "sequence": 22,
        "waypoint": "ALVAP",
        "point_role": "enroute",
        "overfly": false,
        "longitude": 49.59,
        "latitude": 26.763056
      },
      "geometry": {
        "type": "Point",
        "coordinates": [
          49.59,
          26.763056
        ]
      }
    },
    {
      "type": "Feature",
      "id": "OMDB-LOWW:023",
      "properties": {
        "route_id": "OMDB-LOWW",
        "route_name": "OMDB-LOWW",
        "origin": "OMDB",
        "destination": "LOWW",
        "point_count": 63,
        "source_file": "OMDB-LOWW.gpx",
        "point_id": "OMDB-LOWW:023",
        "sequence": 23,
        "waypoint": "DASVA",
        "point_role": "enroute",
        "overfly": false,
        "longitude": 49.383611,
        "latitude": 26.764167
      },
      "geometry": {
        "type": "Point",
        "coordinates": [
          49.383611,
          26.764167
        ]
      }
    },
    {
      "type": "Feature",
      "id": "OMDB-LOWW:024",
      "properties": {
        "route_id": "OMDB-LOWW",
        "route_name": "OMDB-LOWW",
        "origin": "OMDB",
        "destination": "LOWW",
        "point_count": 63,
        "source_file": "OMDB-LOWW.gpx",
        "point_id": "OMDB-LOWW:024",
        "sequence": 24,
        "waypoint": "TAYMA",
        "point_role": "enroute",
        "overfly": false,
        "longitude": 48.703333,
        "latitude": 26.765556
      },
      "geometry": {
        "type": "Point",
        "coordinates": [
          48.703333,
          26.765556
        ]
      }
    },
    {
      "type": "Feature",
      "id": "OMDB-LOWW:025",
      "properties": {
        "route_id": "OMDB-LOWW",
        "route_name": "OMDB-LOWW",
        "origin": "OMDB",
        "destination": "LOWW",
        "point_count": 63,
        "source_file": "OMDB-LOWW.gpx",
        "point_id": "OMDB-LOWW:025",
        "sequence": 25,
        "waypoint": "LABLI",
        "point_role": "enroute",
        "overfly": false,
        "longitude": 48.35,
        "latitude": 26.756111
      },
      "geometry": {
        "type": "Point",
        "coordinates": [
          48.35,
          26.756111
        ]
      }
    },
    {
      "type": "Feature",
      "id": "OMDB-LOWW:026",
      "properties": {
        "route_id": "OMDB-LOWW",
        "route_name": "OMDB-LOWW",
        "origin": "OMDB",
        "destination": "LOWW",
        "point_count": 63,
        "source_file": "OMDB-LOWW.gpx",
        "point_id": "OMDB-LOWW:026",
        "sequence": 26,
        "waypoint": "MEDGO",
        "point_role": "enroute",
        "overfly": false,
        "longitude": 47.8825,
        "latitude": 26.7425
      },
      "geometry": {
        "type": "Point",
        "coordinates": [
          47.8825,
          26.7425
        ]
      }
    },
    {
      "type": "Feature",
      "id": "OMDB-LOWW:027",
      "properties": {
        "route_id": "OMDB-LOWW",
        "route_name": "OMDB-LOWW",
        "origin": "OMDB",
        "destination": "LOWW",
        "point_count": 63,
        "source_file": "OMDB-LOWW.gpx",
        "point_id": "OMDB-LOWW:027",
        "sequence": 27,
        "waypoint": "LUGAL",
        "point_role": "enroute",
        "overfly": false,
        "longitude": 47.376389,
        "latitude": 26.7675
      },
      "geometry": {
        "type": "Point",
        "coordinates": [
          47.376389,
          26.7675
        ]
      }
    },
    {
      "type": "Feature",
      "id": "OMDB-LOWW:028",
      "properties": {
        "route_id": "OMDB-LOWW",
        "route_name": "OMDB-LOWW",
        "origin": "OMDB",
        "destination": "LOWW",
        "point_count": 63,
        "source_file": "OMDB-LOWW.gpx",
        "point_id": "OMDB-LOWW:028",
        "sequence": 28,
        "waypoint": "SIBLI",
        "point_role": "enroute",
        "overfly": false,
        "longitude": 46.392778,
        "latitude": 26.916389
      },
      "geometry": {
        "type": "Point",
        "coordinates": [
          46.392778,
          26.916389
        ]
      }
    },
    {
      "type": "Feature",
      "id": "OMDB-LOWW:029",
      "properties": {
        "route_id": "OMDB-LOWW",
        "route_name": "OMDB-LOWW",
        "origin": "OMDB",
        "destination": "LOWW",
        "point_count": 63,
        "source_file": "OMDB-LOWW.gpx",
        "point_id": "OMDB-LOWW:029",
        "sequence": 29,
        "waypoint": "ANTER",
        "point_role": "enroute",
        "overfly": false,
        "longitude": 45.566389,
        "latitude": 27.036667
      },
      "geometry": {
        "type": "Point",
        "coordinates": [
          45.566389,
          27.036667
        ]
      }
    },
    {
      "type": "Feature",
      "id": "OMDB-LOWW:030",
      "properties": {
        "route_id": "OMDB-LOWW",
        "route_name": "OMDB-LOWW",
        "origin": "OMDB",
        "destination": "LOWW",
        "point_count": 63,
        "source_file": "OMDB-LOWW.gpx",
        "point_id": "OMDB-LOWW:030",
        "sequence": 30,
        "waypoint": "BPN",
        "point_role": "enroute",
        "overfly": false,
        "longitude": 45.445278,
        "latitude": 27.053889
      },
      "geometry": {
        "type": "Point",
        "coordinates": [
          45.445278,
          27.053889
        ]
      }
    },
    {
      "type": "Feature",
      "id": "OMDB-LOWW:031",
      "properties": {
        "route_id": "OMDB-LOWW",
        "route_name": "OMDB-LOWW",
        "origin": "OMDB",
        "destination": "LOWW",
        "point_count": 63,
        "source_file": "OMDB-LOWW.gpx",
        "point_id": "OMDB-LOWW:031",
        "sequence": 31,
        "waypoint": "ALKIR",
        "point_role": "enroute",
        "overfly": false,
        "longitude": 44.728611,
        "latitude": 27.132778
      },
      "geometry": {
        "type": "Point",
        "coordinates": [
          44.728611,
          27.132778
        ]
      }
    },
    {
      "type": "Feature",
      "id": "OMDB-LOWW:032",
      "properties": {
        "route_id": "OMDB-LOWW",
        "route_name": "OMDB-LOWW",
        "origin": "OMDB",
        "destination": "LOWW",
        "point_count": 63,
        "source_file": "OMDB-LOWW.gpx",
        "point_id": "OMDB-LOWW:032",
        "sequence": 32,
        "waypoint": "PASIT",
        "point_role": "enroute",
        "overfly": false,
        "longitude": 44.381389,
        "latitude": 27.169722
      },
      "geometry": {
        "type": "Point",
        "coordinates": [
          44.381389,
          27.169722
        ]
      }
    },
    {
      "type": "Feature",
      "id": "OMDB-LOWW:033",
      "properties": {
        "route_id": "OMDB-LOWW",
        "route_name": "OMDB-LOWW",
        "origin": "OMDB",
        "destination": "LOWW",
        "point_count": 63,
        "source_file": "OMDB-LOWW.gpx",
        "point_id": "OMDB-LOWW:033",
        "sequence": 33,
        "waypoint": "TOTAD",
        "point_role": "enroute",
        "overfly": false,
        "longitude": 43.651111,
        "latitude": 27.845278
      },
      "geometry": {
        "type": "Point",
        "coordinates": [
          43.651111,
          27.845278
        ]
      }
    },
    {
      "type": "Feature",
      "id": "OMDB-LOWW:034",
      "properties": {
        "route_id": "OMDB-LOWW",
        "route_name": "OMDB-LOWW",
        "origin": "OMDB",
        "destination": "LOWW",
        "point_count": 63,
        "source_file": "OMDB-LOWW.gpx",
        "point_id": "OMDB-LOWW:034",
        "sequence": 34,
        "waypoint": "TAMRO",
        "point_role": "enroute",
        "overfly": false,
        "longitude": 42.679722,
        "latitude": 28.643889
      },
      "geometry": {
        "type": "Point",
        "coordinates": [
          42.679722,
          28.643889
        ]
      }
    },
    {
      "type": "Feature",
      "id": "OMDB-LOWW:035",
      "properties": {
        "route_id": "OMDB-LOWW",
        "route_name": "OMDB-LOWW",
        "origin": "OMDB",
        "destination": "LOWW",
        "point_count": 63,
        "source_file": "OMDB-LOWW.gpx",
        "point_id": "OMDB-LOWW:035",
        "sequence": 35,
        "waypoint": "ORSAL",
        "point_role": "enroute",
        "overfly": false,
        "longitude": 42.185278,
        "latitude": 29.043056
      },
      "geometry": {
        "type": "Point",
        "coordinates": [
          42.185278,
          29.043056
        ]
      }
    },
    {
      "type": "Feature",
      "id": "OMDB-LOWW:036",
      "properties": {
        "route_id": "OMDB-LOWW",
        "route_name": "OMDB-LOWW",
        "origin": "OMDB",
        "destination": "LOWW",
        "point_count": 63,
        "source_file": "OMDB-LOWW.gpx",
        "point_id": "OMDB-LOWW:036",
        "sequence": 36,
        "waypoint": "PAXAN",
        "point_role": "enroute",
        "overfly": false,
        "longitude": 41.309167,
        "latitude": 29.738333
      },
      "geometry": {
        "type": "Point",
        "coordinates": [
          41.309167,
          29.738333
        ]
      }
    },
    {
      "type": "Feature",
      "id": "OMDB-LOWW:037",
      "properties": {
        "route_id": "OMDB-LOWW",
        "route_name": "OMDB-LOWW",
        "origin": "OMDB",
        "destination": "LOWW",
        "point_count": 63,
        "source_file": "OMDB-LOWW.gpx",
        "point_id": "OMDB-LOWW:037",
        "sequence": 37,
        "waypoint": "GADLI",
        "point_role": "enroute",
        "overfly": false,
        "longitude": 40.639167,
        "latitude": 30.386667
      },
      "geometry": {
        "type": "Point",
        "coordinates": [
          40.639167,
          30.386667
        ]
      }
    },
    {
      "type": "Feature",
      "id": "OMDB-LOWW:038",
      "properties": {
        "route_id": "OMDB-LOWW",
        "route_name": "OMDB-LOWW",
        "origin": "OMDB",
        "destination": "LOWW",
        "point_count": 63,
        "source_file": "OMDB-LOWW.gpx",
        "point_id": "OMDB-LOWW:038",
        "sequence": 38,
        "waypoint": "BONIS",
        "point_role": "enroute",
        "overfly": false,
        "longitude": 39.553611,
        "latitude": 31.432778
      },
      "geometry": {
        "type": "Point",
        "coordinates": [
          39.553611,
          31.432778
        ]
      }
    },
    {
      "type": "Feature",
      "id": "OMDB-LOWW:039",
      "properties": {
        "route_id": "OMDB-LOWW",
        "route_name": "OMDB-LOWW",
        "origin": "OMDB",
        "destination": "LOWW",
        "point_count": 63,
        "source_file": "OMDB-LOWW.gpx",
        "point_id": "OMDB-LOWW:039",
        "sequence": 39,
        "waypoint": "OVANO",
        "point_role": "enroute",
        "overfly": false,
        "longitude": 39.164167,
        "latitude": 31.800278
      },
      "geometry": {
        "type": "Point",
        "coordinates": [
          39.164167,
          31.800278
        ]
      }
    },
    {
      "type": "Feature",
      "id": "OMDB-LOWW:040",
      "properties": {
        "route_id": "OMDB-LOWW",
        "route_name": "OMDB-LOWW",
        "origin": "OMDB",
        "destination": "LOWW",
        "point_count": 63,
        "source_file": "OMDB-LOWW.gpx",
        "point_id": "OMDB-LOWW:040",
        "sequence": 40,
        "waypoint": "OTILA",
        "point_role": "enroute",
        "overfly": false,
        "longitude": 39.031344,
        "latitude": 32.025278
      },
      "geometry": {
        "type": "Point",
        "coordinates": [
          39.031344,
          32.025278
        ]
      }
    },
    {
      "type": "Feature",
      "id": "OMDB-LOWW:041",
      "properties": {
        "route_id": "OMDB-LOWW",
        "route_name": "OMDB-LOWW",
        "origin": "OMDB",
        "destination": "LOWW",
        "point_count": 63,
        "source_file": "OMDB-LOWW.gpx",
        "point_id": "OMDB-LOWW:041",
        "sequence": 41,
        "waypoint": "MODAD",
        "point_role": "enroute",
        "overfly": false,
        "longitude": 38.693928,
        "latitude": 32.594411
      },
      "geometry": {
        "type": "Point",
        "coordinates": [
          38.693928,
          32.594411
        ]
      }
    },
    {
      "type": "Feature",
      "id": "OMDB-LOWW:042",
      "properties": {
        "route_id": "OMDB-LOWW",
        "route_name": "OMDB-LOWW",
        "origin": "OMDB",
        "destination": "LOWW",
        "point_count": 63,
        "source_file": "OMDB-LOWW.gpx",
        "point_id": "OMDB-LOWW:042",
        "sequence": 42,
        "waypoint": "KUMLO",
        "point_role": "enroute",
        "overfly": false,
        "longitude": 38.468797,
        "latitude": 32.96995
      },
      "geometry": {
        "type": "Point",
        "coordinates": [
          38.468797,
          32.96995
        ]
      }
    },
    {
      "type": "Feature",
      "id": "OMDB-LOWW:043",
      "properties": {
        "route_id": "OMDB-LOWW",
        "route_name": "OMDB-LOWW",
        "origin": "OMDB",
        "destination": "LOWW",
        "point_count": 63,
        "source_file": "OMDB-LOWW.gpx",
        "point_id": "OMDB-LOWW:043",
        "sequence": 43,
        "waypoint": "SOKAN",
        "point_role": "enroute",
        "overfly": false,
        "longitude": 38.368611,
        "latitude": 33.135833
      },
      "geometry": {
        "type": "Point",
        "coordinates": [
          38.368611,
          33.135833
        ]
      }
    },
    {
      "type": "Feature",
      "id": "OMDB-LOWW:044",
      "properties": {
        "route_id": "OMDB-LOWW",
        "route_name": "OMDB-LOWW",
        "origin": "OMDB",
        "destination": "LOWW",
        "point_count": 63,
        "source_file": "OMDB-LOWW.gpx",
        "point_id": "OMDB-LOWW:044",
        "sequence": 44,
        "waypoint": "RAFIF",
        "point_role": "enroute",
        "overfly": false,
        "longitude": 38.321944,
        "latitude": 33.213056
      },
      "geometry": {
        "type": "Point",
        "coordinates": [
          38.321944,
          33.213056
        ]
      }
    },
    {
      "type": "Feature",
      "id": "OMDB-LOWW:045",
      "properties": {
        "route_id": "OMDB-LOWW",
        "route_name": "OMDB-LOWW",
        "origin": "OMDB",
        "destination": "LOWW",
        "point_count": 63,
        "source_file": "OMDB-LOWW.gpx",
        "point_id": "OMDB-LOWW:045",
        "sequence": 45,
        "waypoint": "SULAF",
        "point_role": "enroute",
        "overfly": false,
        "longitude": 38.174167,
        "latitude": 33.455
      },
      "geometry": {
        "type": "Point",
        "coordinates": [
          38.174167,
          33.455
        ]
      }
    },
    {
      "type": "Feature",
      "id": "OMDB-LOWW:046",
      "properties": {
        "route_id": "OMDB-LOWW",
        "route_name": "OMDB-LOWW",
        "origin": "OMDB",
        "destination": "LOWW",
        "point_count": 63,
        "source_file": "OMDB-LOWW.gpx",
        "point_id": "OMDB-LOWW:046",
        "sequence": 46,
        "waypoint": "FIRAS",
        "point_role": "enroute",
        "overfly": false,
        "longitude": 37.92,
        "latitude": 33.871944
      },
      "geometry": {
        "type": "Point",
        "coordinates": [
          37.92,
          33.871944
        ]
      }
    },
    {
      "type": "Feature",
      "id": "OMDB-LOWW:047",
      "properties": {
        "route_id": "OMDB-LOWW",
        "route_name": "OMDB-LOWW",
        "origin": "OMDB",
        "destination": "LOWW",
        "point_count": 63,
        "source_file": "OMDB-LOWW.gpx",
        "point_id": "OMDB-LOWW:047",
        "sequence": 47,
        "waypoint": "NISAP",
        "point_role": "enroute",
        "overfly": false,
        "longitude": 36.641389,
        "latitude": 36.784444
      },
      "geometry": {
        "type": "Point",
        "coordinates": [
          36.641389,
          36.784444
        ]
      }
    },
    {
      "type": "Feature",
      "id": "OMDB-LOWW:048",
      "properties": {
        "route_id": "OMDB-LOWW",
        "route_name": "OMDB-LOWW",
        "origin": "OMDB",
        "destination": "LOWW",
        "point_count": 63,
        "source_file": "OMDB-LOWW.gpx",
        "point_id": "OMDB-LOWW:048",
        "sequence": 48,
        "waypoint": "MILBA",
        "point_role": "enroute",
        "overfly": false,
        "longitude": 36.479444,
        "latitude": 36.951389
      },
      "geometry": {
        "type": "Point",
        "coordinates": [
          36.479444,
          36.951389
        ]
      }
    },
    {
      "type": "Feature",
      "id": "OMDB-LOWW:049",
      "properties": {
        "route_id": "OMDB-LOWW",
        "route_name": "OMDB-LOWW",
        "origin": "OMDB",
        "destination": "LOWW",
        "point_count": 63,
        "source_file": "OMDB-LOWW.gpx",
        "point_id": "OMDB-LOWW:049",
        "sequence": 49,
        "waypoint": "TEVDA",
        "point_role": "enroute",
        "overfly": false,
        "longitude": 35.066667,
        "latitude": 38.372778
      },
      "geometry": {
        "type": "Point",
        "coordinates": [
          35.066667,
          38.372778
        ]
      }
    },
    {
      "type": "Feature",
      "id": "OMDB-LOWW:050",
      "properties": {
        "route_id": "OMDB-LOWW",
        "route_name": "OMDB-LOWW",
        "origin": "OMDB",
        "destination": "LOWW",
        "point_count": 63,
        "source_file": "OMDB-LOWW.gpx",
        "point_id": "OMDB-LOWW:050",
        "sequence": 50,
        "waypoint": "BELSU",
        "point_role": "enroute",
        "overfly": false,
        "longitude": 34.286389,
        "latitude": 39.130833
      },
      "geometry": {
        "type": "Point",
        "coordinates": [
          34.286389,
          39.130833
        ]
      }
    },
    {
      "type": "Feature",
      "id": "OMDB-LOWW:051",
      "properties": {
        "route_id": "OMDB-LOWW",
        "route_name": "OMDB-LOWW",
        "origin": "OMDB",
        "destination": "LOWW",
        "point_count": 63,
        "source_file": "OMDB-LOWW.gpx",
        "point_id": "OMDB-LOWW:051",
        "sequence": 51,
        "waypoint": "BUK",
        "point_role": "enroute",
        "overfly": false,
        "longitude": 33.104917,
        "latitude": 40.241861
      },
      "geometry": {
        "type": "Point",
        "coordinates": [
          33.104917,
          40.241861
        ]
      }
    },
    {
      "type": "Feature",
      "id": "OMDB-LOWW:052",
      "properties": {
        "route_id": "OMDB-LOWW",
        "route_name": "OMDB-LOWW",
        "origin": "OMDB",
        "destination": "LOWW",
        "point_count": 63,
        "source_file": "OMDB-LOWW.gpx",
        "point_id": "OMDB-LOWW:052",
        "sequence": 52,
        "waypoint": "DEREL",
        "point_role": "enroute",
        "overfly": false,
        "longitude": 32.193333,
        "latitude": 40.713889
      },
      "geometry": {
        "type": "Point",
        "coordinates": [
          32.193333,
          40.713889
        ]
      }
    },
    {
      "type": "Feature",
      "id": "OMDB-LOWW:053",
      "properties": {
        "route_id": "OMDB-LOWW",
        "route_name": "OMDB-LOWW",
        "origin": "OMDB",
        "destination": "LOWW",
        "point_count": 63,
        "source_file": "OMDB-LOWW.gpx",
        "point_id": "OMDB-LOWW:053",
        "sequence": 53,
        "waypoint": "AKCAK",
        "point_role": "enroute",
        "overfly": false,
        "longitude": 30.724722,
        "latitude": 41.428889
      },
      "geometry": {
        "type": "Point",
        "coordinates": [
          30.724722,
          41.428889
        ]
      }
    },
    {
      "type": "Feature",
      "id": "OMDB-LOWW:054",
      "properties": {
        "route_id": "OMDB-LOWW",
        "route_name": "OMDB-LOWW",
        "origin": "OMDB",
        "destination": "LOWW",
        "point_count": 63,
        "source_file": "OMDB-LOWW.gpx",
        "point_id": "OMDB-LOWW:054",
        "sequence": 54,
        "waypoint": "MAKOL",
        "point_role": "enroute",
        "overfly": false,
        "longitude": 29.142778,
        "latitude": 42.170556
      },
      "geometry": {
        "type": "Point",
        "coordinates": [
          29.142778,
          42.170556
        ]
      }
    },
    {
      "type": "Feature",
      "id": "OMDB-LOWW:055",
      "properties": {
        "route_id": "OMDB-LOWW",
        "route_name": "OMDB-LOWW",
        "origin": "OMDB",
        "destination": "LOWW",
        "point_count": 63,
        "source_file": "OMDB-LOWW.gpx",
        "point_id": "OMDB-LOWW:055",
        "sequence": 55,
        "waypoint": "ARNOV",
        "point_role": "enroute",
        "overfly": false,
        "longitude": 26.768056,
        "latitude": 42.747778
      },
      "geometry": {
        "type": "Point",
        "coordinates": [
          26.768056,
          42.747778
        ]
      }
    },
    {
      "type": "Feature",
      "id": "OMDB-LOWW:056",
      "properties": {
        "route_id": "OMDB-LOWW",
        "route_name": "OMDB-LOWW",
        "origin": "OMDB",
        "destination": "LOWW",
        "point_count": 63,
        "source_file": "OMDB-LOWW.gpx",
        "point_id": "OMDB-LOWW:056",
        "sequence": 56,
        "waypoint": "UTEKA",
        "point_role": "enroute",
        "overfly": false,
        "longitude": 22.392222,
        "latitude": 43.912222
      },
      "geometry": {
        "type": "Point",
        "coordinates": [
          22.392222,
          43.912222
        ]
      }
    },
    {
      "type": "Feature",
      "id": "OMDB-LOWW:057",
      "properties": {
        "route_id": "OMDB-LOWW",
        "route_name": "OMDB-LOWW",
        "origin": "OMDB",
        "destination": "LOWW",
        "point_count": 63,
        "source_file": "OMDB-LOWW.gpx",
        "point_id": "OMDB-LOWW:057",
        "sequence": 57,
        "waypoint": "SMI",
        "point_role": "enroute",
        "overfly": false,
        "longitude": 19.430778,
        "latitude": 45.009472
      },
      "geometry": {
        "type": "Point",
        "coordinates": [
          19.430778,
          45.009472
        ]
      }
    },
    {
      "type": "Feature",
      "id": "OMDB-LOWW:058",
      "properties": {
        "route_id": "OMDB-LOWW",
        "route_name": "OMDB-LOWW",
        "origin": "OMDB",
        "destination": "LOWW",
        "point_count": 63,
        "source_file": "OMDB-LOWW.gpx",
        "point_id": "OMDB-LOWW:058",
        "sequence": 58,
        "waypoint": "TUVAR",
        "point_role": "enroute",
        "overfly": false,
        "longitude": 19.077528,
        "latitude": 45.126611
      },
      "geometry": {
        "type": "Point",
        "coordinates": [
          19.077528,
          45.126611
        ]
      }
    },
    {
      "type": "Feature",
      "id": "OMDB-LOWW:059",
      "properties": {
        "route_id": "OMDB-LOWW",
        "route_name": "OMDB-LOWW",
        "origin": "OMDB",
        "destination": "LOWW",
        "point_count": 63,
        "source_file": "OMDB-LOWW.gpx",
        "point_id": "OMDB-LOWW:059",
        "sequence": 59,
        "waypoint": "ADULA",
        "point_role": "enroute",
        "overfly": false,
        "longitude": 18.642056,
        "latitude": 45.270583
      },
      "geometry": {
        "type": "Point",
        "coordinates": [
          18.642056,
          45.270583
        ]
      }
    },
    {
      "type": "Feature",
      "id": "OMDB-LOWW:060",
      "properties": {
        "route_id": "OMDB-LOWW",
        "route_name": "OMDB-LOWW",
        "origin": "OMDB",
        "destination": "LOWW",
        "point_count": 63,
        "source_file": "OMDB-LOWW.gpx",
        "point_id": "OMDB-LOWW:060",
        "sequence": 60,
        "waypoint": "ZINPE",
        "point_role": "enroute",
        "overfly": false,
        "longitude": 17.14675,
        "latitude": 45.747806
      },
      "geometry": {
        "type": "Point",
        "coordinates": [
          17.14675,
          45.747806
        ]
      }
    },
    {
      "type": "Feature",
      "id": "OMDB-LOWW:061",
      "properties": {
        "route_id": "OMDB-LOWW",
        "route_name": "OMDB-LOWW",
        "origin": "OMDB",
        "destination": "LOWW",
        "point_count": 63,
        "source_file": "OMDB-LOWW.gpx",
        "point_id": "OMDB-LOWW:061",
        "sequence": 61,
        "waypoint": "RASIN",
        "point_role": "enroute",
        "overfly": false,
        "longitude": 16.675278,
        "latitude": 46.090278
      },
      "geometry": {
        "type": "Point",
        "coordinates": [
          16.675278,
          46.090278
        ]
      }
    },
    {
      "type": "Feature",
      "id": "OMDB-LOWW:062",
      "properties": {
        "route_id": "OMDB-LOWW",
        "route_name": "OMDB-LOWW",
        "origin": "OMDB",
        "destination": "LOWW",
        "point_count": 63,
        "source_file": "OMDB-LOWW.gpx",
        "point_id": "OMDB-LOWW:062",
        "sequence": 62,
        "waypoint": "OBUTI",
        "point_role": "enroute",
        "overfly": false,
        "longitude": 16.27405,
        "latitude": 46.378303
      },
      "geometry": {
        "type": "Point",
        "coordinates": [
          16.27405,
          46.378303
        ]
      }
    },
    {
      "type": "Feature",
      "id": "OMDB-LOWW:063",
      "properties": {
        "route_id": "OMDB-LOWW",
        "route_name": "OMDB-LOWW",
        "origin": "OMDB",
        "destination": "LOWW",
        "point_count": 63,
        "source_file": "OMDB-LOWW.gpx",
        "point_id": "OMDB-LOWW:063",
        "sequence": 63,
        "waypoint": "LOWW",
        "point_role": "destination",
        "overfly": false,
        "longitude": 16.569722,
        "latitude": 48.110278
      },
      "geometry": {
        "type": "Point",
        "coordinates": [
          16.569722,
          48.110278
        ]
      }
    }
  ]
}
